Time,V1,V2,Amount,Class
82802.62845441751,-0.6124228909008682,-0.8082638250669247,7.343646385346243,0
12402.85931594145,-0.09512487755346981,-0.3294411047248347,47.549683673614744,0
9046.947488395232,-0.2686216239380641,-0.6085918055692785,147.22423604210664,0
60603.00171005551,1.3690945827628513,-0.5696300765463775,59.7704953394409,0
171065.12815698254,-0.2885329006817962,-1.7849385328721046,27.175980159487363,0
70914.16910055681,1.411356861745625,0.16633886595065583,40.21303429521755,0
26248.785438924464,0.23173094203039254,-1.5151149362494807,90.17120306550352,0
82174.35527772365,0.7172635437832151,0.01775254617328601,83.80727883261157,0
4758.345193443636,-1.12728552370693,-0.21968704502383987,153.4491481846167,0
33154.67371139878,-1.1889411180533487,0.04132683187700316,67.09602544570328,0
107250.13091368813,-2.49116140815146,-0.6345213234339414,41.141589865203684,0
154145.6447346052,0.9262574910843923,-1.6984505684002509,14.482293799523989,0
75362.66423458273,0.7195994976248915,0.10160771869001077,7.741490794746813,0
3129.43976424124,-0.3095098859272293,1.209369178334763,61.50450430091808,0
74782.11679475258,0.7932624959550306,0.4453967721142857,162.26762428051993,0
59209.081319091725,0.1227289077054837,0.25287665751566707,94.7169562491377,0
3088.6159219339065,0.8011817639881827,0.10714532973756831,54.33408874852241,0
73414.22564760542,0.011369908798494166,-0.3596926657008235,4.446552998819526,0
71911.41088546278,0.1871071001250919,0.41809142750660166,57.05777558233119,0
163249.6934519557,0.3417539207135393,-0.5220342898417564,24.552808104904358,0
46427.44770171868,-1.6651252963040444,1.4844340384402286,131.98088502902925,0
45666.93827381287,0.2483054757359842,0.061788270229648265,13.134641459659242,0
151625.23706252972,-1.825657995664608,-0.7754826486844134,397.875988027735,0
36538.21560900292,0.4458388752292466,-0.6046808501274109,34.814740068138796,0
16824.999247123007,0.030849492756939163,-0.619871070624552,125.91372130384181,0
92637.452104264,-0.9057972133711476,-1.0572514620201034,4.621838889599836,0
21765.057934353106,-0.40615141657380355,-1.2581972900269258,25.715639642866993,0
20057.352279595125,0.26881235641215423,0.5396547743450705,31.793101672245722,0
134007.3152730431,0.21856888887371573,-1.0414312698645425,71.04290106438017,0
7853.13452300392,-1.0578366186102344,0.5673304769866295,22.448803907065844,0
145117.83495783465,0.25597714641877106,1.3011298521785726,270.39686492829134,0
134164.15961621705,-0.4929182749492523,-0.8565019571194227,76.99319794575578,0
60882.11497483879,-0.2434064747951195,-1.332128954630901,30.641273483600468,0
61509.50325572668,1.6826475940132972,-0.727949867474313,49.13107698239274,0
138505.6129333806,-1.3845180194249966,0.5765611205089946,52.54301777114294,0
160078.91444295898,-0.5416207633091875,-0.3870842444749391,151.1845286708183,0
56718.68066121705,0.09406984119152385,-1.2426201449449152,55.92310861511409,0
30612.128812869698,0.1028142431550689,0.16025928664166553,9.26506471972984,0
167144.46169598744,-4.99597362453094,2.2278870440198264,60.29066742940779,1
68423.6976760722,1.477720295302075,-1.248302801869318,194.0396133613142,0
114336.10246392386,0.3362629511858955,-1.4428885740576936,93.74835380620888,0
90801.26911109834,0.32889153672704086,-0.6031200882261201,55.51289389920156,0
8026.631318015607,2.0994075205025093,-0.9947717179316954,11.379733054877905,0
93777.88316974533,-0.024286495670025846,-0.5897592406671354,3.29153668055144,0
100325.6669280459,-0.06433764737916652,0.03990669451976115,81.58568882466892,0
88835.69247285769,0.4331840672715426,0.6826525072925881,89.41856037468294,0
126662.41852806929,-1.4560464933464334,0.9613603598188132,46.642377393311946,0
164572.43081449962,-0.23307719205082192,1.924845495123521,19.517562617865373,0
3786.6232123215477,-0.042824379075518997,0.24107897640581327,11.917453823986131,0
113590.68171899821,-1.2672766883727302,1.0828414339163912,90.46396371175794,0
54767.68504138623,-0.7245322690342489,-0.6693662391187534,173.17383628364144,0
111581.28749106207,-0.43473496812419127,-1.1363362231559908,4.290221500533029,0
166996.92427771518,0.7914974359729572,1.1494770608285296,50.57700995362474,0
136088.48203639706,0.878654850180379,-0.8038031800970857,157.05877034273985,0
46142.48508527601,0.9229775651404308,-0.11135440238551125,134.51641794429082,0
26754.38425688599,1.0844775248572875,0.34285346578164794,40.62250482000994,0
160315.5945361328,-0.6794449849177494,1.4852165841471172,207.9898717782119,0
7045.944460663205,0.04189592115427648,1.2354837695030692,20.02633023633601,0
65771.70511275304,-0.9728278925829571,0.16208569264677555,37.31884730740505,0
70001.74561436348,-1.4873744464039769,1.9440176500004416,40.26465201711137,0
136336.63563431308,-0.9652140767505479,-0.2786647714245878,45.36215117697741,0
145526.17708518583,0.8233568294771726,1.383057398581605,0.7164297437013694,0
78060.58144959349,-1.3942977502044178,0.4040491665329693,16.29715824737814,0
64533.532918931465,1.6038660672678657,-0.40505095294555277,173.65434332513203,0
63307.326521149924,0.008857703668895378,0.2315284802175192,111.78407596393913,0
28849.493735515938,1.3636072951996998,-0.15136290357574236,361.7072190714906,0
153641.30525683373,0.28092849694782634,0.3226706307420114,151.67697780137817,0
52660.98928272384,0.7528910814937849,-1.0084814272863163,83.23593511142758,0
133534.90131812566,-1.2814909728688244,-0.1435246694229566,17.056222191312614,0
37952.915661141524,1.3593852232307442,-0.5444010195789126,13.09613334398395,0
63580.1618250002,-0.35385896282010376,0.4766135070198144,142.47673097285116,0
53737.74519246643,-0.2880627983512786,1.0784261944729465,19.083782630825645,0
67927.2868224162,-1.5198927996189848,1.3065540677345007,189.8274457234254,0
133054.88597543995,0.5446245744993387,0.8982445728562294,55.491635719406034,0
93640.48370698029,-0.3001287868282,-2.0981874632712016,16.650379187045747,0
32384.783940062207,-1.3646763259005417,0.20792969196167435,97.31027630465049,0
102926.37437703549,-1.135635904757829,-1.4838058550333233,303.801470392311,0
156884.91156511824,-1.4780022553041843,-2.401946943950546,11.555079566330587,0
165447.017689783,1.1864155905176088,0.8349894273785858,69.80372298185418,0
54238.13162179672,-1.104145456663919,-0.30683174438859473,25.483987093435385,0
11484.862694139822,-0.0963846363148971,-0.8302346336672846,104.84815011332572,0
49971.59071994013,-0.5432015003763371,0.7848886874941853,14.606900915152005,0
54473.3743074251,-0.32732557507239574,-2.159268935319768,99.21555407397118,0
115687.34585824725,-0.5738199139101188,1.361037360932807,114.73183011438715,0
9778.001382152459,-0.6929570045312151,0.2594788230864766,23.009755985936046,0
9864.608732233606,0.021222650834258405,1.1961502215261264,44.37587259993052,0
128553.91935655857,0.14707682744597397,0.8039864958905025,16.905400031537354,0
22045.87632307342,-0.6181750421001689,-0.9298479483926507,12.240600103128532,0
135330.29526361488,-0.05171279056027103,-1.918589423559303,91.22181643268696,0
11828.2382034077,-0.6650318903039252,0.01620659948405166,4.040903343944087,0
61619.81921041633,0.7260359992293337,0.6145472376508678,60.3089327328736,0
38637.360896161415,-0.8373807896824669,0.3600164652382253,163.98392366118594,0
131607.8695288024,0.7775960617922721,-0.7477851043659819,124.29449876353134,0
34585.96220550319,-0.18859482914748824,0.9219366012853558,187.5051707375383,0
13432.54526754938,-0.8687675445729097,-0.27695909422716564,193.44429108573985,0
124194.48997170856,0.1367465026484631,1.1892834534396428,0.8262224529540982,0
45848.35656958469,0.17769804579023982,0.20650562514583037,39.757834608669576,0
86462.11230604888,-1.4297242430303712,-0.8959470035887789,90.6006564035436,0
118023.57044634646,1.0326575166220122,-1.502265252340281,133.95806627002153,0
20022.173485942414,0.5704873308635735,-0.8866650346843747,49.33525615798221,0
152790.87686660487,1.0440251294423797,0.7566424651069377,0.750804712716574,0
141255.3096272779,-0.45144539032493364,-1.796991647279401,12.28723211754896,0
2178.579451811162,-1.6819687839854107,-2.074959680895303,54.36606594321316,0
41587.86495003605,-1.686876951373053,-0.4251929532728843,110.5365807999793,0
64777.636141696064,-0.11717200497437547,0.1676813334492398,62.046122242774516,0
166513.5320410229,-0.470755099124782,0.6543556905962175,53.71870687855305,0
144275.9449189189,0.13259767202610107,-0.4138101186218971,35.362256297149685,0
112376.2786007507,1.4937097590055342,-0.08127954801358575,120.16529256761001,0
139995.8363450366,-0.19559323684922542,-0.03816958696642825,6.836445477044523,0
12475.885071601586,-0.9331190886861417,0.3339450479990393,54.34051442013186,0
145872.65358187727,-0.5744867054162757,-1.2883514192040415,35.12045702376815,0
162904.0505705497,-1.700627249651378,0.9230872924501295,47.77424717765477,0
9854.250739825427,0.4340684871831768,0.35477286862800855,76.97481231217125,0
129186.9008944562,0.3849664160476343,0.032835809101306665,157.178704486904,0
53459.605646688746,0.006131450435226853,-0.7256174565632872,106.79447309728512,0
98647.61762986149,0.3939905721750079,-0.8796063091639899,110.2023197859717,0
72189.09721873722,0.4337476093485353,0.39412651043414787,186.19004593685187,0
49617.439157014654,1.5448414624182585,0.684104990934741,38.82385034437538,0
162511.2433761836,1.745858970273136,0.6496048651128858,340.098019366206,0
157815.9845411737,0.3915511752600938,-2.187380914976043,3.7942766664362018,0
167857.07225039531,-0.7598021319877752,-0.3469734531051173,95.97988512107744,0
69453.66187167705,0.8264223241917663,-0.07046034046599581,59.30825695423466,0
157110.12913648097,1.1932422751414316,-0.9436017159193308,79.76452524693053,0
134762.4943241974,0.8852563208659603,-2.470663282879401,29.24700898263308,0
43958.86516947116,1.5161161803550431,0.49260948681305256,74.33334452733688,0
138655.02835318883,0.35647710466949206,-0.60596298394751,237.57988629454587,0
121596.9369052255,-1.1693152650864689,-1.2675777045330776,256.97518426013653,0
69721.51144786553,-0.13339032211162255,-0.10712721717067626,36.4056600544191,0
61694.670638018106,-0.07296943188127829,0.9374062824694956,73.6181473963364,0
108906.71952202408,-0.552924016236234,0.6690752544963648,67.2357610701185,0
172411.09442096268,-0.1045513885685264,0.5210038966049031,24.405071633736217,0
1564.559121088105,0.9905668274427895,1.2556775257411008,60.09143514261722,0
89524.01080606731,0.9466183083304367,-0.8725945264061531,46.93163519771562,0
150465.58293988998,0.8468399454691652,-0.7567803670208672,3.538963675385018,0
101667.26378588889,-0.3874886632696904,1.211265496493013,74.54393012219522,0
132254.78927466943,2.5460545359427917,0.2575817492104368,131.22005002114454,0
169036.5315213893,-0.19572497908388292,0.9308732890656916,4.012256219009377,0
84297.77024440536,-0.48016958420723416,0.3299587878404347,79.25963841799057,0
49886.27771397694,-0.30226939208252646,0.7060669498554304,58.204140052347405,0
23763.619148427635,-1.980836470922634,-2.1286491245185197,215.11518368027987,0
161257.8391648081,2.1773203810422213,0.8266517974324317,56.06419275959979,0
62650.33284541153,-3.033989362145269,1.761501893492003,434.2119699714816,0
62640.34292704547,-0.9603530521421138,-0.6581088093827662,112.23005620434034,0
145958.26909079077,0.8219214824159002,0.264824242464778,252.64730818490887,0
61314.944637858505,0.6039170414833746,-1.0425831535338261,18.144205117659524,0
106496.72396796512,2.2689916116594535,-0.4786921889391912,87.28457673303095,0
66416.5506569705,-0.9265132547797481,0.5598117619307609,63.90406306270215,0
83493.65318060192,1.0994637713956532,0.48801348637600983,27.69136758037443,0
70746.40600998077,0.2149259647767057,-0.4027572899064173,44.08917359310707,0
110674.26008798584,1.3339981858769252,1.090979027619465,16.248593471420566,0
161373.60302882196,-0.16176728116566902,-0.24581912671105752,61.90192708600393,0
53303.31904138284,-1.6037294750298954,-0.8033787071662901,87.19062174681378,0
19455.632616244802,0.4423362599761972,0.7495825713736299,15.334009921523101,0
21297.16076530489,-2.3112580260321627,3.565147556056476,129.5562116918196,1
134170.11875515242,0.1929896417729295,0.21112477684466674,6.566826738085329,0
103872.67402922649,-0.18969349345240752,1.133688498098509,17.65896430585924,0
26195.62892545717,-0.9907369187412842,-0.1371649108741167,59.36025634475108,0
43373.039027725485,1.3486931986455122,0.5859917689787818,59.94926734598249,0
95240.4414191491,0.5644982040474971,-1.402929072413111,71.08789081813325,0
49220.437428426405,0.9475119085755672,0.2819343032051621,45.898815215165484,0
137075.56135573037,0.8234231845623113,-0.9597323348329341,26.696230073943273,0
93023.75979458728,0.40861074756391724,0.5844887886474618,41.21101697527515,0
114659.2578844876,0.18745938208891083,-1.7849439691918576,13.71475655600613,0
64400.57573972786,-1.744532888606054,-0.07790804633131841,14.432653862093675,0
41396.29470725283,1.1361913746425423,1.8549873574806566,19.834298656745943,0
30324.953211498556,0.7851265854600545,0.562979181904856,0.84345723043914,0
162270.89830302846,0.6255845936750005,-0.3152781874521438,67.51365535450643,0
119652.96694885107,1.847866995702103,0.9492573018529092,53.245359968347984,0
116470.64201335938,0.24784628190182476,0.6651060515214794,104.06612646220431,0
113041.37113472007,0.6970509788397266,0.27509347694375413,14.532654364320733,0
40092.74155736249,0.11198193262125772,-0.8063312188796102,125.84504838664189,0
32001.79412749846,-1.2451505759600856,1.2814953992534124,48.899888893920824,0
117079.30381690711,0.45722481194934356,-0.11226376719129758,47.09489196706241,0
89631.53182896682,-0.17022379197117923,1.218665210788921,317.9967504333372,0
7458.032785059552,0.6763570476749083,-0.5850631713965995,5.529850647131916,0
35160.08990358456,1.1119533608604089,1.2757718207583224,62.845347960400886,0
117941.60900811829,1.1748140575856918,-0.3398211683082972,40.65896483269509,0
149125.85245881308,-0.23186850662578992,-1.5075851347639375,454.5361533799827,0
137512.97327855826,-0.4466430468146064,-1.321209231856129,36.969848938563906,0
126768.56496101027,-0.3825838427224335,2.1775541886807726,10.576262459936498,0
163300.1583595223,0.5080877144207865,0.03946219930393072,42.98647597841848,0
87595.85167980503,-0.10017276878675659,-0.530010758779966,20.74883852265444,0
57756.381470679305,0.11650805247587083,1.5378549513264816,177.63247023358443,0
5430.963286667678,-1.1419418191613115,0.8052398579044068,52.462341701012186,0
90108.22557107035,-1.5703258142530165,-2.8439436647717677,10.780695810091414,0
54237.6858336429,-0.47548474118944284,0.5772056525279509,43.95664320682362,0
117053.53284479721,0.6632733812644779,2.231496335202466,36.155901545877526,0
86620.43139132604,-0.9427752402304745,-1.4554734756173158,46.744503855502,0
140469.2943776774,1.0073043574732625,-0.8590773163652565,69.37909902366565,0
1612.5039061217215,0.3852126522593542,-0.7349518768353778,20.395804083015445,0
44565.6085133656,1.7522919091220317,1.15875483450987,60.01175017183742,0
5606.227476953907,-0.2137702480623489,-0.8359397761665085,50.59789146084792,0
17322.433411313083,1.6756362938455622,-0.9739670442491007,31.822588030391124,0
18213.35801410868,-0.8228676049979778,0.2906664931130496,4.284175710512083,0
3771.082962804586,-0.1929813677606896,-0.04128077339237078,38.78029955934005,0
38100.0169273263,-1.0356040560453943,-0.8879629366016216,4.7251804869113405,0
78143.26018575867,1.2692556718986205,-0.8410484303982945,67.34523057234382,0
168878.80650093182,0.3367122954206112,-1.3962291302361909,9.957984276666352,0
38230.04674587985,1.2354317757568007,-1.0110371300457306,26.748879934738437,0
12295.701310102804,1.041732852654597,1.2796141191777477,31.469857075588884,0
91807.60637104104,0.42076656251858635,1.5287788357103074,156.86124435569556,0
5794.404722342677,0.5105353784512363,1.9684512893602903,182.81056982827326,0
41799.16122270725,-0.08857106726878992,0.5558584593174067,41.78726628369233,0
14883.633630203962,-1.6840040177961646,-0.7172829730156689,36.260657159716615,0
11502.38498357771,-0.2694937557039864,-0.16713608416283599,162.0626211162682,0
19178.98028008953,2.5031717909057107,-1.0300950764894898,147.4193038541414,0
11481.4963046779,0.233285041087872,0.7162624964685291,256.48550430306517,0
107054.12736627321,0.5385031566390435,-1.4198253134575696,32.56031113038802,0
73633.74991814548,2.580291898690775,1.6318888483702207,35.61297941855124,0
46321.397134193016,-1.3496496702201406,-0.07063397965197407,229.8236357536236,0
63667.97336158484,-1.6188225719864404,-1.3882924314848524,1.9758645012250629,0
77069.79756713475,0.6428554939629476,-0.5868426795241861,14.237670233212006,0
29498.405180396574,-0.7193216868081737,2.1639763333015805,77.15218483813806,0
25711.943513203983,0.19366176451679923,1.0177959690359604,60.35212790479722,0
74141.97741550067,-0.3277950558774631,1.3597718933283136,134.934255940541,0
112715.99687668718,-2.355703490127358,-0.6298673491373752,98.68597418024945,0
6879.4167362262615,0.1834542264722327,0.9088890363692873,115.1234873716545,0
163967.42083737598,-0.38045590416635117,-1.271284249114102,80.76198136575796,0
169442.18963609304,-1.6713322676347722,-0.1350446018627742,97.07848662156641,0
120514.22218025394,-0.19906255375986986,3.285723713681842,47.63065886785481,0
142744.4865076369,-2.7452995536723845,-1.1871303322833242,199.39355559572448,0
90385.70540010382,0.12631251458699935,0.2003947848763514,67.81489525462929,0
135110.74976586254,-1.5256149300452442,0.27838569532088264,13.735654340383679,0
144481.1391142126,0.9068341463729263,1.4007772761956514,64.70951768675381,0
80387.5298026265,0.6712701367053535,0.5201764216002716,10.575048947520406,0
106580.20743691911,-0.6226138999593189,1.41484013645926,5.776663414011118,0
69861.26832564139,0.2944189776840481,0.64837277770979,160.08786574635576,0
45892.71353524713,-1.5285912962592862,-0.0386517688273251,126.33474463453562,0
37293.873551454504,0.4494335159472622,-0.1636336708574914,81.94054119364135,0
72394.17814439574,0.40073725369161306,1.8344313331400877,67.12181931186528,0
128811.94113905221,0.43100969213007667,-1.2648888441027084,38.24543489420507,0
113816.68213359173,0.6037330161902218,1.5839364409634833,259.7219972472258,0
74356.85863862715,-0.3884799067714809,1.5922250736487749,70.24461180639403,0
148895.69207600463,-0.7920035740952445,-0.383943622063459,34.241443842606415,0
137343.39325199684,0.18209824581586204,-1.2652120359981966,96.17049703553354,0
145726.7617937462,-0.664700905151014,-0.8035309614270922,62.72730270414878,0
89722.00583081944,-0.402833428474804,-0.6760510882885871,19.966541663960093,0
73515.41659291682,0.7265116223360603,-1.222362807004254,15.004367164951534,0
158541.5536932079,-0.8324766217233888,-0.770226983110142,24.988810786785823,0
57851.54643870936,0.9753357348887596,-1.6758401645518477,144.3184334954091,0
82261.50950000442,2.045654547677154,0.5679945395242418,153.6506595490928,0
91949.21025384654,1.163000969705304,0.5053933762204632,18.351602721901706,0
82689.7023220935,0.6381840407282129,0.17215866960644105,58.88869175810424,0
47679.44158895849,-0.04166002338133474,-0.04470875675958535,126.79912930304197,0
27569.320723558947,-0.9910911353316136,-0.2629749140157042,62.68663194656016,0
104005.13868915646,-0.4957059465748997,-0.8130228521688223,8.203629959747094,0
119949.2191024988,-0.8582160317716268,0.6012367881516733,20.802454648165845,0
21100.59314093263,0.4449683153761758,0.2898300418707116,217.36110329193312,0
79743.30588715406,-1.3449277870651724,0.8742401692332417,61.55019295262582,0
55443.664987172975,-0.20103877186663505,-0.3416184667703161,60.7949640587062,0
12677.31085701934,-0.3362037366667643,2.8906429903991375,21.302831919381106,0
24759.03606381638,1.6712624603036346,-0.44928534793580827,244.3610976947979,0
45465.85208059365,-1.0820177850419361,0.6802871657177568,34.01855810114006,0
995.0965340754074,1.3558053394315013,1.1382814448895793,0.8886057479636107,0
103792.50429955589,0.21411098228613354,0.7577341142099038,182.99698050072098,0
113862.05716207415,0.6351000115979253,-0.46812453379619046,97.3674047608932,0
25449.21738180131,-0.8555276879406237,1.9212374170896127,2.003004446910278,0
60020.92677752802,2.0221741000873785,-0.7483831806910334,24.30686285544203,0
76296.47063731955,0.42876125888076383,0.9092873966936939,360.341587461686,0
79925.99894780795,0.5269813913637531,-0.5246687805653643,50.71720359568732,0
124000.89390573285,-1.3467856621154346,0.4022623446643774,137.55249148584747,0
41799.25352312738,-0.39320100368219,-0.40867234570604166,31.674075300025027,0
48646.8630860999,-0.8251658997455379,0.31126169966750483,110.37154831175046,0
98545.58301278428,-1.8664481527634753,0.016707384737974892,143.55231207033503,0
63324.553225777556,-0.9073265593722656,-0.5643029458106261,59.484185362675184,0
71561.62123699859,1.27427225873437,0.8023327778844658,245.33230400304,0
47652.63579383448,0.12079023250111028,-0.0971895438234364,36.96178661430632,0
101237.43544476811,-0.9621412281903847,1.0028097519551404,67.29891200445292,0
113123.63869043694,1.705362356513084,0.743009694050077,51.26541712693992,0
48150.10902008646,0.1540318416835874,-0.6361984412021287,12.385436082001252,0
19360.322294639445,2.585975175683896,1.8167932366623727,76.29665650930352,0
137818.21259010612,0.3916980160104727,-0.17798620795134507,167.85301877384143,0
64295.81365758842,-3.2727900986852427,4.1058995569144905,100.23582259919097,1
143846.08833031286,1.495458245242957,-2.0182341114311964,67.44901165265082,0
129267.04540542315,-0.5511162400406288,0.2235994544459053,220.6526494350182,0
150427.0597713496,0.6611529286613466,0.5095013828244059,215.09112628694183,0
64497.909593549964,0.38420922164946225,1.1400132864007855,31.25250023596479,0
39439.07081171121,-1.6653846382409996,0.38582148643222297,48.63251557461907,0
160556.20713417957,0.47758881955300486,-0.3778694539613512,33.3776164684784,0
170489.68524728875,0.32478159411011454,1.195941907435307,50.408688019421994,0
155000.78600217024,-0.5572813096145535,0.8090542890877785,130.85051793560748,0
111493.76990595792,-0.5248594603244346,0.7204568950760697,41.43055337404418,0
140758.51165598282,1.6478776057836733,1.1490146960523997,38.460903528977084,0
39736.15589797969,0.5737671099019008,0.7422885075783037,213.2210902851921,0
160216.3272060494,-0.3171028325739657,1.3212111260775763,89.75261579964256,0
72091.02272795881,0.6232358966388174,0.11784432614130065,8.106727027791079,0
73644.12902637612,-0.19308207400661265,0.44228163833030987,60.385793366226544,0
108592.09170300064,-0.34610427178001524,1.8286252624418249,83.19949969303923,0
116893.6595527154,0.6054045047627467,-0.5844934327943987,259.5384253525611,0
96930.08148131474,-1.3477092303094034,0.20103350371657064,82.94644695943566,0
107158.91290010554,0.09293565268297786,-1.0563081304757531,122.62914464367401,0
57993.48649782882,1.315821840016223,1.1120606800331574,12.151839611591281,0
8836.193913195006,-1.3517075320246466,-0.2610034893516796,74.98687691554433,0
77251.19796975031,-0.4839843396005531,0.14663258764617476,68.67193633040023,0
112061.63291650932,-0.09734596889273275,-1.243673114188842,296.6696206006481,0
62740.62081768415,0.6297395144087381,1.3495463138337433,172.14236882609404,0
116288.63234975791,1.907490672553268,-2.431121163971628,11.345455390817367,0
81003.10443226661,-0.8546246417550657,-0.10226635021759252,314.81669144615125,0
113994.47916238596,0.45303965657205897,0.46326956914752015,146.47876619620337,0
106604.97149532825,-1.2628647537281779,0.6867754890476648,4.775967023970152,0
20712.73547526039,0.18301292831148205,-0.15308373300965544,9.230640294114203,0
167595.06125508,0.1686513676101955,-0.7243851651221698,33.015811234451014,0
153939.83644508774,-0.4093202145866852,1.153327763396889,70.52667816795854,0
82016.21532956784,-0.30971081180657256,-0.22598154534406228,193.1266913169697,0
85974.88645084646,0.29008789963543236,0.6421210038765839,93.33938844112797,0
85750.13754446065,1.3493239278107392,0.536824683955676,41.779259487879855,0
59459.03156438359,0.4003682894625609,0.6209975658727354,43.98309870929131,0
125947.25722424682,-2.2484965344996555,0.5115555285220048,253.80059128355057,0
93768.99287746924,-0.97826564926624,-1.504148530947979,4.530054382355588,0
125449.32844545906,1.2450410082232566,0.18111228888942987,278.9242889115832,0
34433.91414146318,-0.5060892911918885,0.18964795487489794,46.16919469522275,0
45489.14147831233,-0.09024288144032204,-0.9500418802658166,81.6267438279805,0
85284.8490827725,-1.5057478005641665,-0.5508574703286617,31.800836611034253,0
152218.68374213323,-4.680127698788302,0.7124684651787967,103.66762184056942,1
96384.97452154031,1.4086194934459193,1.1828949388779253,61.29651440163015,0
62376.28939123663,1.6833145759275296,0.9026781426992484,6.595890238397661,0
51241.348446506825,0.38767987903284645,0.4153796225059898,54.93618088431647,0
135099.16358600487,-0.47952499463178405,-1.7956132206423168,50.757071315690155,0
157149.41823691945,0.049591827661585874,0.041385762307114264,12.34030756708395,0
22408.52743714787,0.4375062034730363,0.9310118548691044,34.443878203426266,0
127780.28350365207,-0.8247339795023627,-0.0010711335374141854,198.6805265868687,0
47001.359003504724,0.34355457703993575,-0.6845856191413306,132.03019505457704,0
156581.55442352445,-0.5412990949622398,1.7440102340757326,24.701595059384317,0
127506.52537941995,0.3775547328379105,2.0603415438368318,52.76763821426484,0
50666.821349425554,2.583573660166567,-0.5603531560598431,38.38037415225552,0
8886.38057007846,0.1602688574175767,-0.7997428881105317,14.292271339332329,0
6738.510972944722,-0.9681285978523266,1.511322799203203,17.657976180830623,0
28100.207118797218,-0.07878840008029991,1.0406424427996679,17.653150577919263,0
123057.28152816855,1.6764234178440736,-0.2952012531026962,12.740477658968004,0
113720.06328016182,0.3029623074987311,-0.3166834879634098,34.87780171906925,0
155168.29097529786,-2.2243841086088687,-0.34072077153208186,43.50760763223117,0
109181.47026294131,0.08739142892012171,-2.0527824331705253,4.448481911476909,0
125960.69377817117,-1.0446665306312433,-0.23681784303685838,46.31194018395329,0
161054.456632131,0.4205367059040693,-2.2259354179580777,308.9206314728641,0
155720.10421284288,1.0064110400265547,0.4182150782661971,384.6972265720311,0
68633.31391806899,0.2674753888980612,0.17001021898020968,18.79540121780424,0
127257.56391595211,-0.13080059372695568,-0.05191835877606092,8.144457610077836,0
69721.83928150221,-0.032481035842094615,-0.6248112045358892,109.03967030669828,0
14634.14547605302,1.4744973675705146,1.1349242815991982,31.618340930768014,0
167422.09339336748,0.014108356253124855,-0.6117678621927194,162.48206858859822,0
87424.9898664197,0.38416017796747753,-0.30638136416235745,31.911326508184242,0
153777.03143550263,0.6427171526314838,-0.8452301054368538,21.87699156981476,0
119139.54666691952,-0.4134487034717953,1.432988276709578,33.902180344894994,0
93432.6967642405,-0.15014783201743892,0.1609754975871555,24.698159902253146,0
155064.82160867302,-0.26867787752495675,0.47781415292065516,14.650715733689204,0
5264.12499418831,-0.1305754572951713,0.062446976663129296,40.86376115698476,0
79614.76612176125,-0.8935809679780109,1.1227712402333418,19.351505641967538,0
156571.8440511618,-1.165974185680461,-0.4040694502524733,124.32611864588189,0
90431.36027045129,1.794524848392212,-0.21048803053703335,11.962479900652488,0
132375.99338530027,0.08919819661257138,-0.5402855278956832,42.05640534008272,0
74652.87068833063,-0.7480909828486626,-1.5733469496057397,27.86122764214181,0
115964.89754445666,0.07142083258109318,0.3330021294490398,51.6206076824245,0
134758.25088077085,-2.4874567587061294,0.10076282290159877,5.973315656773177,0
5270.443189467741,1.4854773692725496,0.4438928390428866,29.131697023441887,0
28955.49799181872,0.2201291874877759,0.7070588584012034,67.6909116444787,0
147076.41683811287,0.7570320650539775,-0.5893365645851804,105.1222759917424,0
29668.707251501684,0.3343747468732986,0.5079326699620159,97.40566759055913,0
86941.94548263916,2.45987198502938,-0.30924390763272963,116.25745720456693,0
11722.243813373705,-0.32351494678445714,-0.4899440209739625,31.03786445561754,0
70831.5649395186,-0.33551583203306606,-1.1154200035302062,44.91153197764227,0
15760.414606813696,0.5838830222840011,-1.9633586432655206,324.285075736062,0
20665.885698138532,-0.7329260381085351,-1.7420539417718304,3.26852831973812,0
102852.77773712396,-0.6900125998145852,0.5559874336901389,29.411411252664927,0
154189.8716785319,0.283130822319525,-3.635200227540102,83.57983845298277,0
29958.957266933634,-0.4362630321800288,0.16700292169573833,167.44827044868595,0
30994.217051709966,0.6352455366039567,-0.39284389076720727,343.09679299129215,0
34503.62955696456,-0.27037139913579117,2.117730003008565,26.36704208288782,0
20229.180438690295,0.9557039711138672,-0.13352573545248822,110.76798887382117,0
115541.54840294167,-0.7687664100385205,-1.3550860657750061,20.934740895894006,0
23365.551809581295,-0.09762069577407609,1.4218930887043426,58.74094180795003,0
2867.1806533129143,-0.19399479256662508,-0.6763158635773625,175.5273080557919,0
17449.016858109117,-1.67308401250574,1.0876069851989536,48.913352267139295,0
18468.332310771733,-1.8596630405497985,0.03178390487063994,143.84353739560478,0
97689.0679899742,-1.0345979596066548,-0.5017577611697203,29.434049172314772,0
156020.2551691754,0.5025462464541818,-1.0581509924706867,4.150442125576326,0
50691.4712250065,0.6550780176305259,0.47373166076865714,193.54735549937422,0
40470.34249607054,-0.9723350038161881,-0.07051955272741914,69.88261812596937,0
29288.346627356783,-3.2415138253291205,0.24527693221760752,174.89821150846794,0
143236.59393323705,1.0507742904721133,0.25318369569929894,9.385770941424763,0
111554.87295065956,1.1687227942312366,1.038654287319735,23.620250573195186,0
51210.59561509623,0.5292999339436693,-0.4167054835910575,126.92193465285482,0
47877.566350475456,2.3016748520507746,-1.5214329809143075,27.077849406431973,0
154325.9874577677,0.1794141710488413,-0.6625171463067404,234.58065305385483,0
35768.317554160145,1.1874271516819999,0.2123800860234896,9.873155587159745,0
37880.17701547006,-1.6755804496240945,0.792740176305772,39.19407686058232,0
164402.49753331032,0.27168358450003066,0.7733998160676113,35.78280253274295,0
43599.986404154435,-1.658774625086031,-1.1127640783210544,66.58263807727306,0
120264.34281299102,-0.010352289907736689,-0.7767739091870604,53.06278955962577,0
133215.29475449218,0.2726335143194143,-0.4507844930934654,69.12741684162177,0
46698.80120019935,0.9606132325034853,1.1574219459938258,67.65048966741513,0
104905.84943614132,1.8480401917708498,0.5390414967527589,40.727792408633604,0
117942.99473096474,-1.5908458568586958,-1.0594214070820567,35.28067231731064,0
127651.36044555067,-0.22467990162987012,-0.8857356006337547,115.58155920303055,0
170534.06264456938,2.209855665748464,-0.5442882931554857,1.0626567846523274,0
11354.45289321929,0.22525668198359955,1.0982358035234265,77.7342574327944,0
59649.213627799574,0.8048559381800797,-0.011006321628407697,48.7524773096466,0
114896.74599139128,-0.574601858183391,-0.9550822881358275,96.44022603145169,0
6248.513754678894,-1.6102631187918002,-0.2124587250342695,8.18079055166533,0
140775.14961388614,-0.6560347582406549,-0.7274648064542795,62.01344464172848,0
125011.78292448017,-1.667665266190862,-0.672218872552405,19.476492788284432,0
170678.42894638624,0.7654021560133495,-0.2242409555481863,32.282967341142296,0
139178.70650303763,0.30124248009139015,-0.391178163635721,65.57757114994459,0
69267.12481675697,-0.3283752594168024,-0.5869226054450949,150.74449342997204,0
88323.11526019331,-0.526482354794923,1.0634357218674595,97.63006397859799,0
129645.92400863195,0.42262861719256595,1.4781839356390019,98.69480225703686,0
87299.73047404308,0.20968606357448813,0.20188719429148277,11.497828890924204,0
126628.1069356081,0.9338104260749966,-0.19992992311841679,170.49318858713966,0
144961.5893378574,-0.23927314715185138,1.1169794276401286,376.7637933366581,0
30661.5531651361,-0.8509750806815649,-1.1081746964847465,300.1058781518008,0
35782.699831635786,-0.6401465050936997,0.8873089624597463,70.1948471297463,0
93309.47361489982,1.0219631550600035,-0.4211027721618318,65.88348890136811,0
151427.99804699144,0.3142674218011834,-1.081109347824113,30.087441269409986,0
157238.17525803894,0.7125044420921607,-0.2202095296340774,103.24105856793331,0
99995.11060130959,0.397637501776279,-1.076816973627056,64.26095159472483,0
55177.39657562369,-0.9702713259082388,-0.19200127026141986,102.43311244727049,0
94062.79658321069,-0.9115933765861459,0.4249196023936837,5.850320176444603,0
13302.128418415428,1.9853803952602933,0.8543693203494214,298.275564771324,0
155070.25660597012,-2.392139961676282,2.5341627285260926,178.55509858347796,1
101422.62833337914,1.4224229552858216,-0.05434084103664975,12.287835050069605,0
124127.62710428229,-3.2325654325124336,1.545226445884819,1.8595466609390492,0
24688.966119450346,-0.4112604304834833,0.00692472104371437,11.00540001475853,0
171634.46666508817,-0.31983226412807936,1.3888001036195767,81.8964354384285,0
119662.76044844213,1.0864801228903818,-2.2993576962370614,9.222481274204709,0
63681.35219546592,-0.10200628012726169,-0.31257742539469074,163.0140693971668,0
79361.02607153136,0.9878615824065092,1.0823787113234427,123.34667534764556,0
77194.33379181629,-3.150041788412004,2.028790415768699,63.740694913441914,1
7062.096890847548,-1.0553241585924595,0.7069550099205425,110.56299344787318,0
24131.73682189087,1.4239538455411669,0.47729600880942324,131.12986967111325,0
20629.038759240404,-3.779511717305453,3.67484299056102,57.17173320272823,1
77854.02658158416,0.9886087934991747,0.2606561547052026,66.10360698543717,0
31317.073833426075,-0.22056594026731396,-2.0443304762010746,48.38373520567763,0
13263.793094373928,-0.30462264835473557,1.32240432481173,15.06889394115778,0
87411.34534207605,-0.115188328776479,-1.7383975785217862,85.1477031168665,0
61710.53632712689,1.5783426774972855,-0.21761542271766712,83.89220349745338,0
163416.6398016488,-1.7599588821492502,0.5356402250166092,58.19043821109374,0
39074.45723994331,-0.25083367181123084,-1.1784367129306756,139.9174700331266,0
151887.55396877578,-1.4193843557960406,-0.3993300229002119,34.024108395200344,0
1102.2987006588692,1.8752253884833885,0.12809888435898667,181.2225633241448,0
66827.86784073287,-1.874892064047533,-1.4264639114237452,7.981428960643889,0
57402.610522376475,0.09600926799704997,1.961104291291467,14.352979377584738,0
19283.270392612365,-0.12049741389935952,-0.685934503949618,21.21000216061828,0
149144.27199130255,0.10172320847176979,-0.8155917712191499,6.85070712197364,0
122184.54327168544,0.9622105785810979,2.8740826980099135,95.92212470737407,0
17460.716142639747,0.21498281745454795,-0.031160364801477616,49.10733815634659,0
114365.81200597262,-0.568876975197369,0.2113806546459647,40.83682515364009,0
15144.6666407913,1.46644239118858,-0.06439754062470791,24.077506337229245,0
109970.15676769274,0.0490947313056715,-0.6068253417863988,18.449926738381002,0
18837.552782752482,-0.733391370914118,-0.3933924379557356,9.700198263344236,0
98203.7266563695,1.664641821966275,0.9007751317905579,56.587612736789744,0
96988.69974000895,0.9778475646543314,-0.2537097350663985,11.046818267000862,0
10832.766616258421,-1.213463360152923,1.9473042288896751,20.878259209353235,0
5382.5632346979755,-0.4908064664964202,2.728499745296607,95.6906899838268,0
84610.49633833524,-0.32763343730996075,1.6941757581910564,6.468743152875131,0
42977.82630314245,-1.614749862291331,-0.25731650058926747,35.180370467536505,0
24063.103431596846,-1.528587982263667,0.7179313858226648,29.5862487450105,0
98071.05857959724,-0.9001602278736629,0.7664559598497087,266.6728716357206,0
81438.42252640284,-0.43884999047817147,-0.8142046773853758,109.27401688672018,0
7330.573130150885,1.4717088983618904,-0.644622131078473,56.76362461641121,0
4315.103213826171,0.012575769600314238,-0.39026753093161815,25.57725749085985,0
21541.71131192451,1.4781212260994843,-0.09259939526839296,151.3183148433319,0
11095.304326583171,-0.17117936979639942,0.31138993769642714,159.25067224472383,0
42020.15460470567,0.06573766004728737,-1.0418869324773683,52.79065324283843,0
106764.00310676976,1.2218046849767015,1.9473284869042828,506.8910562946644,0
83633.36282146031,-0.3536525548815512,-0.13856762339741077,177.49274065550765,0
86507.8735225682,0.07166855388024412,-0.27867890283955715,146.42446866080397,0
153708.93694836227,0.553627409358232,-0.9045912137130739,173.68861213590412,0
46240.014538593474,0.46215409605967733,0.2445980696492174,244.05871118330535,0
123977.95037773842,-0.04877626450061687,0.2995204194161605,15.541910200524153,0
147561.33003411218,-0.6299700318556897,0.32876685144105805,155.0430254086396,0
109101.76893677548,0.3651810403026461,-0.16295631080584103,35.100260235388674,0
148009.63226364175,0.08286484186899613,1.0271915600404138,80.26170791674247,0
123242.14943123634,0.28815004154025464,1.0560416064585545,188.68826277210283,0
36800.20710873978,-0.9846336870179554,0.035843294858049234,533.5315780697302,0
76989.59517459874,0.5881572644358652,-0.9096321727447022,200.2817093307501,0
63811.7170932455,1.419064413357521,0.9574098452321899,236.45292461412276,0
2091.418578911363,-0.39222961134402384,0.2896698121381407,248.37173436359578,0
122294.24932622875,-1.5772283709195007,1.125679932123462,195.70854395420974,0
165814.84413867458,0.9877285159245996,0.9384114238732918,159.55874251395196,0
99268.95395748877,-1.0886934104763422,0.3777117601138336,12.287479526868086,0
146745.80533339395,-0.02518868352947947,0.4307399339818508,5.300795161985886,0
96176.7524451721,0.16179154060272016,0.9865140038042008,84.53681765105334,0
72511.61174901683,0.08036232596303014,-0.043545672078880604,167.8217734861968,0
73992.89345914623,0.2075422948887419,-0.16392597675551596,18.658919395015136,0
34949.522394639636,0.7834656483247346,-1.336722084146622,2.9371182343838953,0
168272.71142811544,-0.33123930887839503,0.915529791724743,10.8946050320408,0
33819.14420921936,-0.9653962101329223,-0.8480669268854175,52.75435946822834,0
157130.56547921355,1.1328046971748071,0.24107607880329518,96.68289364515628,0
137666.54543466913,-0.5029096500380191,0.08202992938811553,102.29618651137751,0
94821.19880254609,-0.9085025115121911,-0.4135312588093302,259.64352849233813,0
68749.44751510416,0.41905073475346005,1.347678085512624,16.027073251960314,0
12194.279550794277,-0.31667954593424946,-0.4291822902276543,67.06647933871297,0
115234.14370396682,0.3090468350240348,-0.9311652607769599,63.712247206268415,0
103232.98405502927,-0.33304762097552243,-0.24251644952602194,153.6027820512981,0
164320.46113004038,2.0064086377129366,-0.20375951349442029,54.99192755402061,0
160114.34162790622,-0.2631612720598266,0.5379836721509411,355.92123590448267,0
118894.27226240946,-0.5638483318598599,0.435946323899337,11.59637747012748,0
106812.55995112439,-0.07567107265706344,0.753601109159814,86.56082802091996,0
156444.5909300078,2.190417001188423,0.7255901754823215,40.795236308084235,0
92095.10551607073,-1.28950006972398,-1.4899362046402225,25.05972260897667,0
138897.4850755445,1.1711190647375707,2.4254125918038927,216.4999704945337,0
58747.138063473285,1.5095239926988544,0.22731379549231806,65.59083158249038,0
155241.18142572124,0.749698021444869,0.25158791799884483,36.42812295726319,0
55849.4666531865,0.15060249284463378,2.170452178944556,41.64041702033559,0
27899.913726300685,0.8606854213686301,-0.13242558494333675,10.476844427689258,0
121768.83580089256,0.13931963072955983,-1.438426718775404,10.725097149711091,0
89867.7540595257,-0.5106084992975795,0.23154106881380565,66.1908167391119,0
157656.3861225642,0.4283529137714487,0.5933365996313634,5.904890910712619,0
62005.90765654123,2.3059465859677397,1.444850287259808,99.4829216872662,0
71461.28474358075,0.3812446551620988,-1.135012098186069,6.899836807146128,0
46992.91267502744,-0.705537947278461,2.4359851242292434,37.995950196347245,0
113826.40797202942,-1.0033018309754966,-1.6101697979934344,45.47466448199365,0
124883.76229025387,0.19731341229026655,0.47057145940029743,5.1069656767180325,0
47186.63596330198,1.612868370707128,-0.1341533269924053,5.509005653053851,0
158511.78583987555,-1.087748675353668,-0.021332381631087506,61.56557808876759,0
46889.11269052921,-0.35208774745388094,-1.4597866719179988,225.22296434226223,0
120272.3627996953,-0.029351702115694548,-0.5218305414881482,19.19556005079194,0
104678.65430542489,-0.5326067566734964,-0.8073800562841116,21.50591657499119,0
85327.87905176672,-0.5652587392104036,1.0129428846697812,50.694627121294644,0
167495.4781549803,1.3523625459261506,-0.8850286322627987,127.90656939551556,0
31940.07516524591,0.6067950250596347,0.30315382837627336,102.1513236821144,0
11991.298044242889,1.7347627931235772,-1.195469716665512,68.34011825951518,0
47945.896656472054,0.3683520038409712,-0.6102206925378539,61.56536416023033,0
167460.9344883322,1.0716803738905898,-0.7725086063921601,112.868456301983,0
99929.96341983831,-0.8727849535276425,-0.890831680130782,16.532118771999016,0
118597.33958735764,0.6731336922329685,-0.09614428792448947,58.05709381267815,0
114082.10669682396,3.377382919082646,1.2937531558659603,45.68441508438235,0
27980.295546046527,0.0005393626288786419,-1.8494080058784057,129.64368156920708,0
100992.77160608322,1.4744820073782556,-1.768263509501486,91.10042130100706,0
61399.25253628779,-1.509993170579207,0.95586060652498,192.31193105698287,0
44420.43321029527,-0.36584761545969924,1.4810324241844097,104.62142914421004,1
64098.606209661826,-0.8644303136735378,1.8331141483984492,248.16439473185895,0
149868.43792585385,1.542806773769682,-0.5047154618351514,257.15696471266233,0
146036.88313851482,0.913711652342591,-1.3515474542642338,9.047832919083925,0
6453.767015864251,-2.0474371857707503,1.221165750004087,17.92651091047027,0
152856.61428607727,-0.8001752986641041,-0.3233536694387154,9.372322511677039,0
78449.456655308,-0.6683581639908888,-0.07882587947345479,181.99354364628007,0
95978.59872813402,1.5895230361038624,-0.05305199192510611,139.46253896319655,0
49370.26769180185,-1.5704750453679706,2.079156698466804,25.3004730065344,0
74775.59470420497,-1.1130641011871776,0.3010012339184757,33.88518127323906,0
29170.36899957269,-0.7697070992378554,1.5837175456395398,10.562598922296768,0
83457.02109634939,1.4140291355619874,-0.8252128755457164,158.53621256074211,0
13557.165059599018,0.9948686937879384,1.9046798820816377,79.91557936579034,0
31302.607599592757,-0.09621226204057896,0.14147895293467364,97.37994441548763,0
95927.11835095097,-1.537026001127929,-0.7223001879535923,47.69104596295563,0
76741.0946334637,0.7091143896332839,-0.045642853333795405,2.8515683304069643,0
137590.52265354848,-0.5237042828895252,-0.6825400461535457,147.40057451752853,0
75717.26436931393,-1.1617513001764113,1.2917156075212395,72.01476759697047,0
46340.53074632102,2.1772934475490655,0.6967578627143014,36.642184249726235,0
112.90592355256308,1.1760109851977065,-1.5251056410143606,28.545550566074947,0
13109.183097177125,0.23782954075833587,-1.7367268177644393,48.98835550978925,0
119590.32620581095,0.7639029085756444,0.9733374496134207,25.52920542476537,0
18666.85031378347,1.2746531240383412,0.3081283365365046,39.841742574032516,0
58312.099405018766,-1.1037585626023165,0.24551844332736034,149.92251296052467,0
109451.66762593022,0.003060116738572855,-0.2377233733471127,54.117485389840766,0
79232.77593479071,-0.2153882888600766,-1.6455122451253463,47.297250505156946,0
12700.237938626187,-0.9972649579684154,0.5858129835546556,46.980108856487604,0
74247.55718776956,1.40904596641209,0.768116952430694,54.3360764340659,0
164516.39077921968,-0.27862075844958767,1.7553509494652073,75.42282550727477,1
21400.593414765255,0.8147307216216817,0.5864531303336101,135.21843593275136,0
71845.93788883003,-1.2704882455818216,-0.023870968309452716,108.98553648920036,0
126898.38889785534,0.5876949018678121,0.8228592227833518,251.9592947010339,0
103188.43687512416,0.3162737802597137,0.5661773907701725,54.65226314909717,0
88980.48286501123,-0.6937666074967505,1.770957553347745,180.4081292539594,0
34908.307499950264,-0.3129289671900141,-1.335691521693076,220.39759529963436,0
109556.18549561284,-0.3410929321416082,-2.161055997349271,63.12364293280188,0
11929.582698285585,-0.9764255397315984,-1.1738179970984242,238.2333140950671,0
79130.13023820003,1.9529445539995067,-0.9114274375379638,45.239403848572124,0
28480.000158046736,-0.9561357029585392,-1.5172538605721053,17.426260297603203,0
54651.48187322421,-1.3938176478742055,-0.7621584630262199,24.76386339163703,0
71396.21097349393,1.575720450373765,0.29456851257516387,47.63294674634555,0
152700.58961648462,-0.3030927196917261,1.1279249855168274,98.47138477959976,0
113534.87009485374,0.5136092944152219,-0.8856523977532653,130.4380060995435,0
167814.8767932398,0.5790615726946706,-1.967094562906154,238.01834823517268,0
66390.92000394627,-0.6512874649831818,0.7750894117456407,31.98795443463691,0
133443.8961344624,0.32699451327009765,-0.07810901011278953,70.82087072044148,0
35266.34784771538,-0.21035760377691182,-0.11359692763474837,48.37350694968701,0
15031.312112691672,-0.0709053625273688,-0.8106575556986726,62.72560923661253,0
116310.3202214583,1.2740635835161493,1.330451671562317,64.15748673698808,0
92016.70267668166,0.26201657435847575,-1.457273658199453,223.88241980972705,0
65498.19587418845,-0.0022462017571209794,1.0171476743793124,214.46299069179165,0
30504.043930551827,1.6080672471727289,-0.9146537353257298,119.22044907238671,0
140290.46622899364,-1.046619108093502,0.18844008042075686,9.9944387712553,0
28274.196301920434,-0.6110011240896291,-2.39198188955614,45.095084672948005,0
69156.68126682332,-1.3099765543749995,0.2712114752799734,3.4277447127611493,0
166772.51074414866,0.47993974114827864,0.8817464007600121,15.01920785686038,0
2611.126232261286,-0.5946729871621688,0.4644876055772338,57.73623732020149,0
3899.1476226840023,1.9620683618985282,1.2223452564679749,44.29352736697416,0
158127.56382073706,0.2454986817943127,0.09417646917364228,0.81028748011067,0
159938.23903029095,-1.8804355440630813,-1.3126605607992783,350.5654319996998,0
171820.27630409153,-1.6223206132937653,0.2578616172949595,101.38407353633646,0
154753.26015718174,0.01670086726755042,-0.8635983927318178,82.7957330693247,0
107648.62563976983,0.020121129580859987,-0.19408013233309493,24.178817554993515,0
68182.7458632733,0.5156606300833942,0.6230110292977487,93.6268687124096,0
52425.02193911421,-0.44321869242769574,-0.3946797086605034,69.80292222100732,0
19112.301885282195,-0.3239808507005772,1.333439166032965,2.9508987791381354,0
81944.21663840974,-1.2107426266291645,0.3479160781208834,26.818376592745043,0
105976.8031485391,-0.9849461251170324,1.1221417339195243,129.4891798870138,0
24314.952046825456,-0.3043448710539514,0.04342340881641101,112.1258150592241,0
136636.9628841729,0.29657267669430815,0.736227445165127,11.963274023319808,0
102012.08091127596,2.305636837367189,-2.070273544513395,18.852493501470477,0
116103.06609386027,-0.02968879028597843,-0.9220530471774268,86.73701144831641,0
102933.4736151123,1.3351126678040974,0.8463514262060201,9.124657746440084,0
59768.59224147092,-0.08317177193461948,-0.7883092647749634,134.34842112109817,0
22587.95351631006,0.8381772195994377,0.5231600334021624,45.92124436709741,0
30137.921356867115,0.3092783851266944,3.0966955137720533,69.20568729903417,0
41036.29460679009,-1.6368018643107916,0.7479953986272,258.7805214614419,0
106834.42452043515,-1.3290076372234483,0.7903490086922889,4.3996062069433135,0
12628.49391826819,0.026185149185798437,-1.0496741157567948,243.08211384378365,0
13699.633184269933,-0.07234747515067134,0.6771499741332931,70.04246713252336,0
165392.89906287676,-3.5226992870429705,-1.0943202689595393,23.228502014309683,1
85107.05749189969,-0.7619412381350837,1.1522506518727484,46.54086057470535,0
44269.89369512053,-1.0895134082734554,0.38213127589080353,85.34042608945443,0
158870.93297145132,-2.0591604836923203,-0.9448144902417202,37.46578485675456,0
77491.38619785366,-0.01605403924858619,-0.7249193428916019,42.96415515094999,0
43351.908461113,-2.035902570104776,-1.1783461248068456,59.11578974848899,0
147871.39833891988,-0.5831657172559563,-1.2864694935694123,121.89741955890202,0
119150.22257825376,-1.2590649114481933,1.6630422595961174,84.0951435057066,0
66336.40305329094,-0.06744655855518213,2.4719337724318575,98.71477758215647,0
90677.9113860507,0.444853537557488,1.2752470129219724,34.20626927839618,0
131027.8802565351,0.5709456946038727,0.1469922842885556,106.91705445810089,0
94958.70380265893,-0.6799058967468314,2.244682255430256,30.723789979821845,0
20252.834901544335,0.17866977521907204,-0.26420928499436513,85.78451704711982,0
115353.9772164335,-0.4949645508907007,1.277876521041972,38.62718897562628,0
41737.56624605061,-1.2237448466562693,-0.4901909062286882,39.21046981290118,0
118249.50221429957,0.1430849370279944,-0.6081535516204094,46.01114367276401,0
159095.47405454546,1.6123115279035483,-0.11297047594906802,111.5383613491272,0
68916.5765389844,-0.8300704951292369,-0.7626229164355202,145.05156221412818,0
46612.732870135806,0.03277363755578143,-0.9346089125902313,170.88913890013683,0
101566.54555698785,0.9158237815976042,-1.7961977553345514,11.89814715581435,0
3148.731472587793,0.3772632593422264,1.0686422195900849,37.49814539273173,0
44527.60313473772,-0.24691832748945464,0.5553796561497687,25.018847849120707,0
33227.54245013831,-1.7447603876053015,-0.7249141537654967,95.51489010431271,0
111537.6127327586,-1.7681310327067183,-0.9044005023308695,3.445871225510328,0
11621.821933561165,0.1335654155359782,0.8317331383481771,60.82748160801585,0
44689.6802686531,-1.498635497149212,0.2405807577265921,60.56962180969028,0
170180.5591806914,0.20713943677856853,0.6983991213294012,16.03076506364921,0
39859.7434648287,0.18863108156798006,-0.3190629197847001,20.186059734493483,0
139911.84626674568,0.9259661298522298,-1.808342054024234,17.71464518819443,0
83502.5027112752,-2.4604358220962053,-0.5688285875565908,228.25457255980828,0
29980.117501347806,-1.1063441570771089,-0.5352457039403952,13.650564009164718,0
30992.71857798084,-1.3806521701101395,-0.7795444753593765,477.58534117012675,0
74998.82408407352,0.24489730171272925,1.4663118029178595,4.27474123312902,0
109892.97339789229,-0.5102911595630633,-0.5401390394636103,95.55129464276276,0
1324.3448417861366,-0.19856918688096045,1.285759036510566,336.93904122354235,0
86392.91381151543,-0.7591835461675044,0.4546727409425804,239.00477607992795,0
48663.25207585316,0.9772633703031223,0.6882851084882323,6.177954529422026,0
11811.433013560849,0.9177721505515003,0.5488785155203335,53.62766959850308,0
58631.95019109325,-1.5207215296341199,1.2100659331755932,25.144383823931356,0
104840.36001495749,-0.23320849820639397,0.37638856188919934,148.9469762279128,0
130199.98072197831,0.16969315797128373,-0.7510233913905242,206.20304717402993,0
152902.96433786955,-0.3306586623763318,0.2780795955735272,61.778515316784635,0
162402.9909604085,0.4456779070819239,0.08533977579489384,140.99738825117225,0
121831.06861790082,-1.0701584635068604,2.060826563902659,41.55590186953287,0
143159.49494480743,2.6323862046774984,-0.16557897256759446,11.176534020089091,0
36175.56307258354,1.1788434440256437,1.0383860371596327,213.00169219034805,0
6345.451440141894,0.430362641506498,-1.1405784894885544,58.81847926843767,0
145309.02515762235,-0.599355705052997,0.9565494617872686,43.70812324302189,0
67779.77099323375,-0.11315849445608397,-0.22393942431327402,104.98369703730631,0
13155.412519923872,0.03755307666056291,-0.7216964540154426,9.500056676699053,0
84437.54330192624,1.2205506039312326,0.6936979550131449,8.3398656572453,0
4216.45505296977,1.3286464115446437,-0.6431504101226553,62.08425559565362,0
133942.9518768006,0.7230379395798638,-1.1491796022167802,143.93724100991042,0
68751.19348141142,0.46852360281883604,2.45393867292539,46.844056489717886,0
153096.95489521313,-0.3910246668655764,-0.254374417026562,106.05171339591604,0
36744.94823692541,-0.10744488179424941,-0.2563556428531463,46.36621684417846,0
85167.00019251878,0.1817812325871601,-0.7734149266150159,32.175273826799526,0
132881.02534319222,-0.7504101277546562,-0.3908882671723887,15.695220163018869,0
88992.97799784015,-0.8516172401867081,-0.17667509270824255,29.99177397711693,0
95154.63196737914,-0.4411766907937603,0.6208299452898662,5.86644706718732,0
64046.96301315875,0.23604306382437004,-0.15619390009719572,269.6464854607056,0
37793.053495915185,-1.218176066807319,0.18692705255449762,52.8575284848337,0
60343.4144930678,-1.18023173420037,-1.0513218142392298,140.7540512391843,0
100238.89671437377,0.2956655514819996,-0.5869582099762845,106.65605971576241,0
98476.93754576349,0.20173865479604391,-0.6886499086367672,117.67738888709066,0
89384.0929531101,-1.227828566056992,0.86535870905007,126.80274350636076,0
71186.35882189282,-0.32474193508197385,-0.7794562012522323,78.64797821736636,0
43280.85291134382,-1.0456949708779122,-0.1503483662862672,8.857556524584778,0
84472.6890683958,-0.3950468521695675,-0.6490763335666391,187.79069393339773,0
146872.9723109539,-0.13560123990088283,0.3091381873347979,256.25044023406366,0
116201.17405872498,-1.6239178425699672,2.475313800936102,207.43991889586903,0
141139.49181217392,-0.28212494313773495,1.099415601792937,17.29757036522584,0
20694.89637836661,-0.7204550706750589,-0.2941231803761696,79.83346237671643,0
3675.3541949468977,-0.9134585796322228,-0.330810519522272,242.12522138800517,0
36710.88949937773,0.007673193321506307,-0.7683234936966282,61.83507814037794,0
160506.93021331375,0.21272612119178486,0.15376382954470624,106.58677770329338,0
61886.54301623616,-0.07158569289387905,1.8744244469332438,31.503011609782636,0
139525.65881235,-0.6292206728473624,1.1967632249804385,33.68496599503191,0
28645.84054021405,-1.0126855633684928,-1.1046683561021067,233.85221143659675,0
61297.094602980746,0.5135213692547353,1.7984149791648192,131.2102660953078,0
4380.238816808569,0.5541429265127488,0.4925234462063564,17.898426748741723,0
65828.47882005648,-1.9473398726619233,-0.675039011419468,42.99370092185097,0
61722.83531399815,0.560761268005573,0.9390291574991455,50.8129836339278,0
162934.79683608332,0.10527862390967795,0.52423017995203,291.76660442870997,0
171737.00160186784,-1.229495157708088,-1.5485830336213924,57.453342967421406,0
172514.4499687017,0.04596093604893383,0.16601884787457225,150.60855416062188,0
98388.40801229846,0.579076300875503,0.7810089546071515,40.42134855146125,0
44572.31326917889,-0.963396341198569,1.270845621075548,122.4963431721852,0
29334.16599912704,-0.4638544295059457,0.571530696900742,122.05053519692045,0
128493.02871530953,0.4891305566492876,-1.290167414451457,31.570649175921442,0
72272.39667101894,0.19495509241218734,0.8340554518493689,231.2256228439175,0
28998.362127633747,1.6147832542473273,0.36471177320848547,11.817280039695433,0
134700.48600607816,-1.3293590589340638,0.055479918765380484,75.41247175033281,0
127512.12557157558,1.007117823412373,-2.019926173942275,292.0882058448816,0
54540.40500230688,0.5001128296208667,1.8489386185618586,36.8771216613533,0
141500.60994593747,-0.5238431703133952,-1.5428221490372125,48.145155036891815,0
139668.7468981729,-2.0343558678843627,0.3220204796552139,64.88302113489559,0
106323.4987320618,0.1243847669077142,-0.8467193279265061,5.992507557765315,0
66544.88750241269,1.5283315634862455,1.988884638754853,299.40964098632287,0
168147.67067924514,-1.812727965073143,0.15385422887349898,51.67274218544459,0
79416.12508651406,-0.023393960243946223,-1.116919511912159,155.01187084219163,0
67722.14527670748,-0.571902849809924,2.483765992587508,40.23520535354177,0
92206.5200744046,-0.6368764742064333,0.2439861879976468,217.07299141617716,0
54951.00047513808,-1.2931222504049704,-0.045710754645827495,5.092273256032747,0
69241.68002899583,1.9222245602694528,-0.8527678625699305,12.225355104598679,0
33691.71454276998,-1.063258686531278,-0.0037485338018516225,49.74558922944882,0
36894.764098484105,0.3753596961444733,0.00016050740708493661,7.616810168292661,0
133962.17215707924,0.21747348301422456,0.12872868073964833,26.951030465228243,0
75595.66652570038,-0.5552730880131715,-0.08008299824909249,113.71111502195926,0
31272.817428199833,-0.7100154428915523,-0.8773557351548937,36.348009826137286,0
92543.69921120742,0.9661253255303113,0.7969359256585957,14.225916189677541,0
150061.1657380302,-0.33338005560766565,-0.5895171324965108,34.2862887272996,0
132570.13632729874,-0.09872089445567296,0.40265698164716096,56.18574484487627,0
6315.782604150795,1.1835491025816047,-0.3181426326614269,13.669940681964272,0
161351.900294654,-0.07004644372796484,-0.08013706787980918,222.48107259371642,0
149777.91725863685,1.0574272871141361,-1.4366517921792459,5.009148831169634,0
59716.15243847649,1.1086744199557241,-0.7174986020844216,17.509177711241723,0
39614.64109620045,-1.443200793785794,-0.9287363155327847,86.72539162455702,0
162145.23093867535,-2.2029133532057186,0.0220677009368635,9.728596803105814,0
133598.91581314645,-0.7931346636139368,2.010903035413434,2.9918213484260594,0
132635.68620789627,-1.0886348430590387,-0.04662476521466915,122.84606661422644,0
120282.60007878437,0.0956075441125776,0.1923689270375111,40.97330918973903,0
30587.411683021848,1.0103793132832635,1.7813997166008577,11.776032849198664,0
139227.47003546805,0.2997948741631638,-0.13001397325513103,11.970529219254871,0
131504.9456349502,-1.098679373434385,-1.2949318853402603,124.4665692237157,0
67775.23470531573,0.6460832412118543,0.03242660418700401,45.95706121169006,0
164787.71463297034,0.1902109593428422,0.06310712149202398,420.5377068661984,0
27032.32097356367,-0.7051105201659605,-0.002915151414794514,13.560861860579845,0
127440.21567336452,-0.6560972360056414,-0.037008094073233626,39.485296082122204,0
3131.8342927020976,-1.7262139619578896,0.7355668983025718,1.9564008548825802,0
88359.96652317005,-3.8366555484593694,0.16696762333416318,56.139741139728336,0
105019.56672527046,-0.2793502470569215,-0.843596612531713,38.93201022143549,0
133456.61809191847,-0.5772287257105709,0.40153863571920506,12.829587452301483,0
156977.49056475604,-0.24791602574300886,0.7862982309002783,48.69827042684791,0
96109.75168646601,2.2369710770616296,0.15567538768838682,33.294669879846815,0
105375.64519551462,-1.1283513375107777,0.5020018890665597,147.0108593724043,0
122570.63916006693,-0.14963594425179252,1.9553262161497902,26.79607547217159,0
79622.57111605501,-1.4427147860027125,0.8700602169074838,80.12516972012256,0
50655.927789103094,0.2651639227465874,-0.037717949765591174,216.76588420328164,0
47244.74202962604,-0.6248346184344824,0.08112458341850291,7.476119638541284,0
31590.153539578238,1.088092463208589,1.0347991305262363,59.86191948824346,0
62539.77441678307,0.9397354817471042,0.9163289534385712,55.99972372078262,0
160555.30905867196,0.6491477210704204,0.9347177458284922,47.01921985795071,0
140960.8017721937,-2.3327126691025164,1.0281273041176415,104.09207491910355,1
119447.42350221895,-1.1815665791024124,1.8907298485940296,56.821513565008715,0
135353.89145480504,-2.2832386346150395,0.4709670697851621,84.04618406886938,0
107635.47422152324,0.9210258397309934,1.044386051876579,49.21237312411744,0
152481.54846078812,0.12019855874605508,-0.006400752603138034,74.65855571265084,0
127954.27560156811,-0.6866045318482008,0.5878351218657896,136.93588488808518,0
166489.3349235638,-0.5237592910266834,-2.5661193859324136,56.928027325055766,0
58269.296257761955,-3.3755791001776,-0.003477209701936022,46.856207042376134,0
160467.3611335401,-0.3005359851787682,1.160248131829619,113.42195071785062,0
46482.060286384876,-1.709226399202596,0.4412398221702712,11.297532132036936,0
145128.03313536927,-1.4921020171453638,0.3091577195174642,123.74751474998368,0
118995.5455444009,0.8496447827066518,-0.8515918325016023,104.79311879319407,0
57073.190544360186,-0.9659709246115364,0.3238392663274503,44.546962482774255,0
107148.57222444714,-1.6872790796411685,-0.6962935790523948,87.64542710605276,0
38224.99154642726,-0.9885290078659005,-1.0373261983013427,143.27084820616108,0
75512.88904301928,-0.193155224849579,0.8638273441557671,114.29124730929523,0
9440.827776168013,0.28456679047452627,1.4320786039045634,425.9115541593153,0
141313.3049992801,-0.051509193753927957,1.0018704135410883,61.53939796937177,0
51826.022468406954,1.0556942488831498,0.021626630593564705,48.44696587023854,0
44894.05880788681,-0.49987103450503223,0.2305415868507293,159.3304924476302,0
100642.63533821219,-0.12666402734766338,-0.7736398449381301,63.0492102010953,0
145994.45373552176,-0.7215690823400293,-0.5439100535132576,75.60744949946479,0
162169.71693940592,-0.8422957167700686,-0.07478129665130821,103.01332437004754,0
96212.43260839088,0.2753962341432087,0.2258418340373073,279.6568117273776,0
120381.26236592699,-0.1383352820163779,-0.7036364441092297,293.40052302297096,0
140740.1537913681,0.8314988669316621,-1.862863586451236,146.13450172015956,0
150654.56159437608,1.3755969643042085,-0.588691699469274,12.869788663073015,0
82486.14879555095,0.6089844464924351,-0.006616244153488004,36.867957772670046,0
98416.47390919551,1.494141897266825,-0.6445077018756719,49.29486722704509,0
137303.12655939287,1.5193363510906441,-1.124655688332994,150.62298930023593,0
170799.14775688952,0.03756685870725232,0.4520053685824477,111.88230439244202,0
37279.989361691274,0.3987128017903442,-1.0921199097223964,132.3983912087149,0
120469.88600144302,-0.6411116541527696,-0.38771686649156756,7.711222096056796,0
148900.18817445327,0.24260281305494147,1.0920554114388017,156.75073523107037,0
113962.63362934932,0.43737267417966835,-0.9067289653500941,15.782618653808175,0
11293.575690057241,0.667065472728354,0.17871512433595294,11.932158892882128,0
154772.60157252496,-1.0414529517748186,-0.5067041762102386,138.83196866712035,0
128339.68686335672,1.4955717364824264,-0.18140603471718997,47.58901070426515,0
18880.85554150258,1.0277187487795334,0.5865151576180001,257.47110681158193,0
20975.317532195713,-0.02881660158862331,-0.9217178364819151,6.910774341774368,0
143200.9124037515,0.5053890117321368,1.0087625071331352,3.523892006084433,0
30130.51893206252,-0.6789803464631321,-1.454614748577161,149.28205437689098,0
41610.899417444336,1.263539010796508,-1.70686256219305,111.67811657015427,0
25727.85509744644,1.0546206284873183,-0.12184561131103523,58.06596809373576,0
114483.85073636808,0.6446898032842333,0.8324005385905596,81.17848545815282,0
6972.622881356109,-0.9744525476102961,-2.754521628398373,42.0614664711661,0
70464.04434538491,1.25215903696611,0.0021184210174724715,44.68166495082288,0
73919.19750955701,1.0734127024104452,-0.21083471865458023,3.149715135532828,0
5040.5351579017,-0.0034808485732018284,-0.8600024751223019,8.789687180721721,0
65697.8029261961,0.8627545919526867,-1.6521023316929349,7.794659613472437,0
59654.55907613239,0.14641429184260343,0.1940210045057993,2.790575382127778,0
53210.29390695779,-0.029172699226560628,-0.7893523659025773,70.79903294702937,0
5349.160670862561,0.6174286309273244,-0.45566249801366066,7.904746853710877,0
16478.367195975014,-0.1349902279770614,-1.3805710174469963,41.50712594924163,0
1437.6860168587796,0.12437612230092951,-0.8157060480993442,51.142741589565674,0
116071.2908773737,-0.15723639202855216,-1.0260680827411577,38.67333953080182,0
16240.079204502163,0.3431585541974166,1.2568780316749217,195.1570252897556,0
131297.52817642552,0.2358238311716061,0.047477558168204315,199.64820480136905,1
30764.615075093046,0.05245738688944395,-0.9229768983740939,8.644221107389528,0
3150.5902864752898,-0.104009227724695,-1.1354323090305687,141.22760431034837,0
1103.4786326688427,1.21644738727708,-0.09955068318496844,5.064496531423174,0
22186.53321767284,-0.20068521837532977,1.3351046172686238,42.63945665380255,0
47569.80328448144,0.8509826785067651,0.3066197869819221,288.2064663323057,0
84861.34203741094,0.32982306086851004,0.7897321246320076,39.71286572056876,0
24196.164057213296,-0.3109714664860723,0.9363373808293303,20.501491075951268,0
64189.54298149231,0.4203098174852043,0.9328287040921978,6.373156369684235,0
66030.93984268336,-0.9626685344090254,-0.7550339959104986,29.652165500763832,0
68604.19912578672,-1.1975323112651621,-0.3049812998483304,215.62149998873414,0
30304.15694613209,0.5665409870816561,0.3017919306528727,137.37189446627784,0
146615.92261740254,-2.258216261926841,1.0017019730802825,62.22741030911702,1
49673.375694244816,0.3820337057160107,1.1322873748389386,103.9684224199357,0
172272.85932873652,-0.1358730483637962,-0.6763645030356056,77.78082600725513,0
3339.8146225614587,1.1222033332933687,-0.0044817963767913305,128.60348453470897,0
77534.2579891733,-0.8927733072761507,-0.8459630326292517,110.3696275002381,0
93594.3922933978,-2.0017401674762616,-0.6763397157635455,98.47899663581148,0
172303.1136272525,-0.531411401138425,0.5638165593865041,4.627291554627787,0
122591.03580875084,1.0371714725320045,1.4809924041174929,7.303643952302655,0
26771.09376558689,-0.12454847968642378,0.40271818926982167,63.429747515849726,0
104433.29044671245,-1.417639757227406,-0.7496669509459138,156.061809043557,0
556.1159508193562,0.250951020712043,0.33014994939193854,4.3716642007004145,0
148001.4445573421,0.781497239460632,-0.2413149037447287,474.00202682774034,0
15510.441696795153,-0.5456141563287527,1.0967242076292842,156.4110270808223,0
56210.21885291002,-0.7974854973437886,1.4990120682335486,110.66826328224509,0
135336.68581800256,0.33516056653511783,-0.4818643154847231,235.06819116018693,0
41878.71851963252,-4.819110922312207,2.7568172676410043,106.0813516196053,1
21478.56021830213,0.2521948542342867,1.2849167848750833,8.591618058067366,0
21695.077110986505,0.9308873827918375,-1.9300868693234323,91.06671238150777,0
134848.9941530654,-0.3628556273736071,-2.429755297682545,0.47197442637864273,0
49631.82495065006,1.3534515614761184,0.9456890374971552,6.601441347616237,0
137408.174456032,1.056101251669989,1.3101948560543004,192.20357072517066,0
52648.555236141445,1.2687138945765704,1.8878589879586387,172.2325693933222,0
30479.671268275386,1.4617170162571183,-0.10119762731753187,49.78620476739432,0
166093.72942877238,0.8049333907323256,0.5475265304356202,83.16480611872757,0
126940.31436278045,-1.6100216729089964,1.9178480016066657,8.156558697969363,0
170206.21258114322,1.1971785314619128,-0.7472173084867436,71.59058882462688,0
113948.28784776918,-0.8250972999455244,-0.3637845296098712,117.10498923978075,0
163776.3318090829,0.701255639443369,-1.5941826797254006,165.76459215954335,0
99462.54446900617,0.10382923503269768,0.6604889823456973,9.856016619209747,0
3316.4254350241954,-1.0272518875051289,0.49551652414489566,100.0427285865052,0
50324.39542622164,-0.9414031690020248,0.832092018373946,171.72935773493634,0
150644.20030713244,1.3297943652050759,0.48731316305331607,69.44140427511321,0
115294.29186715449,1.2979165056607622,-0.4088961749894955,202.54792231647139,0
23230.390361723457,-1.0509411661889605,-1.9890341961712958,62.0253609590272,0
112256.5649553587,1.0845005302909256,-0.5996495114509319,22.80959158887246,0
120176.73331600818,-0.40463852004094636,-0.5153937981154209,42.58089809787775,0
122038.65685264254,0.8775475534514207,0.04302448501512677,2.7125139354367476,0
150961.2817657908,-1.6352902700715526,0.49325417619303186,28.167745139248076,0
67075.03401874483,1.1026920460743783,-0.3548507313518155,15.16341076641028,0
155826.55213278832,0.5065876716972757,-1.1326072905212539,6.814055687685826,0
76428.36958195618,0.29226545615571214,1.0092949557798092,174.5614132298217,0
48169.70595323476,-0.7932211972070344,0.42214369219526265,83.46934389867286,0
9268.091974799569,1.5591822904823514,-0.4912630276613219,29.808879441809218,0
11433.34463059131,-0.367114170072311,1.7301167692088393,22.19805206376097,0
77357.96791092028,-0.5054472096535272,-0.5133130890056609,109.94673366494321,0
99582.62863682532,0.4131474759526224,0.2820005425545109,27.901842531470948,0
53531.34207133235,-0.2597211710765324,1.1880618762510602,53.466413174382794,0
51362.69317204905,0.07707861138149362,-1.0946920440273713,259.21029934418686,0
65122.59692399418,0.8690312755308397,0.6862885417318136,128.7214039319249,0
77974.15867447475,0.11041804694611956,0.9468614616461799,89.27315766269608,0
85124.40664196787,-0.6003386590064871,-1.1229011560768327,154.08321892133065,0
155270.1637774793,0.28121168258406537,0.9410665514519307,111.29364314686437,0
138202.56537623136,-0.16090493827659874,0.2563609837384655,122.84365704466273,0
84412.04532363165,0.380067440573832,0.988526104647442,93.30852552634599,0
67944.13073762498,-0.7696664090113885,0.3234523642603904,16.273423892192422,0
117523.33380523688,-0.129297457035508,0.7642925814204332,95.1237183280266,0
158196.37782321364,-0.9880028180029409,-0.8665705544254966,69.53791719153324,0
85841.31321086446,0.829149035059542,-1.168490892099267,7.973065131539665,0
39745.527083315086,0.9530094982140498,1.5533546990558944,136.8830733741989,0
169979.71828551788,-0.21682705022214338,0.09686603247587562,23.084092482053144,0
121385.94691002116,-1.8429369062476757,-0.12698781320498045,72.7789822012579,0
169471.7585712166,-0.9544386262909633,0.16937746994270692,21.061617352612448,0
37136.903679889205,1.889282454250252,-0.1658409056620021,155.94912230051307,0
140063.61555910073,-1.3115491378986817,0.33952878740421627,128.48033816952793,0
44895.72247114191,-1.601181198811573,-0.8330082558394399,6.772650801295869,0
82162.20359221638,-1.2463934985391623,-1.0640459272455725,25.23338225846046,0
77192.27031027232,0.5224452109266943,-1.5110935484525234,25.559224855167667,0
32238.781756065637,-0.09600066173385824,0.038915828017330296,5.091304528633822,0
171411.16272283756,0.720639231357267,0.15086762851156252,19.765753580554993,0
163200.71508957562,0.8437900258815756,-0.8555326699056159,153.99560412196078,0
166155.96651337144,-2.984268025989187,3.5303961268930895,1.0,1
67016.34833764572,0.6754908472654697,1.2910522327024336,51.224508694282584,0
36094.93470809229,-0.18643641582155404,0.07807771389598944,6.597423296260118,0
138959.8096292152,0.7727283779193933,-0.11151889650579287,18.427260348766747,0
164646.43493803305,1.0929591108966683,-0.6118288167399027,35.90233904961024,0
170054.2631295068,-1.7718966822464437,-0.12130867138958067,46.43522922777491,0
134442.76201539606,0.0352953907452159,0.1707054827545068,43.229161600602026,0
153466.8230478014,-0.069851868183643,-0.9496002440650042,281.5949037252201,0
102442.78319180144,-2.0265777765994355,-0.09515051205677928,127.72524391255607,0
136269.59809959892,0.32717055287779023,1.471400348166522,32.700918479089275,0
120778.35756262024,-0.5492386533125753,-0.10059310537820755,48.459294008979384,0
151080.30733888753,-0.2523534819908905,-0.3789840740581913,16.522704009811633,0
36409.817756252705,0.9156538042583441,-0.24872342408253253,77.47359852410113,0
158569.4496218861,-0.3688032651888687,-0.3854009764969582,35.51483993811613,0
59066.03837339297,0.9435977762729458,1.02719478824286,132.44089793217293,0
65507.45161051057,-0.6719173104649906,-1.0248948993808669,57.9566358773754,0
123064.56944885419,-0.6300484313483411,0.033567648069006084,44.04147595751525,0
128261.35074800227,0.005205261894946381,-2.5701475485803527,85.01897883178677,0
71853.44855358142,-0.39506690612720935,-1.6171517144400436,95.75377748446222,0
41888.40176132586,1.5844943751570586,-0.8190526431188059,79.25505479563441,0
58967.62461379982,2.0268171160423925,1.0437769564017552,0.8816949073338765,0
87342.64437492575,-0.4507402773027516,1.1529341769747732,58.43946418268801,0
14422.593886165432,-0.828293760348399,0.19380900833111825,103.79749318264713,0
69674.30025982598,-1.1363751667038573,-0.617796273481028,75.15246029039986,0
107724.54956995125,1.8115557731939131,0.0953033991536178,215.71031604615507,0
84003.34784513888,-1.1429425463832155,-0.47495670452137745,145.67215199251976,0
114708.8692545509,-1.1741423724811146,0.39454403431667434,30.299645226172927,0
102605.29319982853,-2.273172202546832,-0.3027745451255383,28.900698522555665,0
125445.14130877737,0.41870457829236835,-0.9222192771347147,118.05174685950433,0
144953.9473370231,2.9695095077456646,0.32853475391394826,21.785128923915074,0
44334.04902359566,-0.09426907076490067,-0.17920265431914087,27.525811658849328,0
95966.82160202268,-0.8358702556183059,0.8410815386064158,3.3695222091108703,0
38356.78958201366,-2.0140632742377633,-0.035316859594895715,58.892745282281936,0
49798.28608580669,-0.23945509376558377,1.4166613082979562,71.61742356662042,0
138696.24597458626,-0.5902219663056348,-1.3322445867634454,32.56746026048383,0
126402.58898665443,-0.5461661042180197,-1.2923033749284512,0.8577984671926381,0
168550.91153592395,-2.8538739854035313,4.875938041948718,106.26781253168512,1
41157.98456487434,0.685619374218483,-0.2671915656552882,218.7661750785365,0
73525.24819262742,1.278434957965715,0.9478207764124668,6.678628832403397,0
12882.351227864398,-0.7074395448121878,1.2368718935182248,222.8555774864754,0
18227.536265266965,-0.04285624766033802,0.6588202446894643,210.8473197594143,0
167246.21402122127,-1.1652019999652885,1.2587612397600685,12.34423374800962,0
156238.62240851973,-0.9875229624269947,0.27982159594427714,159.29759282464008,0
21818.54734234607,-0.9807648436625377,0.196637741750245,53.94019463441865,0
90328.23291720857,-1.8119893375620542,-0.1795298339759204,163.49145349527402,0
116209.25499000656,2.01780644879303,-0.23603419015604085,46.116776874713466,0
87619.90695645052,-0.9803882514834749,1.261761160395,69.95652584644058,0
167923.943894182,0.09030979920643496,1.6780556004525953,237.3022473269205,0
77820.546662921,-2.5398150563078223,2.656428643188532,53.99614061313491,1
129365.89645700736,1.130526619537311,-0.8909854419534304,76.38794592684056,0
142743.97748994373,-1.2008189998350405,0.052939468234801106,32.091242961627124,0
40565.56407407504,-1.3864894206912433,-0.6649665113199965,16.995574930841276,0
11683.450988734736,-1.525662409286842,0.8995987379794065,12.16055060947626,0
77824.09778541439,2.0084730109816995,-1.3409720359812798,105.81122429434376,0
90748.23269766799,-1.249564911924005,-0.9468000941813317,82.18119914626013,0
63509.94817197663,0.3624498815945265,1.828974756254353,72.62248278857516,0
94250.62703351326,-0.39272623842581755,0.009813740396404322,212.70883080782232,0
100806.12260878918,-1.2534017182950186,-0.6304451907931798,33.53856655880974,0
44514.52767366714,0.6858904564379201,0.9203961612544849,21.329634375277692,0
69742.25320808297,0.47474210483989104,0.999991005059611,107.44751321794232,0
74396.58985377279,-0.4000574338825259,-0.3767754697378553,120.68540324647705,0
154965.03723175885,-0.2336069609828654,-0.4351933321977932,39.2815019322554,0
43693.88283361921,-0.01833806663370996,0.25159280726173744,93.55398575516054,0
63748.27691765667,-0.7423280128765718,0.169597676394935,163.34228001707467,0
134290.98707226108,-1.364470853617281,-0.42983282314785354,30.10543895247715,0
149184.0546460114,0.02310434600073103,2.002947084076286,133.4318979042003,0
76730.75986214067,-0.9218236563202137,-1.7944435850889013,82.3581827607739,0
35293.03598046451,-1.7951291966198684,1.2461649978779448,110.18196548354958,0
94423.15861825201,-0.07459267700807634,-0.9676564282885214,50.81554138660448,0
78065.4548857932,-1.2094353289590587,-2.2082780198800926,47.97387020905262,0
13297.513241527342,0.46041564984282407,-0.6673840543601282,89.71041738364714,0
12274.828826803567,-1.3853605184444944,-0.41271927919476437,53.78816998823639,0
71025.71958259857,0.2750022982918108,0.3520386129581204,4.786191362451527,0
43142.79503351177,1.2530582102439143,1.2740596432667959,1.8139086359666663,0
143348.43727003102,-1.1630028577834441,1.1031739387936397,32.07448751466099,0
156948.34509503774,-0.08269774501839869,0.40113826126422947,32.61429473935553,0
54631.77493998249,0.33086702840635124,-0.6838602033464366,391.97101177719907,0
10826.47355708526,0.8582704301818718,-0.0021116799848234138,144.26824631086325,0
21490.859347288166,1.3831356467781524,1.234456978764691,121.02236167516703,0
110016.52107849343,-1.2847277664174672,1.5895633328625773,245.72155193643252,0
153310.36191718924,-0.3773865174622099,-0.6579581276655113,75.67376188364375,0
80984.55893658502,1.2428625628583145,0.9283886791361711,43.63052604712797,0
150503.4645833236,0.6534789819517407,-0.2019460687530188,51.51684492633173,0
155855.26599825313,0.6927757697082377,-1.479089288097522,26.57652936124825,0
43765.46787272517,-1.9128513533478293,-0.20822270961275288,36.896008704716394,0
61218.085343134866,-2.477506118629017,0.908090298262139,11.831491681657505,0
75487.80141190303,0.6543881340607632,1.038727899914912,15.068170044164715,0
46938.21372421108,-0.9906540774992385,0.3933783444697123,278.62313656228423,0
84199.45318848877,-0.4198469958312289,1.4000998118278138,51.04300792663931,0
78181.54838772942,0.2940820387932141,-1.487154235709771,56.6252683640847,0
30604.725401538057,2.9928105700606413,-0.8157877251685722,40.41502983848891,0
42991.221094129796,0.795234249257182,0.24191498432149858,2.1355432127881695,0
118444.70302074458,-0.7554608013928819,-0.9325593884467054,142.22746190973388,0
136060.47822280313,-0.6553275232007943,0.13945246602919717,34.05943837710167,0
76066.38684670877,-0.3199072780029138,0.0893607385962395,12.915308527262852,0
74790.60518179629,0.6128253216693214,0.4136478982823735,2.294999865491691,0
155592.2402778235,-0.23227350279947281,-1.654510394912746,127.55746316515459,0
18780.34280394679,0.3188270435795304,0.8636055068862878,61.66359670760528,0
140280.20093103315,-2.562938315642124,2.36225341403854,69.12076113933122,1
35669.59576023224,1.0579607138387925,-0.9277142922843684,296.55864052374244,0
103683.55071501568,-1.0084330205311458,-1.1301166323689484,31.77365149736687,0
96157.08933387644,0.7077916141550177,-0.5070282627910236,11.508032217701992,0
106629.09398515605,-1.1040256334723855,-0.40359333698691013,31.082528119621877,0
54494.8548363851,-0.6476527563780456,-1.3599682136722742,262.01927068855764,0
79147.3449456925,0.8544377511405561,-0.89961865754579,172.80795489113711,0
121350.31477027158,0.8399445397420275,2.6706753748630647,39.62917552260111,0
39674.562178285785,-1.165441526221057,-1.1218288004125843,41.99073446495433,0
9995.520864469352,0.6727567871994219,0.05047105368346139,0.06950441706916713,0
101641.35172868188,0.686774070503355,0.7356807637597333,45.399471815673905,0
110758.84325546534,-1.124165984761934,1.9396914427283842,194.48257153882244,0
8155.590053307091,-0.36671766857603316,-1.2561552745073867,260.263232832377,0
122210.83600935528,3.157771283044298,0.5620922620826175,31.31490347961118,0
8573.363712951112,2.523373331399558,-1.2287793509050138,12.857211357066976,0
126187.0599507099,-0.8212863840728593,0.5513983427782422,146.04645605879253,0
163657.2672763521,-0.3360666965057405,-0.780043158149952,47.986892793882745,0
51433.96796379886,-0.9415339202677434,0.6871403060029787,27.039555185938212,0
28229.77585124701,0.9780029759984087,-0.1971079879373953,137.9056910633048,0
7585.9100887112845,-0.4214829971663628,-0.9486219012089668,36.70518647645526,0
65753.46026551777,-1.5105460503694963,2.240612120174282,356.77855604452384,0
116782.20145798392,0.018790511307940762,1.8898139038938433,73.36486435896414,0
1906.2024932702386,0.2687757891486415,-0.8998579716352683,174.18460562597917,0
28169.702867212338,-0.3564271205250787,-2.2301302529146136,24.8187997064001,0
141478.31165484397,-0.5001526812147293,0.10878490586079616,57.678673651028475,0
72367.48553601508,0.8678054595424457,1.8680329249591099,81.47426457993942,0
164251.76588689597,0.291732725378309,0.9595080570233295,49.493626783886796,0
18643.638584443008,-0.13698957769394238,1.0617847669583211,3.5852346226267016,0
127513.9184829927,-4.75557539715651,1.599954186828255,123.48521347146401,1
172390.16979109266,1.1003928922787292,0.3440001063050359,24.32502069023299,0
161521.3293963784,0.37085189271099683,0.8166035703577127,216.8113647362453,0
148383.03535106237,-0.7581638194999282,-1.194683468016552,18.593113826949565,0
56650.440761285885,-2.5776248923712486,1.7986009412536597,152.90715180012816,1
155038.88297433488,0.3389758936682615,-0.061366040099912866,106.1870628112947,0
87353.99280981912,-0.7155127661227486,1.5489179534182032,23.107783914543575,0
113936.35775715925,-1.0469217501069061,-1.2841982109111607,114.97405738157909,0
123750.83650576785,1.0454602404822526,0.4463742447585357,229.35453348360028,0
68746.16888677272,0.9341414422336946,0.7370706706176718,15.163745881668522,0
70791.47181374731,0.2948306892096945,-0.4332841736278544,56.85546647206088,0
158369.32531276086,-4.750814228421539,2.0227116589053615,97.60611775340209,1
14801.745530263197,-0.922351329061918,1.2235796597592736,223.10017583564263,0
145302.60892479942,-0.8089638929258004,1.651914336867378,4.954446450915251,0
1044.9290621914706,-2.755116560561752,1.8352783793893093,117.0583572934239,1
39057.810822604755,1.5413211448013207,-0.0865461606806029,0.7383024289006365,0
43028.709599650734,0.45963731807481595,-0.3456536566056691,172.00137850314002,0
156253.24075522725,-1.2428715860631347,-0.21905858802460865,71.11807144365724,0
94469.0138620641,-0.6295942318637977,-0.02220022343532477,25.871644813441566,0
55430.79522711595,-0.10346278984692345,0.4513228247434116,20.643076018042937,0
37186.88348457864,1.5894412835616984,-0.7988515440172963,71.82314426615439,0
75268.79679967482,1.8054168464197806,0.7074872072053618,11.939317405835205,0
163169.2493188014,0.23764265629995912,-0.6298862375727151,8.369079158394255,0
11517.472608887225,0.4547043964167744,-0.61959998010369,167.28760108883253,0
104905.0792026007,-0.8361948507041709,-1.0588580088579944,144.2615938447087,0
124786.35108678053,-1.869731661954991,-0.7158259138747501,63.27004067455364,0
106274.24087711616,-0.682074798023783,0.11108835130483316,325.48639356038854,0
164309.22355687091,-0.24795420732788961,-1.1289632651331654,140.95269584439234,0
36030.61688094763,1.2523463622980082,1.2224021616505023,35.50519777379641,0
33737.576190881824,-0.8378230611677818,1.9757051012300741,185.76649962720276,0
25037.83389736335,0.3590550934803667,1.0199286054277548,210.75920529481857,0
127503.8528074324,-1.2666319951066096,-1.5482616682308352,161.51101915621314,0
94047.66783623534,0.07540912892466581,0.05135875880268002,42.50845866356614,0
150807.7872837392,0.9704884596133799,-1.464706681617567,129.8083862094159,0
135196.21164526965,0.701823040543344,-0.5881531253205687,127.94641116538831,0
27936.824181747015,-0.5382371300747891,0.030283636552963802,169.66850749278547,0
77469.53276783615,1.6165216545137489,0.10080387045977413,2.0087893256585043,0
123452.49555151066,0.5951311859137686,0.5236847413791645,15.754753530492117,0
75627.87750400956,-0.8348299105466731,1.3653287482758214,19.67402077764653,0
65154.919277093555,0.14601060977572694,1.4225951977899767,99.863353038071,0
69902.33222716468,-0.3471614824184498,1.5654546599591121,84.62256592136163,0
115352.6225975661,-0.4326595133965921,-0.7100250868151013,105.07775737124628,0
29466.568573163975,2.159121154603292,0.7887540438854471,66.90584586964906,0
157990.83377365422,-1.6571435851323046,0.11126851916748945,20.975705316203882,0
38148.9890898978,-0.1771681151147619,-0.5666705929614403,143.03673703652854,0
142568.53807911472,-1.0731902740670494,-0.22669326989871927,127.92863229227544,0
44885.45383378437,-0.6902762332372047,0.9437016343998412,29.48157775414611,0
46799.813018086425,0.7882916566360036,0.864584791751771,197.4446428841707,0
83611.04581975301,-5.201877266458201,3.3752437541557008,108.95341375301936,1
116843.48272663499,-0.11365684249904019,0.3444449443505802,26.785036054560564,0
15792.448838130964,-0.7426591657723782,-0.0942438435247516,95.80990538535421,0
61059.26500290193,0.9437155057560443,0.2594199912631591,35.73945978714961,0
1589.250519353603,0.5850213322877983,1.2161657767822542,41.67087769089292,0
34424.39950169238,0.3588480726789188,-1.5095516224699548,66.03329013272634,0
66147.62649460782,-0.3467498910082427,0.6019362371032422,66.60297504501008,0
65835.2920898995,0.09502788527207305,1.087726751338853,36.97216535221589,0
168627.23933112598,-1.8482585300784151,0.16940307491206952,67.48589436380145,0
127676.16180858805,1.7441031844659785,0.6521678851156861,110.96876114121419,0
19132.51852678735,-2.722454140991939,0.2665216499782007,12.814867325759499,0
170049.6234776382,-0.6141435312471847,1.1078232824168008,35.67651112735085,0
166072.95085872186,0.7798286407550497,0.09390648166044979,1.4794634835381875,0
27097.235478744024,1.7293008660447564,0.7110461025453031,97.9663858553859,0
157183.51439864316,0.549574316064444,0.5066364549090028,216.24895375806437,0
119559.49016129739,0.6041074554390441,-0.8525725887464994,21.726132127348976,0
68182.09608711003,-0.6116931217017983,1.0859184115067195,334.72941319913684,0
149559.6313544798,1.1377767806686623,0.7956870201223867,17.023741393608777,0
101937.7762884806,-0.9710620291077331,0.7594421738225829,2.195878192856919,0
11573.04015796692,1.1044777038374665,-1.4089039044254048,306.94777391856627,0
93504.46893906438,2.0565858207075958,0.24552817205616823,7.169594934519868,0
141190.05386003558,-1.4213499453185472,0.6994500906065418,23.617489864457923,0
58936.26546148467,-0.038323835697372494,-1.8515868342905866,43.20610610826825,0
67693.09545716167,0.7588477658387964,-0.12407722610303959,7.31741311515583,0
85073.84294420424,0.3975277565731539,-0.3166577647366437,7.1787718876545625,0
47473.607609772975,-0.4785542667177183,0.5921029832024916,3.5274544137497115,0
82497.51754220513,0.01742895295810179,0.029174426768095948,42.22349121018006,0
121299.87639013113,-0.3984452749893668,0.7470588278241231,247.469293153087,0
40942.07854386888,-0.748811671023577,-1.4152339308664725,82.01198493498494,0
130389.58561635128,1.1722749596080682,-2.080282617242452,311.11910594507555,0
106828.08134104991,-0.5642898527190192,-1.5074989166017505,99.41426906816133,0
102095.98742632505,0.23987275228472507,0.5172102161589602,112.1646439944688,0
145938.13606686017,-0.546407619463673,1.8295625963212392,12.144128986740048,0
163255.51812368355,-2.162032299927439,0.20327622105746257,9.694463232909424,0
26273.992450952184,-2.013824756281078,-1.7337670900082482,22.03326409801656,0
91523.61993991792,-0.8888596980356747,2.679628693900003,244.95216321064532,0
39256.62745366337,1.4056475975079636,1.4729835776298295,8.961216425300826,0
68282.83540321431,-0.975532935614632,0.9983045685783835,58.03672518931839,0
30659.691364365346,-1.5649738934417794,-0.34969874535875045,278.47998457722184,0
139857.60766668717,0.6436687530224908,1.3458750031777167,18.83470119608348,0
140654.06257064006,0.4202685290565615,-3.250333476195706,286.7245341213095,0
99422.06511670823,-1.8789809447538273,0.18213487101117645,118.8068327185674,0
60124.275921398395,1.5668547072137862,0.13814755636757506,54.519263374217864,0
31308.47061985431,1.027959002257798,0.5446125041840371,22.70593189059615,0
27859.038437491963,-1.4035586295636626,-0.6293742112064558,176.26464251605682,0
55100.18620589279,0.09901444948725731,-0.02264413013637428,102.33949309978206,0
113635.50778949933,0.6276804178744745,0.349827912680088,31.37851976794248,0
129162.97810951313,0.007560180394133265,0.7611923727015086,36.885289703243735,0
59075.510291484956,0.44807834101289173,0.4675749124821571,20.75668567312919,0
74709.42792249842,-1.129667459310537,-1.5341809606872214,16.468856673690695,0
130673.71249059055,0.7811753362875992,-1.571489187576273,43.5524000543917,0
26499.12245845866,0.6443105001082005,0.9465513614234737,27.114305476286706,0
100524.09267438106,1.6787838073868548,0.01159385932537144,36.055550466956014,0
112183.54020565578,0.37034026732884573,1.6776840908998094,24.342737937143156,0
42482.43806285957,-0.3657807453020064,2.6646144920014345,72.22491148602383,0
147256.96325504372,-1.5515374209681267,-0.9961892455959969,42.788012535361595,0
144891.3888880747,-0.7449787674850553,-0.5327010875549777,23.413529692158914,0
150014.98155643293,-1.5058324053306205,-0.7269948257170568,79.60057634229321,0
153288.53411301228,-0.33348628096969524,0.34974781524798154,43.09838934194506,0
123371.01489713872,0.9661396608610485,1.8838110311848022,6.782277784525036,0
87307.60995898972,0.05651064846555637,0.05539691178333415,279.25740890893456,0
6806.908862119192,0.7611740390516385,1.89557477322856,168.82800973071932,0
121065.66657696124,0.7193276018294383,-0.6048743990091834,148.11558424565655,0
42958.924061179336,-0.09326066554176463,-0.795175012413834,259.2927544077717,0
137005.24360904744,0.6040974263555673,0.1345832848122468,78.99519006853657,0
22095.383251233754,-0.3720643253313259,-1.1353162812387732,75.71795722004404,0
172199.74616040138,-0.5465482962364754,1.7219642881321755,117.07991068489024,0
15019.825781506814,0.016374241931293703,1.6720417730423207,119.11434802775189,0
44001.905143178396,-1.1123274696705807,-2.22834243994978,94.05006368728235,0
141321.75255504373,-1.197957962340662,0.37490768630077576,78.99745430791798,0
70984.3063679329,-0.3834179419689318,-0.5605573450943682,55.50515983317858,0
46207.070413783134,0.7787743079777822,0.63695253999487,1.317147036190923,0
59767.62521550176,0.5990841852948223,0.3473634035161247,5.5956992216646855,0
68165.5009369021,-0.7969866688138775,-1.9862906118704209,35.013141474354,0
144457.36482450916,0.21282439866996872,-1.7302221261454855,62.588040586535605,0
126995.18642983772,-2.799964302593586,0.5170003025139351,97.92787156735517,0
94465.83137425546,-4.619210879361818,2.8357742251628264,78.76748298546562,1
139643.20158873126,2.254038108921119,1.3385195085812722,106.20391173410454,0
14307.609817461853,0.3387581622803661,0.8546273105507028,45.00497571196389,0
39815.999213878065,-0.6892766231523877,0.07086499705513648,187.0615792867262,0
139391.7211630339,0.3420994815573816,0.07236038990838448,20.664263136502846,0
165477.6491625297,-2.0534865486558886,-0.48348390840381605,68.49289681818307,0
132453.8005592306,1.2373697935635992,0.4622523292930485,20.30729746212075,0
103215.578975547,-3.0573919236962337,2.277033267880266,150.03665075727957,1
107941.86469801678,0.5724714117797358,0.47304527283800113,172.70606929466067,0
61244.63115143988,0.4133720291303957,0.9491660702381609,41.75499591278562,0
2100.69011129244,0.10269051674858726,0.6883470370380197,26.18450770445712,0
135429.96978580084,-0.07833084893015722,-0.14818929040364195,12.611378323066777,0
98862.84813119724,-0.42447591759177994,-0.3093284927742968,395.8789529501098,0
32490.674141543906,-0.4592203979892406,0.48190163204033865,0.32234505503682714,0
67655.64064512891,-0.430996200219813,0.20082428967447366,84.07659350045927,0
120092.86992266655,1.53739673068429,0.13775840517403723,37.90982650664859,0
100693.05684676097,-0.1498780335221683,-1.8740555027312202,23.212883594204065,0
50442.2507804211,-2.8188443016729576,-0.18718719987707022,149.22620259187173,1
31131.414328196606,0.22271606260096463,0.3544065674743389,242.10219481901507,0
57364.6760183541,-0.5963246890919207,0.8718445698740908,63.354979924703116,0
50523.80147922697,-0.033068001361767865,1.2812696454013426,134.56921731559675,0
3619.289266141734,0.4060940188486671,-0.8341590467165808,139.69158741995557,0
20068.812322650825,-0.13377937252123967,-0.5167091094298853,9.332366262033538,0
4096.699829772776,-0.1947896212832356,-1.1781278953500545,28.24409828750708,0
30936.66694990568,0.9243573680260055,1.8672312871808086,49.83720905469016,0
122729.95560210822,0.21566877093361858,-0.36833271003917634,131.13780413574327,0
34721.34140028496,0.5558260275751273,1.6491913233344617,145.14565445371989,0
163690.56108492168,0.5666021483927255,-2.2199890875563764,20.90314121762152,0
99680.9554597306,1.1407858004524745,0.30096837664241116,60.26423795530997,0
170150.930989835,0.8226824265741438,0.24959247607438337,66.8850170621943,0
100239.35063088176,-0.49705248683568226,-1.1963398992102119,318.3217408872443,0
46784.67951920609,0.8976557716497436,0.7451868818938278,23.771525005500827,0
1724.3326065800516,1.7772947680304536,-0.5363460269565219,10.053740290685742,0
66460.79392913115,0.24245018063581938,-0.2567338034800533,63.05111145024217,0
140911.73483699534,2.0777775851984446,-1.2309784968052595,7.855916716143646,0
2094.4698584647576,0.2839110587363809,1.1706787887065002,31.930593957182065,0
87650.17494135421,0.7497666284891851,-1.8255121089847097,55.08865267241089,0
106036.62963656553,0.8146844372940691,-0.5107771919044725,78.30352071416797,0
89949.97508627953,0.2422911858023184,2.7431128724637457,164.94592873238386,0
31874.524023147846,1.2705292241471429,0.7580657061739681,76.626843053318,0
54016.938704154265,-1.0179494461351504,0.31982306261406573,36.19782774554083,0
9117.836558139334,-0.11399655283962636,0.009511839940994225,11.540937544899574,0
147864.2850151268,1.769913067655593,-0.14158441929433813,29.461554790700923,0
59879.37622222971,0.4931956884898786,2.748782415910065,2.787064556652658,0
52243.18548793812,-0.22366657180344413,1.5473109830876783,108.3124078954363,0
80127.08437362891,0.28727251402742693,-0.9117822876686418,56.608749229012,0
139119.60703605053,-0.8396083720406722,0.020029748824347503,132.5944001891064,0
161729.9564973511,-0.6630921738253879,-0.07347305456421788,190.08008087785646,0
13338.005223133663,-0.41343880237651026,1.5461085604314098,54.316666912837604,0
27779.310037147658,0.697238046390313,-0.01568796675693795,25.86494604884737,0
42622.60881117424,-0.8818184989854194,-1.471211744279153,42.90276875139987,0
52920.62567192649,0.6069426083866378,0.21453291888641599,54.164553172525636,0
2285.938870034801,2.27409356914324,-0.12265510030761952,25.53375269070084,0
70783.87303789609,0.5161630229264693,0.03986420749158606,74.76349480223476,0
56443.26230079741,-0.4583983632127938,1.4989584626675316,68.0259630352048,0
139311.581148241,0.06078537250130285,0.3901926106054028,70.38033883461114,0
23356.734765953373,0.8918776345702746,-0.8087941184164312,38.66074877685526,0
100105.53983918286,-0.28368622092717277,1.823358962036466,209.24410425919442,0
72791.66360921564,0.44769626639501187,0.35339379745895677,99.531018996648,0
26102.80369973956,-0.4799681461487265,2.3930122947667867,108.09587811923942,0
151689.03750467265,0.6443884535381822,-0.15378516514619175,6.806254953956754,0
71053.89430946446,0.22957264107425313,0.2518694483180255,52.36762568581377,0
163488.75185669173,-1.8156489758788175,0.4562033191517433,78.12456765832212,0
146372.11090281783,-0.7877224332655192,0.46538407681917565,48.834698786155876,0
55080.43250666168,0.533695248006193,-0.9831031471441493,49.08777773020154,0
36402.426260179185,0.3918287077161016,0.2618572072457253,55.16241918211199,0
4581.154461592249,0.8066764021643629,0.12150300981893442,16.308188266285427,0
57908.53801597972,-0.13111133868048266,-0.6679416704595047,25.19606034760123,0
165531.01611860993,0.8717244241841364,-1.3980980146818753,86.24275937201008,0
104654.2272750855,-0.3617169878172646,0.5794987376006449,0.9440165694811372,0
34880.276526845475,1.110911144734433,-1.269923087327547,11.86525288806419,0
48149.521306278286,-0.9501045691456493,-0.5261653710601875,14.78802691780062,0
59071.514443302214,-2.5093871729200385,0.6966379464339163,163.00913191975783,1
53946.38647914556,-0.08860610634860941,0.16954041021828617,44.49740463702973,0
35863.07377634556,-0.004142584944154457,0.04042893983346719,81.57570308450934,0
21632.104892600717,-0.4581369898417196,-0.4883077867114918,1.6056966339334031,0
109965.4758489671,0.925904176727718,-1.0260352475552401,126.92014055088974,0
2487.194835221814,-0.3231676657024847,0.4795105629413033,8.006528344969373,0
59630.471224686786,-0.31444379029762937,-0.6183968529606526,64.39468618267968,0
134274.11656062346,1.2625774069641502,0.2099260524129978,52.31588669505604,0
42613.108124202656,-0.8505653895034339,-0.11038318064603528,238.76576015754202,0
27765.432238206846,1.2959278615737506,-1.5697766847188763,17.19385460928712,0
130665.02323309852,-1.4723540615107777,-1.6820672836977855,46.73314798448665,0
15808.925502332042,0.40329960416682403,1.2938176908147259,94.65146995848465,0
111596.1084268196,1.587400602415537,-0.4033147673217075,6.550578929620868,0
24896.814223080884,0.015123261584553639,-1.4781137143876892,45.780715875046454,0
73889.51046393669,1.5623545093732296,-0.5114375287825396,252.1259315770847,0
11931.132611162833,-0.2801110077500062,-1.5081692093721777,1.2361554071285077,0
147126.23269835254,-0.31178557325602474,-0.6603813705355391,124.41675982104624,0
163684.5541719308,-0.9157550411335605,-0.6274611664757017,19.53696517070974,0
90105.81506673226,0.9099625408605586,1.7706418724626733,4.242004220981782,0
73305.5631978775,0.8096575301482413,1.3801232895853999,21.139100009221263,0
103958.52252128602,1.5907957421712526,-1.0562704077481062,64.92558967101856,0
12568.5989761539,1.5401078237440315,-0.9809709185260753,31.072751041599,0
159147.8532454883,-0.8507827486281534,-0.7203883588004716,197.31255690237376,0
31419.354333386986,-1.972089026643818,0.09345849176635274,19.251044876392804,0
136960.38372253848,0.4301429743153713,0.33512613307366396,29.332407301537405,0
1900.0791921854266,0.08184433452953882,0.1927987925062688,36.77499350458287,0
167037.9527307461,-0.7841638583598328,0.5090451447971439,175.80615025300813,0
87740.55443898469,-0.044566899425482,1.486159237018532,119.73601204386328,0
67075.76324848698,0.15165727214501756,1.1842994311567254,81.35048967002226,0
144537.2108587935,-0.09665390961814083,0.13054229242835844,255.1530577506956,0
57542.730576456604,0.32864402580480856,0.32638100784556046,9.452532476824514,0
50714.868650363416,-0.8192664641893721,-0.07493757172372349,192.45954950404996,0
23254.77895558982,-0.33702637468137664,0.21498453633275158,19.45779374539123,0
132095.35781144715,-0.5972789358462477,0.7349359742543154,50.43115193305299,0
21569.036653471387,-0.42158231144029273,0.3086752940556164,180.59624073042016,0
110207.37171091822,-1.1561273671510321,1.0062507994327152,2.088993729030896,0
69587.20298786,-0.14031622804715976,-0.34513723047659045,49.3619713908906,0
18984.346054407295,1.4295196585259922,0.8530604560516108,4.96933465721906,0
86854.67872648654,1.6047350122948532,-1.807262309565734,57.705022640035786,0
78737.4868813712,-0.06477225979787651,-2.038446524882173,14.962811973531707,0
90614.63853980583,0.6792938199823493,0.818313736319962,0.6592193512716947,0
142998.54835395588,-0.1135881136210503,0.10073580812134493,16.51221692470417,0
4812.867213881656,0.49127402072628285,0.2991834608137983,41.81152012939462,0
96400.57115406064,0.44103583485076286,2.259602027742478,184.123185239686,0
33630.99898260187,-0.5653499525010943,0.13367883823762333,26.025357861360508,0
121260.37372599004,0.10607257638683824,-0.40266821123673147,56.86149294188887,0
157408.21748053597,-0.6368452142703895,0.34738984170855525,61.72735488282724,0
10038.289319484444,-1.185921599186856,1.4395979274301354,294.23703142573214,0
149523.10713946007,-1.361675030463631,-0.550451872689212,28.076257959140346,0
135630.1976448616,0.37969967741711247,0.8549446510561495,98.36816719458008,0
74707.45362016161,-0.5159809893490795,0.722776773932773,18.5849385514531,0
92789.18027598187,-0.007480796740746615,0.5358569424886379,69.26238933334763,0
34988.64079655302,-0.8146856532376702,-0.664267864958582,4.731501788351201,0
6728.489283628617,0.25203397993487703,0.6416252324412085,1.0201799003205252,0
87844.70250713317,-1.015581379650545,0.04117951694893489,18.663649841414173,0
125344.21252058337,0.7836604742267077,-1.1992824219641323,43.2031462483417,0
17473.998434018155,-0.5927028229571065,0.9918537005078577,5.829207527330554,0
99740.14042773038,-0.9985703864824396,-0.7299966715800764,57.56836803405586,0
76471.86495998803,0.8889877491836431,-0.21032777286549081,139.48887752906637,0
158894.9610605654,0.4334524416994807,-0.2989373970198303,53.520080822831964,0
35210.84413726468,-0.7148072589914705,-0.9899153130235488,102.85976002378682,0
94842.7773253671,0.6868274954528385,-1.2592955518800382,160.94219029699022,0
52020.762249769294,-2.9469042192840145,-1.6994295196075182,48.031665575908235,0
17714.758590686786,0.28191802075105005,0.4113602775697078,13.361339615971346,0
125862.48362989083,0.7679376635165371,-1.5023889816895173,63.51071841283367,0
128199.68529846596,-0.82932037436137,-0.66843303064877,100.43071374356208,0
152718.20092167996,0.29522475834524275,0.7397592906972692,33.83809979649129,0
163229.33712511123,-0.8093466847948803,0.7515632254021709,5.782838802637021,0
24580.6909091475,0.5019002337006719,1.0286987158898995,130.20337739317245,0
33919.655439352384,-0.8539202975207183,0.6176206650846504,66.3364022045577,0
82183.02194684303,0.007350674919699149,-0.6180320739060579,24.373936610823698,0
116145.02259173582,-0.5289163791046552,-0.5082651460833204,17.89882980440833,0
121599.3219199,-0.08251351891139448,-1.3803898467240674,115.77888731947091,0
165081.8338278788,-1.489284264440218,-1.4453998367807581,15.840116680073885,0
159126.7508118973,-1.3620433708547575,0.40142965936746206,160.63110828924783,0
56591.54245634365,-1.722256933957519,-2.0870692457095164,37.85670762560286,0
139102.099144837,0.47263976299001165,-0.3722565201257048,56.73206250399932,0
58420.98593848997,0.4815076309913054,0.02464737821054295,68.56210773493416,0
61278.70884032619,-0.019318304271835673,-0.29789534474353074,9.94120709003994,0
149717.9261156602,-0.07728523746629531,3.071336701606002,172.66324204442884,0
43974.374103635375,1.2588862057428216,1.1090994654767188,16.302045983000774,0
57257.66339763559,0.6623061423683021,-0.18309078461128447,103.05398497684936,0
103069.51063146035,2.5032378050694883,2.1272974137495684,212.68287224234348,0
61512.078870938,1.121689142387919,1.8551185730353463,26.353759719386357,0
71153.08558580307,0.24389094162045094,2.8241670094027294,24.96068249474464,0
165335.00811568464,-1.2084822042690762,0.33234637147200347,63.59957845553639,0
156763.3013059674,0.43383524008887653,-0.48763907349858004,58.636189132164105,0
64017.57936235081,-0.43507724157631605,2.105856344363327,151.15072528465592,0
99945.25925870749,1.9824704501689276,0.15364912929661892,27.974105504065697,0
114574.5547436314,-1.124200096946978,-0.8532181181418795,24.707979646748,0
49933.761106358914,-0.7962901889920904,-2.756462797090711,122.44318589139719,0
93363.2406933651,-1.1182319393560314,1.5107316515392135,6.869525106676614,0
71301.05409864218,-0.23860553171462742,-0.9580793796413607,46.72249397150394,0
91907.44125206686,0.16222321689883193,0.02084148213777202,6.965325521314859,0
61829.78388519048,0.6834146735600306,-0.26043058649511314,186.76801888787324,0
137207.55270590715,0.10254143981752241,0.36731938784919665,42.47023148195192,0
170601.31514562242,0.18807335699177305,3.186574911811055,10.647984775603224,0
169960.41328556096,0.532022432272786,-1.0684374858458288,425.06744780884173,0
11240.9152678563,0.09131472861134962,1.0275527136751572,73.13406926767532,0
100875.9364728385,-0.32832094269055984,-2.0092153440255616,77.44929034475567,0
152214.46718957485,0.3023229003482749,-0.6200229490767115,113.07392074001208,0
40126.35372137003,1.1209365124062458,1.783114519992506,15.722756305181502,0
80091.7707687389,0.114845090277753,-0.3447665798736565,2.3037223212661035,0
112084.81172965132,-0.16065328636607445,-2.123378538398228,35.238728587312124,0
32937.37915526492,-0.2867216948200629,-0.1805502908857391,169.6980406267302,0
138924.0301050755,1.2724833308487593,0.6868469770637194,161.2661915994457,0
59736.26767747728,-0.8741992700141499,0.6290854090140003,10.00325600085986,0
152567.68029443518,0.841632255765075,-0.16142789803281682,245.51921701815922,0
161209.41625203934,-1.9495901727260327,-1.2243997732210297,28.770590111314373,0
109060.75457232703,-0.3860025756494393,0.7842847532637518,80.15266386725683,0
81573.16811500787,-1.1646633485123947,-0.05169793937523165,0.7617597689727466,0
102245.26964653305,1.0772936730156928,0.11316001139278317,18.705434454040734,0
103992.20362577328,0.3308635310669119,0.26978392939993606,111.85463805344038,0
156450.00552524877,1.031380525277331,1.0033133128149014,34.06742243419448,0
117083.1217263464,1.1535028497815438,1.5583840118807817,48.77532286172834,0
164860.01751030723,0.6037132405441962,0.5736569632767152,9.930451449073402,0
130284.61694152426,-1.1933757685433153,-0.5374063789038138,53.626196140019665,0
161007.04271799067,0.955388571179851,0.02884889479318494,3.6460421821319513,0
48557.57741142571,-0.6842421805152435,-1.8885234127154062,4.992774121226238,0
14127.960720765066,0.6461296760241716,-0.36702241863162666,24.691106242294094,0
92107.38826013298,-0.25518717151428366,0.7403334225564788,19.790668557433616,0
30086.093145729774,1.3576196330501393,0.047672894622295944,35.729898535776655,0
160389.8665540908,-0.22666220372399956,0.14171179031750872,90.07909175068193,0
22268.71309941133,1.9920944074974534,-1.2687510076012833,31.535307383782193,0
126182.31282845266,-0.26284049946239324,1.669383459547647,230.76484504142587,0
37049.440261218835,0.8594142547594531,0.6626783576861647,66.41089127011934,0
143001.16743295532,1.2160065389114765,1.4554982920789432,22.746561016285376,0
152077.66633061998,-0.7982060763581541,0.24618394429596727,179.22938635150177,0
96882.06431511433,0.5557421780428925,-0.8653895050452268,49.02179243234349,0
110891.70385319086,0.3160878221089338,1.1795382676077382,22.729947005334914,0
60581.530161779956,1.2666612531984123,-0.8257871252545068,234.86408882385388,0
92970.32348688244,-0.6638331028256903,0.7204861082542877,43.17614281146746,0
20813.300351406506,-0.5427989717169651,-1.0960120478710536,52.65209725871385,0
121925.23706485289,-0.6537420298069675,-0.621159243445229,29.676695586804005,0
127604.02335862922,-0.4751252784446032,-1.1171417612046128,152.82807904451002,0
109332.61264775824,0.27403884064930323,0.7164302036574001,59.01393065168013,0
113439.50334688366,-0.8574424295472166,0.4348929626773385,14.980240982538783,0
128546.81636581186,-4.75347136531875,4.421342422767123,69.96853137583797,1
138725.72953767367,-0.7163942937007461,0.5970560997385407,107.40212762654791,0
47109.42732675464,-0.20141990007697352,-0.6402304954680139,0.8043043797718663,0
169779.67584584348,0.8560480947755128,0.3421194201096571,20.523791305663647,0
79950.3445553,0.002925966679437699,-0.007928587453370405,45.48913539068754,0
93549.49993280534,0.36905204858996804,-0.3072898386747181,102.20321368654362,0
109177.37746848029,0.10722928841915275,-0.0783866997293929,4.932505873605357,0
164473.0765211357,0.16823054118369438,0.6128840717631837,128.13403049801352,0
127508.5872050288,-1.0561115691870866,0.09689787603431459,76.03505529680812,0
91400.33675990223,-0.05123583553219154,0.3330584350670474,264.1172509575132,0
133541.4942645703,-0.07937614002031229,0.8520150349084945,60.11832467615281,0
9457.81175663756,-0.4564956095040957,0.06319360385022683,54.604659593387396,0
18295.082187228745,-1.55102618198332,0.31977804112682007,1.129791716026941,0
54878.99822112096,0.03080713499795014,0.6568058285094803,206.25190046335632,0
63548.815831595646,-0.5918760663430924,0.8277752143719177,23.93358642483239,0
168218.8938738542,0.681634223668389,0.9011117810621716,24.549966764287355,0
31885.232144782003,0.08127716759106869,-1.0835965446725377,9.455618767442498,0
42721.529656868996,0.42124737869098017,0.14328667188202532,20.67101190743193,0
32164.283131778524,-0.6608411967525808,1.0171742141701563,4.030526981562645,0
122372.13691790466,0.9109444038394753,0.3860246187085598,13.85026190113777,0
72506.89078752209,0.11494177175913174,-0.21795090624353872,50.9553737910383,0
136368.79003134806,-0.14486675514609437,0.1045422455492162,86.46561948166932,0
154886.82944044948,-0.6489985204731576,0.7567270028534282,35.95505541231964,0
165562.79194127815,1.0733665824449723,0.9842964451970457,3.060044282707577,0
139884.37771245893,0.8967973320332352,-0.9604469539838816,662.2179023708325,0
69378.21778083062,0.0018035063564141765,-0.7647682898525335,203.2989866255046,0
22755.496913776577,-0.47269227772357164,-1.611717065618854,12.473996597018344,0
164748.017557226,-1.4473813334630898,-0.14522864583891965,64.11414226388366,0
31239.674017179183,-0.5025865139056851,0.9016194489247448,262.0016284608754,0
3617.4155604595085,-0.4150913367253287,1.2552262466345816,116.69606318888597,0
17990.14741358394,-0.4046958568633263,0.9386110786254933,169.56621445999247,0
122474.70522359785,0.16344774661747724,1.1285457775311865,2.6052040890631782,0
70423.43576240404,-0.953157504755092,1.3229733083455433,25.619971471344947,0
83556.68775320299,1.5761725277413785,-0.3650550328049707,7.924554102313047,0
103586.88493302623,1.1120468421032064,0.08669457148553406,88.13321473938767,0
167798.86476457556,0.5598284488280599,0.5687696953394487,9.197217498899011,0
143717.24914717366,-0.27027036767460905,-0.6517041482182336,81.00542278577696,0
126360.10183922641,-3.417877085635072,1.6958913114183598,103.10611122630966,1
10050.703863346216,-1.7011404742672418,2.0449387980310263,171.17000248896196,0
120102.08754675799,0.0637023597657709,-0.520209013454081,50.676091332740214,0
131722.8712893992,-0.20731609600824458,0.7435106703345966,10.956266545253262,0
19567.534321282506,-0.6368823889389575,0.8223422986875516,47.355433602216344,0
113465.84953672098,-1.5722305440781297,1.7123077283669226,31.793071724417146,0
85772.08751637363,-0.4238335382064832,-1.4872897932074287,67.87300705194517,0
1851.6034417580265,1.557186632376758,2.014113723359744,31.141655649970932,0
13924.36436310955,-0.7227802554444938,-2.553631015648598,9.295329191560715,0
22900.263449791408,0.12792720237457925,2.208046047543548,104.24484499991785,0
88320.43673098569,1.4198444873730531,-0.8121571305340674,72.29459459468701,0
33830.43592611676,-1.7582088766554351,1.2559370400156968,62.50206034986892,0
117006.44654620961,-0.7748021781355291,-0.6133636006232359,39.77124564482885,0
96797.06210220628,-0.6140381615494112,-0.33159377893154535,149.3483758903197,0
153130.3996128756,-1.7782027275658474,-0.6161001532392837,89.29602021492026,0
82255.93275492286,-0.22789255876583409,0.9660928553563207,23.262163825670797,0
111485.85818275294,-2.3960822883304163,0.2638884943500218,51.94426598186675,0
39412.184592775535,0.583837081539059,-0.8588442782989592,125.95587493506174,0
141707.6643552162,-1.1087648954049951,2.3403002158569794,35.1654410595029,0
94087.7161276348,-0.3894035615253766,-0.8539289145713574,85.74583244479862,0
89788.8975787597,-1.4068105446048718,1.0374666695650432,1.749396874774249,0
128993.71480439458,-0.46507594620100606,0.015033925541790552,119.34829171912132,0
166881.11785685236,0.5981721503347945,-2.147132099966032,7.70221205999799,0
59337.22213629692,1.1469628682551696,1.358949951267116,33.06917083872679,0
55931.77205065331,-1.4972323944841732,0.36190783636098817,23.329761231080678,0
104283.60699629583,0.07468584263688564,1.3010966934656216,110.27451592743533,0
147271.19749479616,1.2120907193227362,0.3908699078019598,69.07954139200847,0
13645.871226575184,-2.476792066877087,0.5505569328262319,95.4288044175656,0
68470.62086637944,0.4891783506377937,1.0868634897218359,59.77872521416194,0
89580.90619213127,-0.06616593454643473,-2.8183042862021788,70.37537849507851,0
143174.40731817085,-0.11648835263103476,1.5336228457329233,64.61866653181575,0
66616.45713854018,0.2452917426369353,-0.5687057065970534,20.822317699866403,0
138138.11693148257,1.697623779709341,0.7762935907473221,97.76655457908828,0
88102.77285031909,-0.6059900460849119,-0.7907106194885667,50.04323828657353,0
123733.43537624256,-0.25177867392637926,-0.8003911042966898,30.076932748886158,0
25414.297504537757,1.8951486121089698,0.7670626894897021,92.43141853508448,0
79356.65084875435,-0.7708136306140894,-0.31722838822147553,132.65158591059588,0
48487.82052751188,0.968498802624876,0.9510213361781547,30.92948957831108,0
166405.01826683426,0.7589816954601127,1.8190771901958052,79.21430289227185,0
17183.472668814844,0.312865651490911,-0.2870822031150092,141.99123846245,0
164417.59471854882,0.8264531108587624,0.3791236330692372,177.76670310165375,0
91072.7649639334,1.3048347633193296,0.4526240299801209,238.46930360696376,0
117126.12101357564,-0.3700224658372443,-1.47314587664653,61.06004593003442,0
68947.66722875851,0.8848425828011585,-1.2424196738324118,76.50123405016872,0
83824.35724446454,-0.12107543239055386,2.753229510803207,48.30786144054716,0
125883.18901352676,0.20394385751599503,0.8869526074731716,88.42415774081364,0
874.641688626589,-1.5302791359297876,-0.15272994498015613,179.22432942333987,0
62240.942835866226,-1.3326784410252037,-1.3872865134308663,1.9438218816481188,0
22380.178397668562,-1.4844390681934263,-0.782541286326445,98.11323258958757,0
166373.62970239168,-1.2960486928239283,1.2959976706397898,62.615705232743444,0
93314.05884365943,-0.467738683858582,-1.50860945437971,32.443690331676414,0
2008.0292961197897,-0.9395651672539582,1.4202710852674623,162.67438673374306,0
138139.06388583963,1.762979652537399,-2.9118039447172657,1.1765764907868124,0
49168.75144497416,-0.30639542708651957,0.5011620700684521,283.07798040332796,0
171787.28161901774,0.7831556560131748,0.03889451623624384,19.60031119682456,0
28155.06899967105,1.135620585491476,0.02166541170356352,67.99468829039802,0
117342.70925684614,1.0570590113565772,-0.5220719044983598,61.83771646873051,0
161882.92143931828,-0.19807363014936016,0.7540858050384984,282.3683409178374,0
142881.15933609175,-0.3494249506357074,0.2759858494205397,49.161210657779094,0
165043.90782000602,-0.24584831744398336,-0.26601669556034696,52.545504416564484,0
68707.41901393603,-0.9683358632535589,0.06658882690292169,179.67267806919958,0
170031.3375674583,-0.29505618980564213,0.5769204106842927,133.51649415537736,0
16792.098123588803,-1.326262161949157,2.440923965456535,184.94804085468635,0
160191.5693408018,-1.7394252442322782,-0.9447528520088898,14.892999442648852,0
75617.81983677173,0.006548657804539276,0.7629582567139714,53.15795757505871,0
107365.93185410622,-0.6353053696216646,1.6100761231896492,89.3745573818903,0
79392.40158055449,0.12390681652107108,0.2774211112373432,10.53628781925318,0
165533.04459523657,-1.2043298271789604,-0.2314180612049924,19.818894371268215,0
162345.4171022919,0.08551332963959903,0.5247925755013217,18.085842639675576,0
120897.71763070262,-0.21053494035299194,0.7107740251751941,16.513969858498132,0
51541.48009165641,0.3100688238751504,0.22481673669147476,150.83782406090725,0
723.5902589111191,0.5721731310374635,-1.7993566812164734,97.82261810704267,0
78451.48014268866,-0.06701004172522106,-1.1529019436473826,80.00151619723222,0
34028.761729552425,-1.9232162862097522,-0.6565769633469216,227.031219328466,0
162730.20296775026,-0.36702261472164177,-0.18998142349707814,63.23867801891376,0
20833.95786231378,-0.29987747449661223,0.03979945411601616,23.42287878203059,0
32216.531698527182,0.8810588920574334,1.0278838914334096,168.45103112682887,0
116069.87826533204,-0.5659371308924055,0.4524964561026824,154.99809794284582,0
40255.39723742792,-0.6590238266596705,0.14805741389081464,9.840329289832063,0
95918.67923943506,0.295195368158836,-1.4904928657368934,59.55471317091531,0
66145.09254964541,1.295148544195343,-0.2468578925108528,104.58710116905566,0
104983.75040856855,-0.041248128979203026,-0.6189888028476827,31.73696171690677,0
145468.01262382942,0.561472629826133,1.7533751987243156,90.74751478265198,0
35262.32634085258,-2.982522438472132,3.297715707669235,37.238764390528345,1
75213.3219246525,0.3093904424598202,0.21987014237394562,16.36575667659578,0
43402.04943236375,0.12301867352675562,0.10404648103908559,123.92894349819196,0
853.6287054659816,-1.0071949875269783,0.5567179766334188,259.440137515124,0
149571.73076392262,-0.013283088959019524,-0.8184750861301682,167.1331451257078,0
12573.447499732642,-1.323649570842179,-0.8264913757102347,20.851670172912698,0
39355.154398634615,-0.47025571626635737,1.6516389486858793,149.88355619931397,0
107852.93127633036,1.4201849387819487,-0.1487295878173936,109.06103554626813,0
155163.21870707773,-0.31120828917368143,0.0879642774742757,66.83944016154655,0
71563.57658766712,0.2733112495851642,1.4588191358564693,183.9969291559996,0
15797.720186001476,0.23045988062763317,-0.4705391395294173,6.943578449654431,0
69004.66985842567,0.669884490215741,-2.1427198463985464,42.053032203316256,0
57256.76282740717,-0.1121264436113449,0.9393198902324554,29.338061899013333,0
40128.42658775209,-0.552750787066322,1.6955158192498565,36.98174480272685,0
167303.8243436639,0.9389694687047921,-1.0427750567564191,177.41370573118445,0
100749.58173556281,-1.245051223503995,-1.3182762920299418,41.476023041041074,0
116253.72537047425,0.22352376254153686,-0.6211347987962408,486.1702455319667,0
105019.66363892876,-0.1693288571150473,0.7126620321270069,52.90921248537581,0
30278.322219886966,0.9165676137777012,-0.2863014028941872,19.273125735343275,0
142134.4355771236,0.7410169513364492,0.40608510987442903,34.30267196444021,0
27883.492022370305,0.3424508791769014,1.4316359869379698,18.824372320463432,0
151604.24026423352,0.41478446207924113,-0.9878580736322409,241.0720903862721,0
142147.75423916362,0.20934885733468878,0.45507557572037044,14.80432541245541,0
133083.3389916262,1.2149441068549691,1.1420545923522467,4.436110498089288,0
123482.17544257078,-0.3998267342865265,-0.16877193943790955,28.78723233454043,0
72335.33710588742,1.2075031949519206,1.817310819725607,187.9540000310152,0
31352.546481804337,0.5368074692249037,1.8224633429937909,54.21492098857979,0
58452.62503584932,0.3252594982295819,-0.48754455640659267,84.94416391327796,0
142114.58616987852,0.014694095544366792,0.07237551561489243,49.61836693209362,0
172166.57354198833,-0.9988208693340495,0.3147099423907597,19.698767000939156,0
64310.4617191223,0.9330666057209853,0.16679366453099267,216.67001740447097,0
26283.62014080875,-0.21673178915646166,-1.312912976758239,210.04515469197432,0
135203.18035036974,-0.4928849123837183,0.37706090962839983,22.98022055124207,0
137795.2165336772,-1.5976197291684564,-0.950175462069795,63.1817083124801,0
83532.80493615974,-1.070668371416597,-0.4338475233525722,48.07212173008328,0
44717.18082048292,1.5973972932216232,-0.18707426992272058,85.9335316368049,0
17390.15628886656,1.8486630689665502,-0.2243068279436459,27.736577450216625,0
49226.03745902026,-0.6257730437317763,-0.09384561622336653,2.211470810097259,0
33180.379443078346,-1.3638679336293416,-0.7722350213415422,57.77983816385097,0
62075.52623227951,0.9951676651586061,-0.33477332470482757,302.52604740272403,0
56104.00016660236,-0.3017984933962528,0.15557946923063878,207.84513239096336,0
53010.996397426,-2.4923896515830672,-0.7274657062336721,89.10060160220759,0
99090.06706770384,-0.17125630482493448,-0.488273724696688,4.667467586071976,0
95448.86861481809,-1.3859266659702465,-0.8343763117547379,164.81254501498665,0
139219.8024297692,0.8717025855988134,-1.07050813463542,33.24064716106308,0
68598.40615043617,1.1494873640103684,-0.9834497634779713,12.760079267414453,0
26358.74661558436,0.9067872729323987,0.39017219288008514,9.286881994831077,0
5737.4971991481425,-0.6172857068788872,0.7156090679730908,299.10523073686284,0
5735.120468387251,-0.07686540700366203,0.6104399993168492,133.27685638521174,0
41805.79435852351,0.1654915641331403,0.3582345940144528,64.93137225520842,0
17607.004657807138,0.18411939832816962,-2.3092040214088487,52.355278641933275,0
72891.90925151006,1.6218737477850513,0.5356540513524742,51.45501274571791,0
161767.54497498294,-0.0018287588441003935,-0.2858722549791206,6.268389961966877,0
89523.79166137158,0.4218272861608771,-0.9053361675148525,37.3622251809226,0
106309.91892631869,1.3049626887904189,2.1120893272529084,144.88511011527447,0
144635.90314124254,-1.1546343387288442,0.5596615703243687,68.3761073741454,0
158699.09527169322,0.7047894424389869,0.9626135747116324,116.5084496557497,0
117348.88074816781,1.2146667801329025,-0.9511080467424646,116.94215785800148,0
52565.53875314933,1.645354952270745,-0.4172348352383145,44.18968511389212,0
53881.82779713286,-0.863189712166828,-0.7412553675094832,41.919081677205206,0
150910.19986074755,0.9765065890631646,-0.6270365091498445,20.28663136006238,0
28409.275424830244,-0.5031635190463567,0.2454097417713399,44.74159440695768,0
111210.22572995951,-0.06541023359539401,-0.180653382045721,238.41380845192342,0
88536.46075991263,0.5656329018867201,-0.5348543227867003,38.58777030535234,0
31877.49654149288,-0.36317555873281615,0.5712830531642964,162.68348110530903,0
34786.732231716465,1.2167234924979469,0.645183496480902,42.57025864818871,0
13271.56674873204,-0.6116051462045847,0.14599591431263995,11.684944810512047,0
149823.04252995912,-0.4245981660221425,0.6067300025201064,0.649882813309453,0
112029.35168772211,-0.07627815173958268,0.14623527902236097,84.61512199537691,0
160651.75432479664,-0.08378309988906465,0.7018822520592939,80.80803005046491,0
94047.08534444697,0.8153241668090142,-0.9370576764661336,41.16421490389281,0
89567.3639284537,0.9465770035733866,-0.013862134504271355,4.941909186787225,0
89816.93831047985,-1.0981863837781498,1.3878459703459733,104.03484045453024,0
51416.372387892196,0.8225729212004805,0.5136752157933061,128.85991593264467,0
118866.65281358054,1.0621674475886602,-0.2359800988669462,136.51746397859893,0
105409.28167133512,1.1792631585792293,-0.28279321010932484,47.1575871057452,0
15291.504354571689,-0.07285768884105508,-0.9042951866515898,50.665972347179796,0
140801.77965539732,-1.31246730344855,0.7258211480387973,145.59004882755053,0
105515.14333391411,0.6928152103009226,0.3342754660765211,32.58508966597783,0
123435.64265500757,-1.3387237061355735,-0.5142689715706409,81.29914489122793,0
88028.14374428366,0.19286184315019064,-2.3981630952508977,36.21393880088081,0
166661.56579406024,0.4583179391254417,-0.19860215535348436,225.8836705117722,0
12114.686530009201,-0.5516751380466781,0.027010554301906357,37.94093638774716,0
43241.97280284207,-1.349605255711928,-0.7978221214427796,76.30434932495754,0
100335.49503718477,0.25051420375559713,-0.7940837066054469,20.705802751882928,0
29529.375101003374,-2.5089571784950757,-0.45662878572190524,216.75844436729767,0
5643.4857035608875,-1.03873443416267,-0.5648714942069116,169.10230728066063,0
119914.48924015509,-0.1829015674239269,-0.304065258065758,71.80940002397331,0
156600.79151403514,0.6882597107724135,-1.6599055625051826,156.57946399147397,0
95998.96567623511,3.284118201287884,0.14987219793527454,104.68009580020959,0
20428.177931900107,-0.010939051960085844,0.7323480796505246,69.00085094265081,0
80455.33753328912,-0.787036278933299,0.130129438098042,362.3224924098843,0
125532.58437152723,-0.1332787152291555,1.7679286668395335,14.239506793970687,0
63772.362160286386,-0.1564092787928027,-0.9247118804011716,27.513918316548775,0
119669.60416961226,0.7735476151070181,-0.2925947499076102,40.57292931445858,0
87482.77508077104,0.05517063787146392,0.6629937020525997,8.741060119920931,0
28677.00590711165,-1.095839163003958,-0.2249195395553516,28.68176149275964,0
127427.22762117304,-0.370036612568197,1.0288491536095945,33.43566318936398,0
101189.55177318744,0.07427369019014479,-0.22888016315794182,250.55050343739063,0
157113.2515728776,0.8185946183432132,-0.48512994209987004,58.25653964480402,0
67814.51456263139,0.7964303666421104,1.558628017070086,87.19361487889333,0
12188.558176062894,-0.3056320547856803,0.751090543003633,19.63761384352429,0
147823.58891710205,-0.18919018127507997,-0.3207463714788462,35.88510047957397,0
46899.540941192245,-1.89203357248567,-2.2816620724205774,20.677502593142997,0
47468.819240275734,2.1487062939370514,-0.8356012406877456,108.55917149725916,0
163669.50078916282,1.4939281436421976,0.2898111955666193,26.810993131228624,0
170986.52160881093,-0.8839229498283454,0.1253909718067383,16.09369450975816,0
40367.419381424435,1.5884471762401118,-0.3855589799624851,32.03084526203972,0
105542.79628189276,0.896499670200166,-0.8842760363604175,112.77011867471283,0
150000.1960505674,0.569758919704179,-1.6176214586261501,24.88858979520375,0
129095.1245598962,-0.4075893446596956,1.0260141257072977,123.75026551658455,0
65290.616132057854,-1.9873102297264285,-0.2528800657783739,3.8065912806276976,0
15530.719980008564,-1.0704682430200712,0.624606644894278,54.392974986867394,0
66033.70125106796,-2.3559189249323222,-1.243358737609354,19.50786510362265,0
56075.63907029911,1.1772087874169148,-0.1085864768279433,52.18387604537586,0
67142.83989951575,-1.2243872733579544,-0.44447952987770456,48.60184608584793,0
168375.42276471356,0.613460165671837,1.024773800665011,74.127245262915,0
99164.01882420224,0.5516802322559695,1.4492924284038262,75.93764837402017,0
69446.10814111815,0.5711026285913683,0.06382122503363889,275.31723956038314,0
153560.28906986088,-1.8825207514674638,-0.2596779635075291,44.12657912966925,0
79304.92126793055,2.171192861062495,-1.5179491149467033,93.6355345306693,0
123140.96635942302,1.2950071499384181,1.569584066281079,109.56394267964305,0
145004.53387462604,0.404941353815343,-1.5604334678050311,46.34937829622945,0
8326.542941561589,-1.8481101123885366,-2.2994555236698986,15.838731360016164,0
150666.57698927136,-2.16116210357171,1.041107816524563,83.07538613011143,0
149662.34704128985,0.0778857269806748,-0.3488519971912,13.81497746906911,0
105153.51272194942,-1.0706664061901783,0.6289391096964736,51.929066042919096,0
159735.66256106444,0.33276047863701036,2.7359601593834886,170.6328244077921,0
81646.85174512555,0.010021151740569072,2.7008664695495948,13.323490583878387,0
59258.24572478905,0.17044299872136284,-0.40573650163225167,195.2723537920764,0
43599.500997641924,0.7009723227039657,0.3535661467404633,12.002523423939268,0
107766.50888855799,0.8049425736373473,-0.18292329841259092,16.371401595858863,0
115174.99757255643,-1.3040031778366379,1.4861513251433442,61.91054508403787,0
26414.059251052575,-1.636403019206485,1.5162884505560141,133.83002799351922,0
107611.78807984454,-0.3920477826671146,-0.2925161935493418,16.53754868367463,0
164293.5238959752,2.2999691243864735,1.9248383620798655,5.102435684639027,0
114777.10972609371,-0.9658267708959641,1.2672736463183818,23.68941254894261,0
76383.37513689815,1.073118026799375,0.2836784496988527,4.028965050593051,0
42778.32830436437,-0.588018519036967,-1.316569792887215,87.23418659941987,0
98140.93583949437,0.347397486434762,-0.5231043068844964,69.66754670663312,0
4973.646466944974,-1.32484578093274,0.3524229143843145,117.17241626352525,0
110056.72045617964,-1.3141995296231093,-0.5613567375239471,25.30449180327249,0
77051.98766190211,0.2739110868471789,-1.0199687187676887,36.19447378951385,0
131224.01974582413,-0.8460396726276345,-1.335016245648024,41.61562575491064,0
142072.68444187794,-0.4871671830291446,0.11054911955213079,110.87360003403718,0
153836.5915614762,0.23849892567305414,0.03808450571949245,118.04938615016313,0
140483.93565014095,0.11447605881877927,0.2463479529484988,4.730171923715144,0
77722.78731632454,-0.3449831619570674,-0.2899211530250153,253.29727596723538,0
160413.44761515895,1.2638559390963884,1.1478027917597526,76.77486417416632,0
128478.22668718982,-0.5775342640192128,-0.561660556925426,40.981973347496435,0
119639.62180127084,-0.7853179202632383,0.2769943311191006,23.389102853615853,0
120444.32004398231,-0.07083684791609023,-0.5179672992165097,30.247894877647695,0
21254.969397383247,-0.8797173613845565,-0.45242426480904147,59.81646409208049,0
102460.0207406463,0.21668909749767315,-0.862306936163681,27.663505811033392,0
61646.97485265223,0.5805676870356148,0.45517566986882435,34.96454063594424,0
95472.16716808324,-1.560170825129944,0.6957457924726428,113.57869130412371,0
164407.07123052463,-0.2451724218513857,0.9076118110467684,2.173017486509366,0
153816.38854203132,0.7791306255883522,2.3803877461644896,187.8516473800927,0
49702.935578747594,-0.3983270128816281,0.40105830769363265,52.31747717549311,0
163595.58835796276,1.110753172414642,-0.9123255140663579,82.75522822166194,0
50119.867923109094,0.03537141708863912,1.1818282939420395,210.38459222949612,0
133337.1302171034,0.14342893703732443,0.10067550309893408,63.849153041394054,0
75098.18203638539,2.9141092157683617,-0.25908405908063087,51.73085520307706,0
32213.342278766806,-2.7967229958123068,2.906313319739035,127.07978933699414,1
116975.36730185349,-1.5763089967712456,0.1436308339881977,95.99609731038441,0
81770.67187630107,1.067997778058972,1.6350476706194583,92.56666660996066,0
87881.01543326063,0.08291185317203993,0.33196392856655366,35.56133418465028,0
111308.98547103826,1.629318517441612,-1.2291710335183172,26.81811793917161,0
149830.0966506419,2.206468979884672,0.7859740988654604,31.118701487957317,0
164125.42501684447,-0.28815026242251623,-1.2665388289449717,26.27249838408378,0
52058.637059328066,-0.45699183382523145,-1.289382089103393,172.59463459420533,0
76870.50039259906,-5.10008480574507,3.1515822428693263,147.2291200396814,1
93606.59158444869,0.5382116054922572,-0.9396095170978495,6.874216570199604,0
96705.84925006006,-0.42390107233259605,0.44075675443876416,51.44834494773102,0
138758.75803431426,-0.8594597234480168,0.24728999957425232,11.84541505058501,0
44828.36929692734,0.7065054635472527,-1.2077748224243965,21.917695540719127,0
113061.75304175341,0.12352920184109302,-0.40446228792410366,64.06248801982576,0
25304.185140966623,0.7229969346243232,-2.0097333668687174,34.207961986303445,0
92591.02387694844,-0.22652747238283805,0.8609101045414628,103.88502157391899,0
72480.61335582379,1.2228079221334083,1.4761148745657644,195.91551979919703,0
60760.400355008824,-0.38163109541321133,0.16495687540902468,138.40777358020665,0
72390.31767438588,-1.2952586206671208,0.3408645992482214,79.63057856683763,0
162471.78571823268,-1.0040796329550274,-0.3987017824831894,168.9144825181316,0
62835.195291142,-0.8814337052269955,0.06609424629897591,101.13084017471212,0
14748.04195092311,-0.47971889676613605,3.4289104780082136,2.4183116901068598,0
105577.51487345136,-1.4089607467920393,-1.1786911317962547,40.141916307466865,0
126528.46037157218,0.12682468513496187,-0.047058540774386516,83.56752715707485,0
108681.32392356395,-0.6411649293968504,1.494731007269304,26.598297571438888,0
95761.9588347291,-0.8474738905650646,0.2909134015923317,23.495785896086176,0
31258.12055827363,0.5379759698264889,0.25555969898680325,310.27514867982944,0
108461.18197304214,1.1408959771502742,0.008274494342320363,174.94263096126176,0
53865.57331507073,1.3801389388685148,1.0902442836580648,242.1438644475994,0
18258.857440429347,-0.09731115070159116,-1.1917191336173432,149.91222677373926,0
145273.48324033536,-1.1830855152497652,-0.35844618930667493,36.59509668614055,0
60276.188269926024,-0.9939209291753933,0.016620981362413703,256.3214564791426,0
18225.855352505765,-1.3157974082181412,0.9248262123767372,93.39438266103672,0
149396.59172551738,-1.6076413105231968,0.6301079955837326,127.87330717765562,0
2246.732382655187,0.883606785994169,2.0515094640855813,267.7021382829626,0
27884.2795295126,0.07388693612455402,-0.15864102604310112,236.49352631181205,0
15036.575322721896,1.110677684054092,1.5513777210094932,264.29535372318145,0
6336.822574116226,0.2252697220150467,1.3339356398879483,20.023704462060433,0
142957.8114745961,-1.4910799236114736,-1.1710410396618163,0.3844817358978731,0
18049.740727706157,0.04406463491293769,-0.142285692445148,56.16138585252364,0
165851.8883259581,-0.8385806594815023,0.721161822084155,214.36322084398685,0
120026.08982936772,-0.7287901963773834,-0.5554003994423388,66.40624365996166,0
165114.49466101272,0.8268386307091143,-0.28207705687634865,164.3515419190153,0
52006.50436840985,0.014287211883989065,-2.5500262915163465,12.826039259638248,0
149064.2734145781,-0.01792796824979873,0.5116050903690205,160.5124027639666,0
4694.5303877767365,1.000820497768414,1.2366197421429752,35.98186372067019,0
144996.42795257288,-2.936605402552531,3.5538567977859934,159.15799438885054,1
103136.00432620483,0.09748893902369685,-2.4213797518772786,1.9697122621637468,0
39536.32299695236,-0.3266137806612126,2.0699477390696788,128.03860823066452,0
23910.61156771218,-2.3359306970550966,-1.9500779265243806,66.8150579726205,0
16484.995119722797,-1.125096327023029,0.3654318428247091,36.02649938666542,0
6731.915849014617,-0.17239269980923128,0.5673056252922603,32.24570571855031,0
7815.275523740977,0.23817130613962828,0.8145354596953241,71.88128338968325,0
133275.51590733143,-0.17237495745366196,-1.6110027678851675,83.81124612896788,0
161070.03921316823,0.27751585888189023,-0.4533534501005882,12.83817936961201,0
33832.70809159042,0.8823970897899802,1.4399540414286307,130.15874609921096,0
27940.81880574493,-4.006816612700833,2.2505052279206628,157.2293199236565,1
156980.256998451,-0.4526901485095334,-1.0513290180232788,211.4743476168828,0
142059.42615171897,0.8229885920033214,0.819973642346786,32.63410796897146,0
171558.74977903935,1.6857017540349715,0.41362637771433536,6.046738036980786,0
5819.282589507383,-0.125819351548333,0.18145900694253897,26.252557046896193,0
31594.368361331595,0.39631968200786294,1.281978362376686,46.13686727369223,0
86448.13088390099,-2.336069605021263,-0.593729193685742,66.02585456802724,0
131499.2033328546,0.52252076644239,1.1012195807277088,3.3894826050048685,0
87461.31389879418,2.040133885996919,1.538265640912035,31.736012505171498,0
154844.57662677963,-0.7067067683730057,0.4321202439837694,227.52421266317714,0
162963.50476228548,-3.9224002516183423,-0.4011731717473891,211.35691501005275,0
126001.17864854462,-0.2712965631476405,0.1023821983476529,203.42993839529134,0
28130.282934836436,-2.124027075878851,1.779661887087689,38.72065749408154,0
102002.96606655877,-0.5459619271149279,0.9017646879402839,45.88631761817556,0
39387.196087247525,-1.0804073292785017,0.28194887380905115,214.68129118467417,0
55554.457175634,1.2473036506646777,1.1030832782933673,14.10526193116447,0
120120.97893942421,0.9792597442869628,-0.9437054314300761,55.98575738326432,0
84947.5376769203,0.33396514967619034,-0.6082391480645393,95.84330256771324,0
91182.6661631089,1.718439615602714,-0.8707663764407388,20.391946905645913,0
26557.812203478545,-0.7706179501253388,-1.3082532554243715,0.26623901902914254,0
153858.41064378998,1.3055827158105235,0.031368416099708474,22.163996427401166,0
131505.62155235044,-0.9906232233772576,-0.7372616763919609,19.382931914452183,0
103559.40566889485,-0.2802827130771807,-0.6729872191652566,143.20288179921258,0
29329.072458092323,-0.691054377393896,-0.32158768442570723,1.353664109590238,0
115389.03022902482,-2.388531462477686,0.011168009506327682,64.62242868410587,0
120251.36761956906,-0.08313352572149399,0.5511266040869559,83.63251499074461,0
64673.99350665759,1.6264307346088593,-0.1891803351589201,12.638051326505682,0
103396.17328665272,-1.40822676830745,0.7348113435104173,10.256728049343437,0
71788.55050231308,-0.7283292684217407,-0.6903370624483454,80.23462814519755,0
3882.6964777162866,-0.7542981326071427,-0.2052925216285141,111.25787514307822,0
71073.32637304477,0.5772623672009194,-1.1111652988999856,28.003418335395118,0
141978.8559243695,-1.1164508551840475,0.5232190111769367,112.00826419204165,0
1206.5348529241546,1.423264921065661,-0.9655750062098389,127.82394692817223,0
19339.710231927376,-0.21224430983993056,-0.5218655165517466,38.211455847943945,0
78653.72017157583,0.5251693132621684,1.519019572530981,50.519034503241976,0
35403.48417324313,0.49576557301551033,-0.8841091410299213,85.88514489779021,0
132171.82759447978,-1.419877164270929,2.1321464601437015,101.14785874853132,0
47384.38696585018,0.5755619258303651,-0.4905957419034316,375.23259217749563,0
102684.98775892559,-0.10069587281717701,0.7512777051426102,48.37227805693518,0
107962.65149000875,0.00022394799578804667,1.6858701522215231,98.94102462510695,0
72577.90154229054,0.17319764270874738,0.6538645046423779,52.376772389771865,0
120477.78119398524,0.9837360439035638,-0.11853423402886418,5.7510084570841,0
161447.7509281423,-1.2512279153776757,1.2090863980140045,102.979417545007,0
165000.72049859993,-0.4093405752186243,-0.5300895860048698,4.975053422788551,0
95017.28764772826,-0.9770721461414011,-0.023843768136116463,112.15739155947698,0
33724.774175382794,0.5918011911450157,-0.6956454501201963,99.61573185369599,0
139087.89103820059,-1.8331704516987275,0.7746256352751506,16.478494674306596,0
64881.03083901126,0.8603325594167204,0.6682481239413528,2.529710125877794,0
47747.9419428995,-1.265636445089811,0.581373059338924,9.170937405913538,0
65626.9828149709,0.8687983383055493,-0.4278342157178725,22.065592170242628,0
4430.948971352087,-1.9790186934897123,-0.7625814294970479,56.61180766904622,0
119625.3903486849,0.02235055496636566,-0.7531889127884663,64.29013141893141,0
52832.555846891904,-1.1675008238807143,-1.2849446619548281,0.5092890785600355,0
60991.229396567214,0.659849612104565,-1.2204142108110847,22.00436201084978,0
14705.88240149891,-0.5439834133726836,0.35367937589104814,274.7115263566512,0
70313.69561291204,-0.031261414154246076,0.1381927477913204,6.4382854073812705,0
110337.28375635398,0.2321945046423276,-0.24739293994743575,87.06869138113541,0
18211.94808902874,0.163427820386131,1.6700939005830893,101.80667290317213,0
121415.11598917723,-0.0178621548877335,0.7946412035736589,42.956798156825116,0
8700.39826030424,-0.7728337308889638,0.4105067914863815,3.6390220861740694,0
14235.444682417618,0.24889396913325643,0.7639453637154662,14.655710751389774,0
64751.95650367465,-2.2690772729524014,-0.006603910483364725,35.07747379743182,0
119518.09664253838,-0.7804046059286275,0.45504509424222184,253.32039398131226,0
136784.85875582663,-0.3764225545881953,-0.014925372442960091,18.78909801498358,0
131725.89351376588,1.3845049626510342,0.007153256097487521,22.778870916394574,0
10036.848182664868,-0.17464794568162792,0.9431592010001667,131.9718441136521,0
170104.6968255738,-1.6032168466140961,0.11263668182564038,25.115315708177086,0
86843.41801288284,-1.1718313004725252,1.5355307733718824,21.614584030140662,0
14057.069294920278,0.351662354974059,1.0674678510706859,163.38963508860724,0
141229.05464951892,-1.2126571326233138,0.06584849756591833,27.62699788061467,0
167524.49086998374,0.6132655446611438,0.9087634781243586,109.60925294989434,0
122287.26552323025,-0.31146719489920155,0.5344685350685111,4.233067856049909,0
58620.786250838915,0.7032182548567439,0.8359699242722769,105.86548296795142,0
55496.81997549276,0.009426360563773238,0.6135361291851883,21.28599999720802,0
41028.503335166526,-0.3346038545302957,-0.10833388324458919,58.37164292221961,0
148853.0383653054,-1.4512192162599356,-1.1600203819432886,96.18849299527886,0
119638.82410348277,0.6104398198094931,0.5130478674102508,36.295105043472645,0
118838.36893200089,0.48674150215806,-0.6427215938827137,136.0787561582333,0
26636.26346124257,0.6457976416037114,-0.5420835550478789,11.993279628182389,0
137171.76835530924,-0.9900137139031393,-0.46685541039991946,164.69876793785147,0
35257.35766387372,1.1084446017228928,0.3237550672314934,42.574952165780296,0
71241.9369693118,2.524509276607495,-0.8331331336803468,59.690543537043766,0
86978.03856874342,-0.39907053924309327,-1.7189099560288814,95.26335212728175,0
51503.42165289578,1.2891318354374448,-0.8490234320820353,52.61353447640803,0
58584.347893215476,1.1402505526712048,0.3147625614551637,20.16648947646142,0
56511.33031812765,0.7152365838912327,-0.054254602864147856,110.14224703091044,0
139765.188699363,-0.32368275404118774,1.751409073748911,102.46960149295174,0
77999.67780416792,1.050319552276355,-0.8652992751348513,11.58181308146603,0
93555.23454966272,-0.944908722685067,-1.4473960920589406,28.859657583890893,0
52794.60088170647,0.26930618956233815,-0.3008141303748423,34.01178129132247,0
90079.95703463521,1.2998712435306046,-0.30659307467838237,502.3724915886682,0
35014.9191785873,-0.05589646661359551,-0.32805645067676004,21.168013318065498,0
139476.47685665172,0.10577038352412323,-0.5275973425790509,2.77634406832118,0
63041.322851907615,1.1780873685621747,-1.384596624727349,45.33650178230559,0
158704.0874747266,0.7947585224719341,-0.08826023013504129,6.125506262592073,0
88588.98304526876,-0.532836268779924,-0.34001979062345705,28.26356329002972,0
125006.99564538748,-0.18354032201646558,1.5065286363122667,41.497173781610044,0
112533.05843276983,1.7464906315946216,-0.5833429328784879,101.9614318273696,0
137945.40692545875,-0.5403763389870544,-0.6107626557317373,15.993447650715499,0
16681.156449772174,-1.7324945949673274,1.507707699313365,12.413534397182108,0
10285.868220094948,-0.2622335693828559,1.0678566772943998,174.04530239565435,0
116164.91876443684,0.4528743267948912,-0.9776468371548056,84.27732592768895,0
8980.637814974432,-1.7680567191743972,-0.3706979152161819,58.44136837398381,0
82398.5513253188,-0.5831228313242981,0.4370176220734189,24.059142099047467,0
16186.99988069438,0.2637555848225758,-0.5791288370068761,16.187330688715136,0
19715.751628634887,0.6884959745615665,0.2872679291207924,27.089917057556804,0
137237.29884468016,-0.6391935337501581,-1.8162665001339957,84.1234557471865,0
107496.58179937654,1.0641707023410438,-0.20265326282214938,91.46141559675702,0
149361.1055722893,0.67101780491777,0.11003482393284925,90.9412316331206,0
149413.0616970866,1.2869472861164193,1.7846356069497724,44.66782630607099,0
91134.65470279846,-1.4396081307988273,-0.937413788436313,15.572130106199308,0
168444.25841896413,-1.9255673603328771,-0.6984737582131462,24.512975894792945,0
108213.29074155983,0.0999881637655518,-1.1212795914817848,45.64557067120424,0
116211.18921011224,-1.9899462698211248,0.13175010974729173,59.430455888926645,0
28724.433762526627,-4.264653456994304,2.7421421288451437,116.85530665500708,1
171920.07175330402,-0.012024028913188147,1.1176324416039574,11.91556482378788,0
120273.94886543533,0.13998209632135372,0.16151349923840733,70.2134023069597,0
90243.6353374702,0.9669566453448166,1.436089346182016,12.70464705018998,0
72927.52015005602,0.009226992995468902,1.791782273613359,53.227268516129136,0
48735.57414032176,0.24207067028796736,0.6460453434287315,51.89541278565937,0
63862.421660946406,-0.09427271723096599,-1.208192458358039,47.701056618093304,0
33425.62726288019,1.6588696944553298,-0.32509647147092546,4.72492690238946,0
8319.082057059475,-0.6226717665523829,0.8930774345656918,51.400993094426006,0
12496.286924571792,1.1064571522946443,-0.31818071752668287,87.63432605425383,0
9428.90255125038,-0.08933586547104598,1.1974945165643633,20.88435727203056,0
162080.3919917769,-0.7136288932044673,1.3354530617017426,25.57481772966059,0
38813.577726617616,-0.30173305395863576,0.4394858279957648,302.95869936301676,0
151724.19101952217,1.635007165731419,-0.4506681775680075,67.35909552229299,0
47486.482942717914,0.2688507864009919,-1.9517426090104495,75.70042503720182,0
71037.32012940208,1.801528407832186,0.11274893807674967,176.63975992150353,0
28864.841685284136,-0.7974381170700989,0.13493953016324978,101.43539249469863,0
81488.36538146736,0.5092953236420079,1.6779658369686972,53.0722072513012,0
27652.30902083993,0.8878039355788485,-0.2418179125289801,19.22337537129952,0
54146.52015871273,0.44841324947910954,-0.3546803599307581,50.71557200548314,0
27787.631284943767,-0.12243598974739747,0.4827127605561378,17.534276324332218,0
137191.9910604799,-2.70394109184051,1.6846965268685312,196.34063317886324,1
13578.364308387585,1.202249003361171,-0.3932364091628454,52.964787702062594,0
14428.923845529962,-0.20583985992134396,0.4126413614429657,11.815503310879823,0
58979.86202016901,-0.7274539247231182,0.48852013847400877,6.483222748726265,0
160570.60766758435,-0.2606083323339582,0.794926017673945,3.3815157033496903,0
35542.75890739192,-0.11798109460737784,0.6969306349627576,57.9229146214317,0
28733.76612105052,1.7379849851235203,1.3824333409054328,129.22878362321802,0
117543.36024720345,-0.6132118924759965,0.5285392018314015,33.539710031834325,0
151356.37103998178,-0.1244566297144221,1.2403834346054217,8.222644846148434,0
74590.7695884886,0.17394720841281136,0.05520800899233323,11.862481971566805,0
37651.83337526229,-0.15032837376370992,-1.426483156621165,310.5587897554927,0
105891.12038070899,-0.34750029970591045,0.05618391839232033,2.589440286253594,0
113521.8510029617,0.22693194380024787,-2.2267615249572263,76.28498650950165,0
78516.40341196123,-1.8829834466717266,-0.46610819954417965,28.963994503746296,0
125102.54398454101,0.34562034465144587,0.28322495861071845,16.23181885354597,0
38945.883111569136,0.9148677980978497,-2.1060062013831335,15.75595962437909,0
46723.95988724601,-2.8106283166180837,-0.7877582576204393,120.05108607573028,0
164170.7079063791,-1.3528658889640388,-0.6002042245856282,28.114391180180146,0
135976.90514491498,-0.2459953383557008,-0.3564769686295441,49.44041718120564,0
8739.032340826747,-0.24266646142712253,-0.519391322090543,90.83187488093274,0
150544.1345350554,-0.6713075913710861,-0.32016950822072576,79.01358783727231,0
137960.1228415713,-1.2738373251342043,-0.9780742626635524,8.224153009089385,0
100786.01339160981,-0.7146641168409925,0.9465485277167823,1.030764446748054,0
162584.0932998305,-0.7631063534454757,0.5325964876140653,37.890174133437455,0
58290.72920854828,-0.18398866010296422,-0.18231470071699332,138.95929381810618,0
54872.58820451128,2.5083062730565633,1.4380287218732621,34.324628228990825,0
47561.33048319503,-1.7101751013917943,0.4176751006519598,28.296833295570988,0
171441.0385018991,0.1294216768153004,-0.05608572627867428,21.2525966169369,0
14216.657635076293,-0.5927992331786469,-0.75411247979106,130.11231832772145,0
97445.30113537177,-0.2619450064243539,0.2425959371534602,252.5558465210441,0
153116.94562212238,-0.34201734580477505,0.9084451656457725,71.37405649944509,0
51829.989657469516,1.7624731648696121,0.23855807063954726,143.4574374646443,0
24708.962658730037,-0.05678859588627712,-0.5219555654758967,82.25989165141465,0
36306.52293525439,1.589895594810694,-1.82719593747126,201.97021901085992,0
123384.84096387279,0.6314186062724064,-1.324861303850239,66.83358189294603,0
123694.5538970649,-1.5669593711673528,-0.8500082547603859,38.83032408091541,0
105446.90582973641,-0.18705751647366262,-0.060280749027981445,24.14452620968394,0
41540.93214799799,-0.30746090001514215,-0.12855103438512974,105.36211054804046,0
134757.28428211762,0.7331793174225577,1.0048216917579127,72.56576935502859,0
167229.1811985803,2.44125584526534,-0.18841684690872626,100.28288333503643,0
139595.7787674495,-1.587188069678454,0.8708175518634642,64.06503232487773,0
156273.36911893854,0.842774030099027,-0.02816690844955293,80.49367706258204,0
124902.31159442599,0.7013898938094993,-0.26281682329705947,42.50237814801418,0
54320.71352998925,-1.6251212588825248,-0.5869709860204633,74.45519185285715,0
22840.644859869037,1.1763440561714547,-0.02238465649681007,127.73312307746453,0
95507.78268416462,-1.0236597461307144,-0.5866157355597524,28.179491182952106,0
78662.04176133525,1.610292980482871,-0.9176159891063321,323.78090481668943,0
147749.21883992478,-0.011900823094228097,-0.6066639407505668,53.77419472763931,0
90106.39137603689,1.2710300994311405,1.091027909191477,68.13978597826754,0
37706.261970615364,1.451926632314722,1.4773725606308605,61.44647686019181,0
148403.53805785713,0.9761386900669211,1.4608187182891128,41.67797158527996,0
21915.19109671237,1.4812365916235948,-1.3348268175884932,2.11218659066388,0
138899.15340942758,-2.767325422602398,1.094166835615131,155.1746652413883,0
112054.67543236096,-4.627451981220716,3.5193475061251975,143.3845051929443,1
60690.71013386934,-1.116064176071895,-1.0966250441473178,46.31982444626985,0
107755.60688687688,-0.3806946237950925,-1.911642210919043,198.12264794945455,0
49356.17082355561,1.5380162818616334,1.6546347484020885,54.82544854845484,0
64720.53253682424,-0.906215332047211,1.346673001401146,44.02411393820073,0
40080.45820884055,-0.1210210310095643,0.17205892236625886,187.84544521539385,0
103569.36048728622,-0.6567103997764666,0.8488054577314491,76.97055620588809,0
158503.92190462322,-0.09800096678333993,-0.28146007988829563,81.2534193153497,0
155641.28210114548,-0.8432983112849525,0.1586833236187289,68.44032624681017,0
33911.25984682542,0.7859928127031317,0.06215090608572699,51.486789908866555,0
131328.9581694506,0.5107355496072734,1.2409655987385322,42.088463535131126,0
86662.30354850875,-0.44859687310912016,1.055353067471044,53.27899035404018,0
44955.26627824244,0.2274050789916206,-0.003912509295078522,59.8328056613135,0
150811.8634770269,0.22623808866742148,-0.5284509979003907,244.27637863806657,0
148333.72351847243,1.8076308056706858,1.371098813911922,8.53653554873257,0
74942.38045216167,-2.7680271851450624,2.2598385349262347,160.5130022187667,1
72810.48999347772,1.6010743061643926,-1.2914555644869643,23.95811922899457,0
127273.28745625216,-0.4666189681756455,-0.48401962319627845,33.137291115856485,0
142729.03515595655,-1.0397932245282346,-0.3406040777437667,194.41690611603846,0
9462.811188447015,2.0512469432694633,-0.4773448584438344,232.47389839284187,0
45800.022814560696,0.9230448272267618,-1.2167856410814177,1.1356009534208078,0
139663.04428959358,1.900649041722087,1.609343375609877,95.4465736475256,0
141555.83490894936,0.12063476089345412,-0.7058040551156496,77.53281491527973,0
97499.25792308783,-0.8121694717263299,-0.9965284166185597,74.53992437221387,0
102172.39529672377,0.13111932467514684,-0.7318592098580639,11.287159770583884,0
127331.78312635467,0.06589160860223994,0.5834049157981909,7.195162572320088,0
26573.824312683755,0.5339807974186639,0.4122805981435,116.32381427147543,0
165283.44162615016,0.0021835908370359453,0.37421673480247836,5.1738780850924195,0
99702.42262577542,1.2306458041780113,0.6530079383099038,151.0456035391349,0
120396.18217492523,1.9116060670633217,-1.6363017850994594,61.793056727614434,0
134847.15891958916,-0.5678078421841054,-1.4762304803093984,67.48199954693646,0
95849.91788342985,-1.188384670740071,0.5837293615218192,175.50629678740475,0
57303.39152583371,0.5237277654138535,-0.4926548532134034,79.61772940148626,0
5188.493720919078,0.563673654270156,-1.291807453667116,315.37338857861783,0
151065.6522655984,-0.18487675624526564,0.16070455127846184,65.80674309391864,0
6640.0731006897595,1.5579054323183568,0.5251446587882714,38.590519518738496,0
11352.071627314406,-0.38758089125557005,0.5043190155645603,8.893732742342463,0
58818.89161517858,-1.2425008369193873,0.9662787392346717,22.718706983391776,0
118642.73705152245,-0.03287448515243416,-1.5309276325126464,64.31343229581276,0
69251.85691925633,-2.1146935990737354,-0.8208389588502913,111.41591504082609,0
50364.445851727585,1.0694473881241897,-1.4456102007765625,82.07806462002797,0
9707.226165637461,0.49100394595775343,0.14411636277968193,41.54521731063798,0
151485.74253936202,-0.32175270399020833,2.1103426520963775,158.54528298858338,0
5053.930508371821,-0.40409531183239966,-0.5137997527080349,159.13656610148743,0
137343.0900239878,0.7963400197488324,0.34696029688448116,38.005043495316066,0
20717.18095208465,1.1138623979822204,-0.5186250012643829,1.7428725972839059,0
40390.40886394941,0.99006123071636,1.6766508027613596,45.301022661174095,0
94471.53627051873,0.07991526374003749,1.1464718774879026,35.82746502915204,0
96533.4061066335,-0.17426703446692562,-0.7675070366738105,76.15791180489661,0
92031.45394491404,-0.33953015666598657,-0.6328075992221822,30.738248057285993,0
101406.14519400791,-2.2557913310947475,-1.839637872562303,20.286041536722262,0
38478.42647246908,0.028320263677764197,0.6709926520889239,96.92508066545506,0
95857.65560719081,-1.3142850978081202,0.08004126921526018,62.48898118320152,0
113482.85495989386,0.039569724133648135,1.1418965369680099,27.775905507718228,0
156638.38077467371,-0.34230484344914897,-0.2145209503359089,373.17086775263783,0
160867.93458360576,-1.0674339329604994,-0.2680325873276106,18.678501688490158,0
32251.381597039548,-0.07939638138549375,-0.5717385822251894,8.617816330538403,0
118956.38719544125,0.9154029704849369,-1.9158690263084484,48.51569024464376,0
113883.04687084975,0.18421722953009348,0.03476924809445675,18.09179805983728,0
26825.51449682712,0.06323214651310118,0.906343235397152,115.94761791031233,0
108467.951570741,0.42350787402203743,1.4094344240509098,9.961716488609186,0
15400.701869647672,-0.37598357935186616,-0.22056253440898946,27.413928337067222,0
131463.65640099987,2.1209935658451093,-0.34130451466005923,158.11457932879946,0
94099.16010032792,-1.4330404046178542,0.11859442305687404,59.94500814111168,0
129320.81562405278,-1.4168235279491899,-0.48877704491340684,391.1541608772524,0
170037.47460276823,-0.36123019291437297,-0.7691452798066177,18.91876361921426,0
66985.71358273581,-1.5145735090585566,-1.0593406872748266,122.22971246536432,0
41047.62581508379,1.734041954422619,-1.7417641123833023,81.47197207035055,0
151352.59683174745,-0.06420379495271358,0.7872736948162223,166.22649605349724,0
111089.99405814469,-0.6735396478972429,-1.5170730369056327,129.49915214724444,0
28279.746927193737,-1.1742022957201466,-0.31660344290307396,226.46746361832322,0
170871.64553727297,1.586899657033091,0.6611854748160046,75.40639917595422,0
166584.1847902008,1.4985463606698537,-0.12027193932576595,3.442483802783072,0
100709.02110242701,-1.0311060532942633,0.7168795348194515,11.225336609137244,0
46625.020438155436,0.5308015836727296,-0.32364904470916106,33.58431613483055,0
83176.26940258392,0.3884246136775064,-0.6749378569134983,458.8987922801501,0
32810.45686777497,-0.31062923983688057,0.3798334550370854,138.37253211643164,0
68738.70659254817,0.6440649229572226,1.547640773595271,182.03428471462857,0
104863.15391733604,-0.5112594578695273,-0.20177437629915856,12.766147826979577,0
140975.96399837875,0.03302330719303323,1.2246387312151752,330.0277203017008,0
131106.0074971255,-1.3673264612849558,-0.08318066010440868,58.63054623873897,0
14036.480894593036,-0.8331415233289663,-1.9865271419775223,39.811073478974876,0
171336.8636629724,-0.1654240521818934,-0.7296578822941202,103.03458568293303,0
147078.84708160965,-0.05786615921434102,1.3427476033167658,81.72938163231686,0
109744.18286992885,-0.532143890173102,1.3413300695496801,1.258256622436804,0
161953.08259445877,0.5400178017231407,-0.46995787317315146,142.8254709361555,0
62393.71271173123,-0.39925664594596205,-1.1603368561001515,31.533221169648932,0
1306.8647962229584,-0.25111783464244086,0.5745617175367154,23.33236443150386,0
120445.77588554296,-0.7966125696279787,-1.5889896024777754,134.31030904936355,0
85037.6954441442,-1.372409737561307,0.7178462289962667,213.69558118760145,0
98819.52846805783,1.2519474545131573,-0.6903381233439047,31.15517509516357,0
125972.43863748261,-0.5036502603755963,0.5274386518599967,64.22528701818675,0
149976.28129305982,0.48253370982118504,1.8578501512906649,78.63348450710076,0
122039.3368895493,-0.20963999341916223,-0.8823893030786208,96.00962035419217,0
117079.91513575647,-0.49620587574150743,-2.217283710253568,152.3256560104655,0
116489.71506863167,0.17782979970543425,-0.9589140900059879,102.53137621218363,0
69444.21966970859,-1.758513735397202,0.5195745950145649,90.89693329534938,1
20995.437824798642,-1.4247656537214894,0.8756563632282364,47.37412297681279,0
38380.22964934219,-0.28815603051111766,-1.0851415431623328,63.630597360691965,0
161866.94205370772,-1.1574157902154336,0.3583340711969214,68.02194363298842,0
6492.284420931195,-0.27831025587657626,-1.5587622531381418,190.27240051162158,0
22984.093251186412,1.3354738978506546,0.3912849571208737,228.87364026864634,0
106993.04867121659,0.9454973046593947,-0.17690009049084265,159.7508367900574,0
51735.55767062652,-0.34034048288290325,0.9359731592656175,72.31605109722508,0
75929.18221920134,0.7032538280959473,-2.335953618801436,11.364958742863223,0
137879.5667816265,0.7654374943750158,0.5002383506982397,23.76145547555365,0
40402.857558481475,-1.525185436662198,-0.2638282304006328,75.70521488469285,0
74292.0901730176,0.4457598512171287,0.16982667258368722,81.55667537867653,0
20845.87852618382,-0.8819607642671741,0.6378983162599249,3.5737408215832627,0
118716.92925176035,-1.4621104551954147,-0.28949008043361957,51.09234376754,0
135678.40612871276,0.9778722722111376,-1.5271207953357557,65.99152878583368,0
111614.4993021007,-0.265920074195552,0.7202240169054077,289.4879588542306,0
35593.350199538974,-2.2368550034260433,1.4328974050348984,61.30633368469856,1
918.1685954901795,0.22732590682319032,-2.567435909739,120.85495056128987,0
113730.0176386207,1.322926160335532,0.9130708059288597,92.15348711957957,0
39138.469954203676,0.16648527257714707,0.03935575499419535,3.0833469640101963,0
112471.60937135515,1.0185374276503947,-0.9183161373284012,127.10091538135899,0
142017.41824537356,-0.435901469090433,-0.8669734564325522,162.16382562703788,0
130955.80788824298,0.2290948316463794,0.37822628543151016,33.48099962035671,0
16005.683471276252,0.21671964212288297,0.3354213204803695,149.07715803841,0
5250.883915613409,-0.0022381164741810933,-0.10552493877095412,208.68625604613533,0
29929.283120450622,-0.7507203344928128,-0.19458466303966782,8.427636151118081,0
105502.47926666537,-1.3432093905839007,0.06882365770464906,15.0984032982202,0
70965.95898417688,-0.758463922930865,1.538847290469344,111.37499229903106,0
171273.93859646955,-0.21392646635116538,-0.3412312210234211,108.71961310996484,0
90391.30747260172,-2.3648553727915123,0.10507597120829498,31.903660722186103,0
137422.19148938902,-0.13774106038792705,-0.23071097248482308,9.03834994402603,0
142828.025620285,-0.09860839900467729,0.8713536757310174,94.6394994204408,0
102829.46642500404,-0.976620315863556,-0.04674945390270229,4.500855999714402,0
138409.46502970145,2.001922459248361,-1.071019562531488,73.54455536303271,0
1973.0275408639236,0.5487004763949003,0.6712596660773543,124.66308367603007,0
110993.8508764233,-0.5693514235811376,0.4367677511104973,105.38544599067212,0
150466.19621827838,0.1699745397492694,0.29613358988560473,239.23684642404132,0
72528.88036483394,0.6586319527905097,-0.18166092718580473,9.84116624354885,0
38163.360896007944,-0.7411626686348293,-0.4042782442120789,46.50969048448249,0
103373.33081421406,-1.1094555554462198,-0.10613200761231605,52.094711062302295,0
137624.92903125688,0.4219688214334575,0.1772972131473084,46.334028789344146,0
103558.91679470397,-0.7159672231839423,-0.244317038639649,63.97985023009021,0
138252.26339121477,-1.0893426377121063,0.2424629717227108,234.02164416142745,0
122079.00553693651,0.18087111148243243,1.7009715194164998,32.84668855288567,0
30975.36973766612,-0.035420140691509526,-1.5901913232542981,93.59337476098331,0
46511.11946735352,0.6533683837958855,1.4554094821720291,44.73322625030949,0
61533.51423514783,1.8640485304117584,-0.6073230454709151,17.904929021174514,0
36234.479939938705,-0.9794157382151545,0.9112622830378235,119.50267021530011,0
104224.34075724524,-0.9463138227477964,0.29493473511013596,64.0683984927927,0
147534.03447056646,1.1747618002330382,1.5912152908822934,254.83817835114036,0
98315.5075111038,-5.181842107867086,1.9956831626094056,87.8611808550026,1
83312.42669334868,-0.2617807223427068,-0.6189834508861229,35.11153193124082,0
233.90652363289703,0.27361458116570514,0.19807861703159935,6.61137176362473,0
94851.58434740438,1.6127802326970393,0.21486470946386504,19.150747556480756,0
121389.24971297248,0.09112486725337687,-1.785741281946263,55.770856431613524,0
38820.798312497274,0.7404212140477514,-1.3448867807811995,23.86330429883509,0
129491.03865224855,-3.334122319728032,2.7323863799577914,143.76293023586558,1
45728.93265270175,-0.30056939058524895,-1.6001892867621594,44.49761107991955,0
111411.97895407425,-2.9086607444805037,2.340722611525677,68.87978646562753,0
124773.0158944141,0.6490933843875007,-0.36924389161575705,143.86648839829817,0
161651.72393755126,0.2079200673839576,0.4165235447151714,21.87207483453823,0
148266.4212300492,0.5076118229432475,-1.6292090390800535,0.32794044441693126,0
24623.229813381487,-1.1208969737681593,1.3741358241501094,163.3151061547532,0
163425.54854464074,0.5333250306143476,1.4318890637745134,58.15569389256642,0
59755.29380532144,-0.5263908651106778,0.10718646478241609,155.5096689124639,0
19269.31028911656,0.18291456362025593,-0.7418206417017582,6.724046186183171,0
10392.596801415684,0.7460239529828163,-0.011589784318821215,45.8913834585724,0
30179.033722885746,0.949263174282309,0.4710804040968864,110.82373002755824,0
6727.097662675335,0.807739555984151,-0.8167379318649001,23.154373045863593,0
106442.28580495894,-0.8065096290255822,0.8252244191816259,144.63260111836678,0
171129.42209554242,0.4685312569051241,1.733441339384263,15.081639521600131,0
107359.33519577263,-1.1169408841023638,-0.4286022369487101,99.46914510445306,0
171506.52636398864,0.7499383929448385,0.7814289194655282,0.07974962712309631,0
138619.63827429805,0.9080226625361912,-2.3048571725962885,36.07650531863406,0
90441.94948549052,0.06338339263771817,0.3116342988074249,91.39600668741544,0
21240.69323881897,-0.39167060950403243,0.2775246844762952,98.03806675446668,0
1868.1552521619274,1.1263934497220656,0.4425624290228071,32.508447127915865,0
37099.44935366782,0.37105373821536314,0.801639716903692,199.01721775495648,0
138733.07591773637,-0.09931433779203207,-2.3775698299271024,162.90228137987464,0
68704.31196797085,0.9954151904494745,1.1671959833590948,11.386636200883714,0
138240.60164876416,-0.5270661182397741,-0.01736800750909817,22.820380291984428,0
161172.37580534117,-0.5719285461984328,-0.20219033538761957,311.27175405978033,0
24330.749568654428,-0.6008296390959147,1.5273082241945979,31.542322710396316,0
24189.818697520623,-0.3610871633868695,-0.39415809652607375,180.40461735640218,0
162519.08305756075,0.5065343913859176,0.037647372169360274,30.037355855796683,0
41731.30851716162,0.7756752996156893,-0.4063568513704236,91.53887792190721,0
97758.4833784727,0.7248293734858318,-0.9166386933635471,183.65016696774356,0
74130.16793040317,1.6414286277223145,0.017969915016470623,53.88286966747865,0
168147.9065616191,-0.561050852022268,-0.30031814256547273,12.290641317990726,0
162357.45218354862,-0.09216581082147648,0.24362002148982426,60.13107225999677,0
10748.717481260635,-0.8501977458146558,0.24310305832841442,19.24604528303557,0
106642.6536851764,-1.4455181477453234,-2.8151236899058496,51.118853721244236,0
77276.5989992356,-1.574341717731963,0.31571942229652405,30.90806767783532,0
103134.44429283845,-0.7656111570301878,-2.094437526714903,75.46285899626713,0
109975.14712114043,-1.4942635290662387,-1.1392861592102679,113.46525247792223,0
107826.93829940815,0.3363229693212808,0.3104792770059333,100.14705820050094,0
57179.17869453778,-0.3128364730515222,0.6495813316461732,159.88791996949422,0
4137.914638739548,0.3275927311429576,-0.12907998804685242,82.6359992017891,0
84481.5453337356,-0.3351431387781925,0.8881573217434416,22.45403700544083,0
99859.58427353846,-0.753707644861746,0.6349628736125502,78.62255771716306,0
56470.12517222393,0.6223791184731187,-0.8291589224854,171.7010363317502,0
83296.69484176787,-1.9133403347228028,0.3644260771353479,260.8954687557279,0
85435.82865260608,1.2841046951788975,-0.5753086084017933,46.59790717449464,0
37382.30397460691,0.1462147963775593,1.117520548774607,54.38252991374046,0
128862.7976559569,-1.0188051975907135,0.6331951786719153,26.79627667754591,0
14096.147145644032,0.2582027347011369,0.6934958206046,3.0248414545530657,0
156874.49519907468,0.4261565596461849,1.5206009017632118,168.389131185773,0
158034.00911303097,0.365169001048321,1.6737437539834248,43.332546345604456,0
73221.97023050622,-0.04504411801092395,-0.11040116390158848,38.75148223557819,0
13300.70446901504,-0.336544921209111,-0.532793213080447,33.58380599275596,0
109255.26895249485,-0.4551717839537639,-1.1427906949964008,87.49864312441382,0
120642.34418261197,0.830498133985952,-0.9970603273632624,64.36002494788,0
43507.98071862292,0.9256767577138694,0.5310851309759498,11.863003665077901,0
88960.43875905046,-1.7684154256380724,-1.4467571063284652,154.70377499374166,0
115407.57427790055,-0.9711898691379917,-0.3393358444160607,78.34712401026083,0
81417.81293559037,-0.4409021886108555,-1.5941763252676036,238.6520373880867,0
83045.36056204478,0.45635597313269627,-0.052447699649119134,89.27264046907503,0
170183.53199735584,-0.3864948903227902,-1.0037878154636364,175.2403868464938,0
106087.72344653867,-0.3310243342080806,1.3854377816563823,143.9006527629817,0
100775.37097908247,-0.6421271738316033,1.3538918593234255,112.20547597038775,0
89884.25299215245,0.15252588289761657,-0.35204965603229166,26.502961245315614,0
166895.82484732787,-3.2419281504917175,2.3825291137934363,152.09735647218506,1
114702.85777114179,-1.7821150819848288,1.71511821817878,121.17120369350843,0
151008.20540280265,0.46330151023423083,0.12944664254744423,100.33918322909615,0
108787.57002289208,-0.5630810770523736,-0.10312806235137562,97.03574352450195,0
172218.84544637086,-0.8644267053357196,0.7504698619350948,103.53185743337816,0
50599.647941926705,1.0467127137757637,0.6273281202738094,45.68922334273787,0
146607.90550684268,0.5915710184530977,4.479084251025757,11.37591702253501,0
57952.21355437751,-0.9204887877395782,-0.3067726846636304,65.9983251365894,0
31411.38825516014,-0.7602844386215937,-0.4999624972086356,12.658038677851476,0
39166.22630482353,0.1756035498043702,1.3435465066220513,40.10607996869476,0
65194.703384478795,0.018252460856112946,-0.6590596905145408,4.421656866066019,0
111548.33678773824,0.586801850735655,-1.5198680373755091,15.612440841878504,0
51342.632459684646,-1.0758938287242596,-0.08107074100802476,8.049890483784717,0
132455.92024309718,0.05650767442926739,-0.8456284879894043,9.323597957632847,0
53890.074648037415,1.352759030614763,0.029562286872101294,102.93197704121937,0
142124.64139601757,0.49911050679894126,1.511673414185431,32.57310957510485,0
156736.85075971577,1.7845588888535862,0.03709234193645584,55.04880143840105,0
13855.106433352916,-0.1482228888431208,0.9987265700830984,104.1676841061986,0
41827.150917187275,1.1381503309676184,-0.3710640289008525,31.508959175176795,0
149221.0118905134,-0.5276537761783373,0.19564052831231576,286.43634719538716,0
54072.49789938055,-0.3499700803512888,-0.4590044602229095,61.18148372318592,0
40032.86999905902,-0.9769457393818821,-0.06374992167917787,1.881148305707524,0
71971.96583299029,2.8013729896349786,0.27359457326167763,123.16785151216413,0
116754.54950138222,-0.6903518661262891,-1.0301221052967755,35.86618748815339,0
49514.32836776754,-0.5066348337879193,-0.5564657778499762,8.949118837722974,0
24080.72959978401,0.20786050106708062,-0.9891545179929867,7.206321449402485,0
144140.18636171677,-0.9896509661643634,0.7760873728625646,106.32980726556139,0
127517.92371030392,-0.8312878954818901,0.8762059916716602,510.9264390150343,0
102868.40435227011,-0.4697297964895977,-0.7343200023133737,50.55912890552925,0
132131.68422650616,0.16769153485956126,0.13982527132605319,6.528557676763526,0
151606.15830135453,-0.1271585968748843,-1.0471843552482283,103.97994748953067,0
112565.44310720214,0.04455216557115131,0.6665425319826307,1.7465483806030329,0
144053.68501010977,0.2316480716109227,-0.4971340238699362,85.6186384981757,0
79643.23284209735,-1.606602735358006,0.11502556634280714,26.801042539862507,0
166426.29128260925,-1.2270140772885358,-1.8642698372564723,145.6172512728479,0
141739.77351367695,0.02394638244926125,-0.20315636633378117,38.238868913456955,0
95622.54158876058,-1.0182539014177285,1.3336385618598274,18.683618857755132,0
135369.31161528087,1.3332105613800442,1.002579814271594,130.29241041761472,0
165247.23712550884,-0.7031564622558137,-1.0844706235787835,20.22912293597378,0
85620.8994404311,-0.8203284611324674,1.4168340821388028,1.242001036773582,0
139016.6742122189,1.2972975339255457,-0.44736294916121566,171.62450932837626,0
131116.5366492658,0.4414197598929505,0.6228614849614956,37.34595365290171,0
141416.1374019037,-2.52345736251247,-2.5282451003137143,172.47299110755293,0
53191.14912451339,-0.7691623186421507,0.9368056771330601,469.10324614549205,0
133213.62880727803,-1.5377078085300024,-0.4310011058329391,1.5060984194075053,0
131638.72747006608,0.8549039226364025,-0.3149604124547449,36.14605314625932,0
102789.62717792997,-0.8463983057776877,-0.8614127291863422,13.339293020570171,0
52258.09154893109,-0.4644017814099108,-0.9646575888950566,43.22748979449234,0
51245.552829184824,-0.7113199105465682,0.06301765889922856,203.74262682909117,0
131205.74519551225,-1.0325332762094106,-0.6912124377911172,133.78740685008495,0
113427.57948491351,0.727122481485493,-1.7557678577580538,116.02501823557196,0
116901.5130623082,-1.0053151259972355,0.539723679738307,45.79478708454809,0
143231.04562451493,-0.40611035702340326,-0.47318310630711363,28.650983365569818,0
151610.0668291507,0.6040516449216232,-0.8652090538522469,314.1636099986528,0
80410.2221847432,0.5286348153345591,0.0492974252171587,180.9767503790845,0
44562.99204285735,-0.6631645901261828,0.25668523089147866,196.23797376596715,0
22856.033969017637,-0.6336398659105773,1.8966040685739283,64.0112640131761,0
1714.836290889997,1.2813833981236349,2.5270104183286053,26.101152704986045,0
73990.22082923191,0.2625028908518338,-0.5859507687138121,140.66985897331648,0
33941.2405026846,1.533012542249183,0.6761016136499133,97.76179033734165,0
18962.415131472604,-0.7798066757376003,-0.7472218322204848,628.3256659029462,0
109839.51163341157,1.7481355725242844,0.3957115324169533,0.44335928339682723,0
42740.4065735376,1.5083107487475504,0.4330463786039467,22.213909447936153,0
138214.98822769607,0.669085210267524,1.1370588600455223,91.89050093803274,0
57294.379998811084,-0.5751864496435164,-0.9908607540167149,4.889549036531696,0
62120.07093077369,0.10769944910661848,-1.0034654257992905,171.68159342815613,0
49264.44515029678,-0.19805976321890642,-0.4894669953419908,121.12546717003951,0
83601.07888791985,0.6899402768960868,-0.18759700009161193,148.57692569592515,0
52808.408436709135,1.024774112281728,0.26525702358040226,47.34182767160935,0
167103.69556426207,0.3435975351782162,-0.3032607776667061,134.04763596507777,0
120523.06857645222,-1.0656826978195666,-0.5588162917367949,4.543728779176983,0
141631.17745783305,-0.28121246228828845,-1.1711676678012368,54.287335114977296,0
28919.295170515757,-0.027214132377857005,0.35716258570127063,13.437451345727006,0
68417.95268666014,-0.08586390079776185,-1.1789414021073787,104.63607366572712,0
138007.7188456268,1.3762319706355726,2.58727145584531,271.82267636453787,0
30219.512344005783,-0.40011966130113097,0.6838611139319919,41.83292567799311,0
70392.76258397743,-0.6468363041676235,-1.2026910288948676,18.436751124766538,0
124773.85812143296,1.3345061333378379,0.2245994767082595,16.689831728805327,0
108501.18730402886,0.3320814614168105,-1.0055559711837476,151.5201424161335,0
63001.79623253491,1.8955073459913552,1.5159451462942337,97.45870704584692,0
82683.25691452228,0.3132416936936163,1.7894387110773733,6.963871831700994,0
61410.45346889577,-0.17613419771077837,1.356728490712121,33.946006955187215,0
122471.08376998633,-0.8455521763546138,0.1825878042143362,172.37945423141375,0
47722.09959145143,0.8155942445961629,-1.47561274638294,86.26497425765305,0
98506.57019144227,0.05389734703320638,-0.43212104312941974,47.50679247241341,0
172259.8707189797,0.6569290663420881,0.5634099508221323,117.21074440680022,0
10719.952755053448,-0.871590471068428,-2.4417069869024868,88.33906940158317,0
5379.969522443563,1.1911730449400957,-0.5844097746882387,16.87524802178488,0
70580.71521861674,-0.33516697322638483,-0.9390531437019707,31.395828750267356,0
62594.284317515434,-0.2164187116383712,-1.6214526245522214,39.573747842999516,0
130487.71778040136,1.9837041354787512,-0.6610218815427124,28.31136191722195,0
83638.75492962504,-0.6167301099564017,0.8215641246246144,86.73257544862723,0
100969.51310031173,-0.14648067072816137,-0.7465633522699111,103.89699984300984,0
42699.438836953304,0.383455014854216,1.520664172981186,84.7091740056433,0
129286.18000204065,0.34936355348237974,0.9328388923622372,53.32983221273529,0
149675.2379899088,1.360168130828013,-0.008870932289573393,165.5194710070305,0
136781.25740778874,-0.046496581126557926,-0.5772209563821133,2.358656332658597,0
136389.80418964167,0.4892118246643012,1.530047441561629,39.938259557212135,0
85911.79922065623,-2.0648652776836416,-0.5803550028527311,161.87213736298662,0
143832.41965341993,0.5432569649742733,0.29629536550366764,123.72596839435977,0
14199.264139926645,-0.8141532565976035,0.5425042296645155,57.06392838945797,0
68651.24380883147,-1.1804604852320821,0.4345400972542903,111.82889530018133,0
170669.0317818206,2.2409265562057925,-0.7845669926025229,149.8438877490886,0
1561.8474569016882,1.67817992212487,-0.8924649677156576,208.02008378007616,0
141935.90910923996,-1.451834745168435,0.45596839988058907,119.29060905003574,0
27459.331373264296,-0.5387848378473886,1.8575908766496656,24.232991046057478,0
170495.2961165629,-0.28275932762936834,0.16561512509672222,39.903399516470834,0
110108.41519247086,-1.0751030481167556,-0.01161011445504353,33.41391141787364,0
75064.89352434217,0.573558836877425,-1.1789961729568956,81.60265889650223,0
170380.98382859209,0.2496094582097118,0.21743908072584237,37.61456871984965,0
39929.72485041874,-0.8668845848834666,-0.8030845807190595,20.106094003952023,0
94796.07812145016,-0.07618761129101755,-0.526955143564992,36.79390617359391,0
93782.78381046462,0.4091409227759939,0.35196107420805567,45.718222915066185,0
23692.557149971035,1.4846418618765076,1.8908404200391653,46.118160525127344,0
6735.626610243336,-0.15350069556978385,0.17436758776830327,79.55047322938759,0
81050.24117113701,-0.32107942945924683,-1.0109969600760071,73.40418588769711,0
17989.96296693436,0.7673073626024868,0.9559380601783107,478.40946891438296,0
131156.11281978968,1.298693290993424,-1.2125219470836786,42.26733812508945,0
112258.94094588127,-0.7347432134727092,0.4507704171862659,131.6046178481805,0
50347.19338636225,0.7833042370887136,0.5967937773308142,244.53436368343714,0
172751.21394384338,0.023385214658507663,0.027487633360812797,12.601302558647227,0
116187.92812080639,-0.8249606865912409,-0.5515274001016297,58.394458938438255,0
165321.29097607965,-0.04504447845515359,0.6985754808620198,70.08957872261293,0
44684.62694809068,0.9661470124092959,-0.5043652003806066,242.6819262309779,0
172229.21634579438,1.5184220306521798,-1.4084314903683608,8.270422427960092,0
6793.137764541896,0.638543317267599,-0.8859349254651107,7.048153831811639,0
88817.3837268153,0.5354587474096335,-1.4293264709740647,326.7660707289026,0
68278.62083526776,0.8844424373817379,-2.412550817919811,72.51787206643962,0
76515.51799475783,0.509887247921195,1.613358929079484,189.0745751386056,0
74969.56498832174,0.7927110177336647,0.033870549435244236,15.494891255553245,0
116243.07739929757,-0.7712694166774808,-0.9624988349193223,112.1052244529465,0
11829.666700842288,-0.3270734308637865,0.25014771603535624,29.87671675998635,0
14533.656096671557,0.6552336285137607,-0.17471103792997442,79.7890329560076,0
6101.802133673311,-0.6531373899299409,-0.8415074589115312,90.73289969091715,0
44871.120970631535,-1.03008605490443,-0.3481073452012972,102.11835509659579,0
103.32383065262931,-1.008013223170678,1.2683586114960674,67.86196293025505,0
57061.16320979477,1.3011020630240928,-0.9096520258330384,17.777922861948973,0
117697.16516514902,0.25893042822568985,-0.12579262765832977,192.86869287122687,0
115637.80543569995,1.5089188942669034,-0.40086533500970234,27.12800035618878,0
117274.16851301919,1.9687573094339588,0.10413338802134002,53.40536701950484,0
155179.67885855775,0.07957954655656065,1.2129839285493706,114.3014430247883,0
61460.24540514321,0.5308671620671488,0.9592533764490382,200.48229615478996,0
163983.85926572184,0.5063867472328947,0.11704103558126315,23.260296658289196,0
9741.685821280205,-1.101286489839828,-0.8494174697163055,50.244073339677804,0
119394.04114410612,-0.4805744132024745,0.11083637869222239,190.511421509777,0
47867.764203529136,-0.3146014474420489,0.2565773958493077,231.2813558751676,0
106030.79094023281,0.9492964983753157,-0.8796738134146368,398.618448834412,0
60765.09794068125,-3.7550351070742094,2.20708532540975,127.39103695182635,1
68522.59278511548,-1.7798751082081674,0.1211821519006783,151.80611201344266,0
58555.120205736275,0.924721805513421,-0.07718027611369632,89.75545158781051,0
146428.63440273338,-1.6795027929134034,-1.5234420581356198,217.91089635707732,0
69427.37675306723,-0.1353342339231097,0.8760457766719285,26.152594060217744,0
167603.303579649,1.3951019065022976,-0.15058354837492782,184.76096586230238,0
79232.00754591626,-0.2368520491221783,0.849521986994124,91.20497804975246,0
50495.31022381593,-1.0523294696031953,0.3587361439966162,42.51745100194136,0
59618.90993896502,1.1974885400381745,0.19392147688393416,129.36555609186877,0
50199.17858002144,0.09535027433277855,0.5435243325500279,121.42384199370933,0
151627.16393747475,-0.2650649968885794,-1.359201268663323,0.803314502201777,0
36271.68648691722,1.1572445477310251,-0.6367305591080572,167.8792384976775,0
119039.38019425567,0.15734656767307767,0.07462800981684738,128.27927368214662,0
17414.438638019325,1.9740786877450238,0.5667603811176578,42.710450300586935,0
77141.2924341934,0.23873792529135657,0.5627198600820792,78.20564762682697,0
83164.82997068415,-0.2662129504064916,1.0288774416789441,49.26986435245462,0
30049.099065127404,-0.23955585893709952,0.5018520493598908,17.304973926999626,0
62281.7557300488,0.515719619170136,-0.9073809527633206,52.95962132711175,0
114344.98836087571,0.40848533814647026,-2.0824719767026716,133.85461109118646,0
34480.93552055628,0.6110709051105707,0.4586004538776307,16.210236106771347,0
114909.39132065198,0.12341913350096105,-0.6277549867574896,81.75639285465984,0
73866.21606720387,0.003197990615288397,0.12034991537717113,26.845685443733576,0
71024.44180588631,-0.5198341457252261,-1.1020845647760653,261.737362790857,0
72954.81801458116,-0.10276746148759967,2.2187433575308493,16.674067424712632,0
1777.1608976875825,-0.04946657132325152,1.9832726559207603,144.29739771470904,0
131935.53778586708,-0.1538087778810355,-1.2137121989732502,78.6960551853721,0
169548.97156313877,-1.2295262512173861,0.9194084287536471,86.51059642221288,0
164252.07146092187,-1.2971642963657217,-0.1395140283330708,251.0212637140682,0
166492.66882537527,-0.421130234801084,0.8016051597263709,241.89274970618774,0
7183.790043907755,0.609238830889753,1.0570434191653657,5.280220934057161,0
12270.124431346545,-0.1247181582364859,1.4215032852330935,44.408340266456406,0
63712.59912543661,-0.47935394265608433,0.27092134270744134,14.038371621840403,0
2228.682779629996,0.09468138947073004,-0.10477201168153431,11.865064401606153,0
172698.69181317117,-0.11965890247315014,-1.1074614086276906,146.82594029503485,0
4386.762258107592,-0.815909535148553,0.11106747319563266,47.27510828850657,0
113034.13695841657,1.366214785205788,0.9668834167557434,135.2957360968706,0
76477.3653771905,-0.6047188666354781,1.1201294063310439,98.63586509568182,0
83207.06234136866,-0.5334524457759005,-1.877039154630309,16.819716714391827,0
102584.58472083544,-0.7606006644251391,0.4086847622754085,107.9199749184406,0
2262.722098464052,1.0156278839944708,-0.7668695251179117,47.53981367953338,0
23868.050654634724,0.10650540141918646,-0.5445729318237916,60.32647557822421,0
169349.62900933044,-0.8381764823315314,-0.16048622032856263,39.58918630931612,0
104790.94150917714,-0.2730067480225845,-0.023617979418456322,330.50804795601687,0
145503.35326824558,0.5168252658244509,0.4408197989057157,139.0868631610692,0
92002.29389715752,-0.5674472812283516,-0.2799661328065292,61.750538461230825,0
154253.67167410126,-0.6060838322196587,0.2744601776138416,85.8341616215909,0
154691.74155234804,2.148296863786959,-0.7036563773150829,76.8517413243026,0
162271.0332490104,0.7356551436413686,-0.686880234788128,64.06302694926147,0
51619.77911613998,0.9346547073366236,-0.5483967878111827,69.60918727368325,0
109473.9340194826,0.4403539938779136,-0.8027217162249164,34.74044662381971,0
27560.26296714671,0.5615734705711045,-1.2425640027997056,58.63389191345518,0
64721.93645599164,0.6259320959729026,-2.239791630366121,438.72526055640395,0
153166.5265467125,-0.12296894663436952,-0.21469454738683721,76.33330778267302,0
47844.4575998368,-0.009159038534655271,1.1111452152044625,24.519423144049707,0
116439.3616210568,0.45134754786463266,-0.5954243852430158,2.72546943289682,0
89094.99373849444,0.7475461257864594,0.3019316851187039,249.47618556556878,0
116047.84819843576,-0.5945036959490072,1.004829149483237,4.449823559452435,0
153862.76457549995,-0.5532410018397994,1.5976749967049828,135.5978563048418,0
2395.3770857422287,0.31736263325536135,-1.50807587980101,13.850271358574362,0
139954.939828341,-1.0910467171940745,0.9104611024518411,27.258957495275325,0
103865.61602308025,0.8109137726156964,-1.1239011249228845,327.74149369474486,0
78482.93692090281,0.0803195726252119,0.30261352594625407,107.11178005433779,0
76396.09559265562,0.3090544381042879,0.6770304698008064,63.664570489090366,0
17771.199924811976,-1.4511039864667385,1.2719183034223662,54.93314080163871,0
113384.76555128915,1.6764549619146627,-0.4182489152798312,210.9322327312877,0
3468.3029759911165,1.2304600477599754,0.5995786278137534,74.83814067073132,0
158122.49457897604,-0.8180021847417462,1.2313042635686857,133.45220949188013,0
41898.90302808129,0.20849197057558072,-0.3725622805709149,161.45887514629558,0
71681.87327408962,-1.428067176105445,-1.542192894187223,102.32627613434938,0
6785.75478095752,-0.02230853891243119,0.5198290026710267,115.97107222456457,0
8928.355102495678,-1.4363524570391606,-0.9680497955496961,134.83862232143926,0
99808.13362426401,1.3610067047697736,1.3114808189602951,158.86470168932934,0
10788.133353600442,0.3243659742438005,0.9950175796158893,24.879539454029338,0
149661.3254881003,0.432850402519974,0.039309198743465314,25.311209639464654,0
105117.60960134295,-1.8559332871884366,0.47334118338514336,5.451885597240511,0
130336.98739436553,1.5789450927179753,-0.8878013803376538,50.94671276891911,0
84228.11105751595,0.12146106419954589,1.4634356542609945,297.1410109777009,0
19622.751932095896,-0.6583827179404454,-1.5534561336632653,10.492305000835735,0
145010.3722525956,2.3330164182526882,0.9513849835007704,108.03663688975536,0
95770.34164201247,-1.6880343251976782,0.44858087925184725,22.967680494095603,0
44328.39479036602,0.2541276870714354,0.5030892533366624,42.562637614666194,0
98850.00557421519,0.0867610754626467,-0.027402290866503937,49.51533041096973,0
79757.1315797397,-0.7019572982951219,0.6836183119363326,236.21890311078897,0
90021.5384726089,2.1563496317292987,-0.6481324338877777,60.05113422463595,0
10781.695053782305,-1.2083035156593327,0.180321249177299,29.88346304927914,0
148546.7156769304,-0.18487517719459123,0.6235995270520134,67.1166869735514,0
109655.84175269249,0.0647913501233811,-1.1414157922272192,3.9285621527098717,0
108112.45641303337,0.7692152772290496,-1.4089842999517348,15.62138906808242,0
20512.93170397446,0.5855215328568677,-0.8791531990935461,8.084236356320512,0
127012.35217360148,-0.9548690815840764,0.3182552465834273,91.65076915086973,0
123573.60342435823,-4.1564985192280925,3.307135469307811,69.36777792784552,1
158085.3717045677,-1.18755316677504,-0.35990553718324825,191.55784472922858,0
48140.41058472245,0.21187917882888407,0.6251105462489474,33.379526586265975,0
112866.5302038057,-0.6964610897866884,1.8182787037428214,22.783266932863945,0
61326.31970647654,1.5051959988790395,-0.09716710637250317,104.56131449838561,0
151561.25239994304,-0.750022681565717,0.019258967351125547,13.09307364903768,0
108880.09232169544,-0.07247771959403507,-0.7841115340562388,115.80211992814294,0
102725.5107201707,-0.4037034339979068,0.012814304566494933,118.39478132425315,0
112014.74340999579,0.26086617472197593,0.42679019325864453,30.94107705731529,0
2473.6799808679643,1.6776254421561345,0.5374620867252017,61.03179543851665,0
52343.837942375685,0.23492812508811559,0.18847899108948643,13.243825794570615,0
51202.043214795085,1.167217733304373,0.41665906054859364,262.3683102976765,0
54502.3115852566,0.44670361080914417,0.36202455098846575,29.79991056125712,0
42674.889656199026,-0.40451508464169533,0.34413370482806543,378.08103828807003,0
1688.4024340349363,0.8865794927576496,0.5945090026314696,110.03445766896898,0
35481.53180853501,0.7524833770742185,0.7884989473510197,11.983579202744455,0
87936.8953080753,0.20152960578250198,-0.18759882127683974,128.74719471054814,0
22134.944972079364,0.19821732772082012,-2.160912602766722,40.19071468295839,0
130680.65515779665,-0.07589878507966075,2.097127212373027,105.55028705406038,0
5865.865099626039,-0.1471927507680115,0.3490122686280793,8.248403776471806,0
109505.36443948341,0.2839278876047216,-0.8326072197388483,27.520783478053513,0
31469.975831007236,-0.4351387479620344,-1.0441871788640233,264.944994264685,0
171584.3167694151,1.164990882563923,-0.9777544010420485,46.30984652273311,0
164948.9925068025,0.17392351197515246,1.608077135453547,64.9354520539469,0
52380.57990735278,0.7531899497325488,0.25043028300104486,176.21500934051284,0
91573.73342154425,-0.49687612734152825,0.2828281601187029,10.050002190195112,0
27429.712711080687,-0.7753790296726064,-0.6546030209289879,211.18350771594174,0
145037.6914791172,1.0974849713531636,1.1219504919152248,33.060369374826486,0
22576.72501269439,1.1983685693734596,-1.3358268451505217,96.8758038725436,0
77647.63542445014,-1.1310686299349713,0.8205768116689474,11.265264007705099,0
85065.61359422041,-1.0630362728537182,2.411640191788569,214.0846413169851,0
65135.99740462403,0.8596307868548461,-0.515434864681385,53.50487933243778,0
137536.07969839723,0.18609302087593527,-1.1971665926902302,1.3298661509273708,0
95681.34466986434,-1.015663230879826,1.8129072206587489,89.72530988786666,0
31437.18094958285,-0.27583995989645654,0.2106354452150584,23.34580189393418,0
142504.8709118658,-0.8965855406471915,0.669868037904822,55.26938331339851,0
23642.25942279653,-0.12389236323520093,1.6826629146481138,127.49469648852464,0
117543.44029212714,-0.7664664310197877,0.908222524091729,18.536361463774067,0
104746.97683311207,1.401500346552158,0.057754146667227856,92.27278511511639,0
60501.64478401096,0.6946691241185846,1.6173586974450547,182.56808714837555,0
14004.786108841563,-1.4822314236773086,2.150310793331211,68.26985599647315,0
149569.17981215677,-0.5225209294096369,1.4470046175850602,61.77135324476163,0
51805.53116327276,-0.6005066354139633,0.4793542588185019,271.21421874620466,0
54768.37037030541,-0.6292337633874194,-0.2811940121974293,112.13835314288079,0
58967.040918134124,0.6476059825670705,-0.12614154987731818,37.258728612988506,0
56217.081155892076,-0.8407718898986251,-1.902626236431442,37.50399190096446,0
12296.15167796919,0.5080122910545997,0.03474123353902422,192.51139780387942,0
86098.5818951248,0.115596738679908,0.9221734565070863,60.63664282005881,0
169167.936702207,0.7777350472478546,1.6627772891794692,76.50716335956895,0
157169.9761364975,-2.199560362775286,1.6020704142667654,49.18655703296963,1
37714.27182308309,-0.1554224325277597,2.480650917512143,70.60417987365628,0
109109.18958653545,0.5102522224050186,-1.040467307889566,140.66885399210358,0
14022.578051062126,0.0005599923396953997,-0.4804202194034942,238.68150620369238,0
101732.80702429207,0.003582601832783283,-0.8039203442394212,80.47478169813844,0
47356.7421347492,0.27798244021892227,0.7184902973171294,46.59997855066435,0
135880.41849100738,-0.20260577291807386,-0.08496659688814741,52.17915181975198,0
95938.70024438709,-1.2689825772544985,-0.16624207232083046,39.742554782947316,0
123214.35754961027,-0.4384273672152734,-2.875773427628275,96.85877424247145,0
86022.00138832536,0.8514099367626543,1.554962727725765,1.6305511547876317,0
19860.421891893147,-0.20057118065576857,0.6321516296907728,147.2694121266151,0
54622.306635316505,0.09637712311403587,-0.47945941095045846,111.0980455563051,0
9030.161540624908,1.3006254010559588,-0.15831961259537855,138.4598394539159,0
10811.204735521233,-0.14114967234280568,-0.8054016700655807,185.21174477605618,0
146979.27844101205,-0.6633383235123018,-1.31172043291069,269.30310248415066,0
142682.85242968326,-0.6302320736464391,-0.0878083516348536,102.34736064139486,0
168136.2238612226,-0.5044226832971694,-0.9062181261926946,77.03573987608944,0
24399.198179225554,0.7230703241355783,0.030268671108619073,40.332596902112705,0
11206.70112665693,0.591668049693131,0.11423264450235611,89.45178993475672,0
167363.25091774136,0.29967197733792633,-0.4167916511383418,44.606467965717485,0
97440.69675837352,-0.15389777398563528,-0.4864926155454853,39.73157179090174,0
114705.42237304791,1.4106923204208948,0.3285631151875155,5.422783157582955,0
88586.74134346515,-0.5462640091774649,1.8619148781501726,61.2510176654654,0
100437.9646618274,1.1904749851934822,0.7385660392020614,45.758849060686394,0
113225.81425442295,0.42232479744987467,0.2862733367774424,142.6366931777422,0
46992.27561150795,-1.3657959280509446,-0.5167675675462897,12.518849059755869,0
2806.8669865935994,-1.3268775593670228,0.5662707080586883,70.70433311023606,0
44007.08348955764,0.5424239695321018,-1.5184219860092891,399.13623223580004,0
6224.051800758481,1.5803397708229694,0.7239970324019037,12.901866749914163,0
125239.69812016998,-0.22847254380954055,0.0811438318496202,182.06507879533848,0
119586.3355652679,-0.6829351063151862,1.3691143676747508,42.09483196826448,0
89414.72958327114,0.736763345167897,-0.39130310394045986,4.560830290357153,0
166345.64605634546,-0.9648933001863843,0.2559443770783465,287.91045810956257,0
62528.214505847965,-1.5075529446334208,0.45276258784806556,4.84573748293376,0
6798.5638275184665,1.3967601773984912,0.49243733915416665,42.85879764027612,0
58730.39373912183,0.25678325732472285,0.417459031363166,110.05071895643496,0
129397.19102725935,0.17567371249177932,0.014655909870126726,76.54322628749641,0
65660.3848452202,-2.0200564145232254,-2.757853629547368,40.4585512094499,0
168630.9848484573,-0.397548696545778,-0.692943230147068,0.1257840437520257,0
123388.3105997403,0.16392406359342962,-0.7028328129354411,320.30299319528285,0
28114.515730120187,-1.4548921652893105,-2.65508201787949,49.69960589677215,0
133745.71014479737,1.198225393201287,-0.19368366004438056,37.09758345208889,0
129315.89151343983,1.1626480586861927,-2.0868485293159376,5.308142915908055,0
135545.26577117137,-0.21556794341894983,0.6565060831752271,10.490911823917713,0
171189.35834096433,0.628102969833705,-0.6915614026937736,77.96904450532622,0
100253.78540248302,-0.2818448493970999,1.446822840111534,129.8970132027115,0
61429.19220426656,0.6856563925137109,0.04687854330331131,73.43196146382505,0
65017.65637974224,-0.18428900183271194,-0.024830314126647098,69.2578286705416,0
51118.404047401425,-0.16833763423719086,0.6234171586011584,108.87370385111322,0
1531.5756676074259,-0.9888723476355838,0.8498203653189064,90.02352747673407,0
73803.7518382673,-1.50899581744673,2.4662508112697985,92.54205291181118,1
171904.77399731634,-1.5184156988286825,-0.824222439367453,76.63910693786171,0
111160.20414683863,-1.0237559477078506,0.2567191727957405,22.687632198715235,0
52521.938134397074,1.3134731613252366,-0.329396455962543,129.8013625740141,0
118067.11436037818,-0.10210305889143893,1.0835485233278697,1.6010290344719122,0
86819.43522234984,-1.422058497167931,2.1648925891014574,77.41975653204663,0
41450.24668422725,-1.3076425810934404,-0.06945513785101935,152.26216753937643,0
169338.8729132094,0.7735577062068134,0.5569478823405032,235.97816201211154,0
138029.74314168937,-0.22327158843330958,0.23151877204646154,44.10469270723673,0
50482.5952668857,0.9758233372885634,1.983373599422574,269.2946585000626,0
34795.661553096375,0.6621687539474996,0.21229961766047659,3.071189332010618,0
62231.5712110785,-0.3386690538837576,-1.157933699731306,17.284807325650267,0
117956.25582740393,-1.4120756063156303,-1.364033164839314,115.442918365477,0
27711.142177491616,-0.9593549606481229,-0.5596541808251622,16.823237593455904,0
130487.08909452986,0.9669174010754679,-0.16763152548836402,164.93659143348864,0
168873.97234748208,-1.202671507771992,-1.71374357412924,10.003518637168247,0
165034.45638460608,0.9943787309920463,0.33412624733823465,18.956075196276867,0
20308.535443083725,1.6301299648744103,-0.18271846181432752,141.6910935365833,0
19089.926749104998,-1.8132934720171585,-1.4058596858654655,35.7749921585303,0
110169.93105018082,-0.05585218265281086,1.926345405721134,5.627451734165927,0
78579.04705353086,0.6603430545626816,0.04312543095304917,112.4776115343418,0
86469.31797872277,0.41208346487146014,0.659401789848495,19.653597388242222,0
64900.734216182325,-1.0777207457916016,0.14198945057559273,17.374002477361195,0
128916.55513706514,-0.5892537307950677,0.9276455318033,6.200700147582673,0
112658.90564204937,-1.6171718900455445,0.6099091226546439,34.74700972966685,0
70430.55124155557,0.5069157201363107,-0.7757859893125999,97.23047193060282,0
31049.24121277781,1.9530596955398964,0.067470025257223,61.65401933782627,0
33737.988291502086,-0.14170872170182425,-0.08163436001124397,61.81692292019745,0
13174.136865831942,1.3779743339254138,-0.13778586119228045,61.68405560844419,0
29776.873743641634,-1.015995431168029,-0.3727757944647531,100.96366777901866,0
17007.699876716517,0.20785323813764608,-0.6172990697580455,227.1891856728763,0
16218.538817475952,-0.07792273567851586,0.12592382048545514,168.9616180739245,0
46767.27317444911,0.39662793922145717,0.4898112547940131,108.99664448823984,0
7888.103222811909,-0.6886944334452347,-0.07618566995191904,85.73977013803948,0
104677.8887848701,-0.6996008087023639,-0.7043603242208816,147.4748031561046,0
129359.58484294063,-3.958597999248024,4.353200184365481,106.59304303791184,1
47833.512386337636,0.40251620973532143,-0.4709898102640032,61.71621738083361,0
102997.4600034922,-0.23587146453367722,0.4663216491832921,21.311852213943947,0
56461.111262791055,0.9704626369066661,-0.8123813546900387,20.44137844154932,0
165204.94641614205,-1.2502160258948012,1.188474966503524,12.233111770703552,0
107030.58670653154,-2.707565693672108,0.5451408795105409,26.121266776141432,0
110790.31096257937,0.6635978685607627,1.1522136630686686,23.576991633554712,0
39742.92068484796,0.043908301877156795,0.3142893154787071,94.66204493209612,0
97354.71660314422,1.554282441611026,0.41708049800864466,10.937764976994545,0
82397.75807228389,-0.860523867981239,-1.1178943387202076,25.59969983982981,0
162625.67640581878,0.6573210951195391,0.6768376541110072,99.53191153700001,0
15110.755511020205,1.3617609133402233,0.009290068306694576,1.325530654160868,0
96208.62791280706,0.5817233649705059,-0.817581586777691,125.21187507190866,0
70791.15802337152,0.6165793523072711,-0.9083412517079852,19.06580619498387,0
104289.77776339371,1.2322042374139113,0.06404884501770187,79.23901295506398,0
122238.20160568992,1.3295342439705244,-0.9584493812548077,286.6238061473985,0
12033.990402463713,0.305085404706753,0.7541879610324033,191.74124369408767,0
3310.0679032565017,0.03158900615257829,-1.6797453265189957,18.332781951214464,0
49404.69318052687,0.3999965529436064,1.2116396256491668,22.630433044584976,0
48550.4391615374,0.2607668174830632,0.9944144200902384,95.53723508713176,0
104760.5076433689,-0.4503681912566681,-1.037795473018184,69.00365727960288,0
128423.78474082107,-1.0971438697704636,-0.34152041500530517,0.8231434131314498,0
136988.60202538205,-0.16045004326563395,0.48708655911559395,149.3890292017868,0
156835.1812417727,-1.332449780998205,0.36752904756141197,24.847905856711893,0
43510.87737912143,1.4148406628255548,-1.1766981857709065,79.76745184687692,0
65817.94002584052,2.2096055760423776,-0.912804486601195,75.78726434458017,0
167601.20794236343,-0.7865720915578501,0.14358982547949217,91.48566292638705,0
7760.67246644242,1.6009079918889153,-0.355546671190706,103.594808854048,0
15169.807363650043,-0.28865816067923,-1.1804984869976387,79.14063945955901,0
111598.10835030448,0.1822802235378697,-0.46524542916908107,101.94267092613634,0
148321.4417508881,-0.27362761039326816,0.03322323851695945,45.93143528770527,0
92609.58162564602,-1.0802670597806927,1.6201586849567073,92.40759488448373,0
100344.80181098044,-1.2787358548192564,1.1164307487822072,91.93523100416289,0
104716.2759444332,0.8467711090082444,-0.3509527421380881,343.8823318226839,0
109618.04543702754,-1.894581150472303,0.9895993295904707,46.70838862727337,0
124091.66757193823,-0.10852784256484785,-0.7081861613595825,134.39012890122876,0
109951.14596761407,-2.072135116096487,-0.7295729332203905,34.15680531682091,0
92812.01042624506,-0.9869427365015568,0.4972179804531937,98.96837442226965,0
73227.47672406356,-1.9223824533350555,0.07360777270232433,59.69888142959406,1
43735.9459702364,0.0765180622437113,0.14187804262849532,189.7527185810642,0
11985.63279122859,1.0274793433526916,1.07562679401766,16.446053921303765,0
56651.24238666939,-6.867439275210796,1.728215203358666,184.46015257034367,1
154234.19493906817,0.9531762543293538,-1.3411300326557107,124.77473136248852,0
94766.83136528762,0.21446326746755132,1.563961336859704,12.349307992491985,0
48012.95970830228,-2.9733061712925575,-1.416990139680991,139.19364994852864,0
143319.39808760874,-0.6149441025160431,-1.7230460292912313,73.40332307877308,0
25388.108395275587,-0.24272858931102861,-0.2697406066116577,143.5257057089724,0
56044.8725383369,-0.301579807791105,-1.2638715607337165,3.2575417789307184,0
42920.68759082626,-1.0581464312944115,-0.42093356458376585,152.7808037337095,0
42396.32615293226,-0.06828620776429063,-0.5822670625087771,45.905661968179025,0
10792.672177375545,-1.5166625462859213,-0.08214304557286504,159.59349409280165,0
139692.5116808298,1.7283293805663333,0.33429996375100834,46.53620988766164,0
38374.7104558058,-0.16003867357934443,-0.5592257979552109,114.4358861938457,0
142791.69213219226,-0.7726368896531003,0.21359657456431608,126.22756291083513,0
129762.39715718139,0.34961533102838527,0.9118135935708017,24.80494735239655,0
166582.20794993895,-2.0017060017255335,-0.6913348611627764,68.98851184476725,0
66251.02597486715,0.34809529178734483,1.4022095895032698,64.48828955872143,0
9829.105535977325,0.2353171684846372,0.19937992065400773,1.677403043544465,0
162139.0726278978,1.8641995258873496,0.1921922494586957,224.74439785043066,0
77593.89909832575,0.867394492997976,-0.5801637221245197,146.4833189564308,0
26135.45200539669,-0.23450753514589096,-0.037914678132769594,52.391142247123234,0
131966.02414373538,-0.33227270125008823,-0.3340530820568455,47.82215809591284,0
22030.04085096656,-0.10381248440296688,-0.9617624207732018,26.159258742211613,0
56412.5140645618,-1.4512262989011584,-0.14798874752285357,20.46680051270061,0
63976.12168629486,0.02050172936766847,0.3460344109108019,3.9509883046561862,0
51505.83956217672,-1.3600235763105946,-1.1258708271451243,63.50168630536136,0
91786.09443857834,-0.9345938948984711,1.4642012725235871,19.54394008600956,0
112608.02742495293,-0.541473006507169,1.0581361125674218,41.88330280906426,0
133560.83206819269,-0.28554162530722377,2.463013688775024,28.573911788427903,0
121127.46591613593,0.2569974455858305,-1.2463402936208738,118.40083967055537,0
136517.2593938602,-2.19750100526203,1.3303435074897187,12.428150542823378,0
66718.5358119738,2.2106897260157643,0.9167064725890186,407.8009544602697,0
79090.491771526,0.4330639467413191,0.5737677611445846,78.84953127266147,0
86855.6896885772,-1.0359619286066395,1.885788516485527,47.83510425196224,0
10617.91893460008,0.7998872897059834,-0.6854728526884201,28.924751715243612,0
50015.14933584751,1.544092663524045,1.0325617203605524,33.459787956586936,0
21935.994696859278,0.2744683356365649,-0.06552911548895132,2.0088895646194045,0
1872.7461757955566,0.7124817644338045,2.3845978003314694,51.56612431409039,0
134025.7278398966,-1.0736928461974642,-0.6880821265803181,8.389847411354681,0
126075.94761681747,-0.11356256479045149,-1.2519222604734526,128.85342780179585,0
25688.91935573792,-0.3751089949435645,0.300175049284521,181.96498065708747,0
103035.43500169876,-0.3574150481706999,0.8246686246914298,38.73417328671202,0
87429.52645659618,-1.631067625194979,-0.08173667603149418,48.10592021097637,0
99685.07158657681,-0.7133109002802115,0.063537955156817,111.20871430790454,0
51254.636916745694,-1.9795942758525282,-0.5118684010935176,0.8180121752976001,0
74037.52578507185,0.6623068966479679,0.6559191396588365,59.9206355424992,0
36632.572651928116,-0.8420986897213886,-1.3449866686084093,57.03793540445131,0
32950.838130681586,0.9559358223307622,-0.7436999169051833,126.45630473018309,0
61942.877892450306,1.277856655030514,-0.14817853349822913,58.139512902985516,0
143661.34328585066,0.35641258353437605,0.08038503876365498,174.77702827994557,0
86410.06718821978,0.9192610916812918,-0.5791861411469302,45.269493925127215,0
58823.11689654407,-0.4358573549814069,-0.45947543195264406,67.79467175278188,0
5.308216482081463,0.439842886472828,0.7975656226859541,60.49744383158695,0
15272.918838924832,-0.9928687053786982,-0.4865812463547379,75.40241917595299,0
12257.086947916048,1.1966271208272423,0.6064247283911633,81.96667395287388,0
49122.563257874885,0.22848217771819174,-0.39030414911169925,524.5773013745412,0
97760.72746597638,1.558294956772448,0.629476497114477,45.21612054557947,0
68300.80970650406,-1.8662459348495894,-1.4084233842060085,219.1289923064115,0
149374.0650588533,0.7344258528096671,-0.5305803556472093,32.47938966803773,0
48258.90808492212,-2.102600691921022,0.9173666494778481,421.5051565646915,0
9946.153730876133,-1.5072258203839384,-0.9724506376870051,51.76774063369892,0
64284.72522499293,-0.8252919608308644,-0.14124182106853178,178.18231423147833,0
158112.26572277272,1.5092400198275007,1.230484356358352,151.4082208732779,0
40508.74368198974,0.9078523849098702,-1.2353339793034797,1.0686164242028184,0
156827.48669442887,-0.4149162781203273,0.510098731207273,33.36212965672769,0
85110.11378742919,0.7145497614635058,1.1142343467426044,30.894158344410688,0
115851.05288010735,0.48923401355003554,0.8265839651372482,123.39100046679192,0
56711.70782368904,0.3188083396282559,0.6141058052896843,188.43222527985256,0
113855.40925620316,0.36660624701380495,0.2553281717450444,37.54256132089089,0
35640.36527088717,-0.39039446711714254,-0.7559752913150118,348.9085216491334,0
165911.43244126128,-1.1084970907967833,-0.5095665028698317,33.321454823083464,0
20771.809192035576,-0.3317787717721222,-2.510222141040413,71.09016744873618,0
57050.94821453644,0.09127189816757326,0.4293507136612708,1.7788909842510607,0
69866.28312842168,-0.24965553821891934,-0.5050172707451764,4.434959295927614,0
157352.66793465207,1.083261776294304,-2.543093189474779,186.8931317995672,0
107809.20051119513,-1.841919078931543,-0.9246440184480313,22.27198247322872,0
93034.65242078628,-0.4050110714506975,1.0471766550029968,190.00152229556053,0
100764.90186040803,-2.207547565671355,-0.7102708983119079,202.14751392438978,0
21684.03208689324,0.2257880340855212,0.5834335691559652,145.2948820696513,0
127428.55523507271,-1.0658027113487583,-0.2877028881291165,31.828992653735295,0
20832.494354557675,-0.062088698214287405,-0.9589282677146163,125.75676003629098,0
10117.600573359605,0.32158454037275613,1.0237023365900986,147.0604738102035,0
58165.219271909475,0.6469045232565658,0.44230215613534063,73.16993521595286,0
131656.63321812154,-1.369463774656058,-0.23653325209612397,12.681164882137013,0
83513.252442181,-0.07722171159842571,-1.0085308082526463,24.928320106088602,0
100855.7761278307,-0.5982793341978477,-0.6238402486872604,76.19630895334238,0
166263.41637640086,0.3959142209580454,0.3727941585292059,27.30898096100788,0
116896.39191716045,0.8380140545363104,2.130104266320959,122.58717713517916,0
111275.69692854762,0.7130258504329489,0.4629127794931132,110.92042981027384,0
88489.68047411575,0.435546318992364,0.09912579247616002,1.8685031114901605,0
62770.52476958001,-4.695780684049442,2.7481796341496847,156.2540522223754,1
28388.766517472322,-0.9614718135105067,-0.8791360931076848,228.82994672128413,0
113795.80110778549,-0.8193415927345735,0.8719934654268633,18.747192884813767,0
72450.1430494886,0.8254145978230849,-0.006678573052672211,125.00285740740006,0
46752.63952112491,0.2912836656902564,0.06318366880775604,62.472105361968644,0
133726.40451017104,-1.2770845623311189,1.1974231998049074,26.057442314797854,0
31834.052220330916,0.6185563569779244,-1.1315053013521625,46.13989544876534,0
35922.74488923352,-1.0814133807392872,1.1531696984548447,87.86228045806257,0
119685.76454468122,-0.589915396249933,1.6180684811660395,305.16711692763556,0
170977.15543076175,-0.43403335432359996,1.0251346045575813,27.52348613215051,0
52078.09665556375,-0.6867323955673516,1.5463986871898292,74.16653965610901,0
89263.75019546518,0.5212299906445413,0.880806853484222,59.735552613265526,0
96372.08517600759,-0.171810463802674,0.6683332296061608,27.43858293993242,0
74963.65010282431,-0.38749131490543404,-0.8839898989220014,15.053976549485853,0
132810.8539818013,0.01590865839963108,-0.8861126513476503,112.84565942158613,0
118073.44107760409,0.24409844350238658,1.3592914243365102,26.32584654860124,0
125404.3310495086,0.15047449877390098,1.1672907173837799,54.87626425718559,0
136327.53112289406,0.3543093815188606,-0.13367591465481174,173.6699062819779,0
163071.63523933417,-2.2912928068840652,-0.7787395153691529,377.87288987806744,0
1445.2442283209066,0.1288496213559143,0.11088050289283735,81.76316004273637,0
109408.55770264706,0.03162197391024777,0.4918144010879626,51.34931869263554,0
8505.374032643605,0.9361535941282105,0.06875005676357226,67.1993655423606,0
73016.36841230403,0.16614061307833064,-0.25895883476751336,64.29637365573464,0
40156.01102408506,-1.0878930121092583,-0.1642137840414943,222.1222626434373,0
117061.29870824929,0.12060854761357863,-1.921013138823256,346.35430579512234,0
148632.13901078235,-0.9125881981776266,0.438023605328097,237.40852728904724,0
151505.1020324303,-0.11955875662639608,-0.5493500912013305,6.129655491101863,0
33987.72049565583,-2.256725105289419,-0.04459867199522342,26.89815794561794,0
130268.40469227296,0.10142296423965788,0.10654467643437403,8.282491105795389,0
136446.01507489893,0.3160678697299512,-0.581443086342757,32.585978242917726,0
19016.972558382546,0.08387250176093364,-0.43852450560498196,58.5042290645094,0
94845.22010656125,1.2359432022281034,1.1285940674785802,129.0144420292157,0
85331.06619095728,1.0095859678911938,0.9191861536769533,203.66994685118604,0
57922.08335641168,-0.6938044179018226,-0.5966236939834492,60.42565367904116,0
127250.26820334268,0.6067621502064073,-0.713712463865602,181.84458075261472,0
167514.4492995377,0.2201893142051328,-0.8641720791739649,2.484764513724778,0
85399.91088485182,0.9177681977951373,0.30517263458050775,51.50303954121479,0
16539.475193883947,1.3227032199889794,0.017068825199726117,107.96830654971467,0
171501.14917296724,0.47001366124666144,-1.1485833152387388,7.855864193874432,0
14652.060372714797,0.23773172790598612,0.9902995470995242,29.59296710710741,0
161532.66542275297,1.5042129006852296,0.5265477791536803,105.01460901283043,0
130385.0086418331,1.6629314471898375,1.514247599980887,177.57157019877621,0
87680.78301043737,1.161503048481976,2.2567524721687664,299.8319949853347,0
3405.980923954126,0.48721819463042715,1.585679173100759,39.10052987280716,0
122217.79597729929,-1.8217761152556355,2.138997655653961,95.71606277124765,1
48811.23527673664,0.3720814786673863,-1.3819627849870044,59.332763383100655,0
75792.74443596123,-0.4627366479963379,0.737528063466538,3.3660868843773675,0
33839.95693840186,0.06578468947474944,1.1941481480131266,117.18346500662476,0
161179.70786962213,-0.22078914979205405,-1.9762160643903117,10.817918298347632,0
28033.932519212434,-0.22257492722485295,-0.41987416228435775,29.2349740026251,0
18420.178141515767,0.5647762643141505,-0.6759376648038271,284.0716989274986,0
1961.909815810015,0.09262758794892355,0.5259441806248001,40.19643640524144,0
123503.41442915183,0.25149366994199174,-0.9680835891538281,174.381732973855,0
164153.29258659892,-1.1557075749169152,-0.4969631329205013,38.80138413699739,0
15310.154248637858,1.8961232762543467,0.8958508801028059,122.95913053018309,0
167778.47513167807,-1.0866361888852818,0.29618455398846355,71.30401591794585,0
32321.15975074004,-0.9780230235225682,0.1361246340758442,91.36641312175993,0
153516.15457494013,2.572752389244474,-0.4076605785659349,96.44527109093272,0
55655.27981277321,0.5274808330277304,-0.8605073265053105,150.6560526078528,0
74395.46968626947,1.1329263873010347,-0.438408888036707,146.26444646284386,0
127122.586140532,1.7127114112762727,-0.4761991603989872,0.6267212730451822,0
140162.18744450377,-1.4771644163123816,-0.7387152655423863,31.71995118557514,0
151223.08929773507,-0.39280101688114194,1.7897907703084006,40.35892186263784,0
67259.02550834104,-0.589423411486891,-0.5750581961873702,24.935211550122798,0
156941.8828474158,-0.04798579485058113,-0.35420976166544893,249.00815597355037,0
148181.2890195324,-0.3531201800024466,1.1629808803918416,88.46396971767983,0
37794.05792604184,-0.8037236608946853,-0.1720313621156695,14.959609370676004,0
27660.378520150214,-0.5632097340426203,-0.7106919924670108,252.39683806894905,0
139421.04294538323,0.7691357793100331,0.2897844786582218,175.20179849308653,0
88348.3998682898,1.056288483746123,0.722495769442937,173.72065661409277,0
96256.60069392607,0.07224913423620272,0.49673775677571846,41.15868362999292,0
61286.32022142231,-1.8360052833568312,1.3990974792634143,21.220703656415523,0
71647.0485800297,1.568518985472554,-1.9793296949964019,23.74321804578905,0
39509.47679099836,-1.208858864620722,0.6397375066988947,178.19562329330793,0
123248.69923213354,-0.7402322525487084,1.075103453808939,4.768354313972447,0
69674.79741416458,0.7039646767942336,-0.4519361380059906,9.238870559335751,0
145486.12034162454,-1.258264629367288,1.1329561648061375,3.483589619525746,0
115188.56277925581,-0.412420069849907,0.06593110857890049,9.604302397877055,0
108057.05336812964,-0.3680582821436807,-0.6459081732622967,35.3462416439814,0
2.0104857272691845,-0.5527909175451801,1.9249405131870565,27.588497459653247,0
172423.44386184582,-0.4908728948935657,1.638281183136422,26.431768551183886,0
13982.852111256376,0.19022322184489376,0.3312227598598763,88.39864023203486,0
150353.08541008068,0.8174671266983724,0.26151859672583017,148.3129807063743,0
20448.49379156133,-0.14027558555042832,-0.14996629117086105,66.69323059087237,0
116954.72044255797,-0.5319315082920923,-0.04462762306644215,7.78337221237937,0
130026.52873494622,0.574386351133876,-0.5021078248296975,36.61668572438399,0
4201.798999355224,-0.022030072516940464,0.631900339157813,95.28345509775865,0
17607.127830843478,0.9224811702331092,-0.2434810696329004,18.65780211466295,0
5485.322656452434,0.034393795307583075,0.41934187246162524,23.18119875300825,0
38047.6572969274,1.1516655830474756,-1.0047048607067959,7.097213572558525,0
133860.13018810822,1.1565816515942398,-0.23952431691106857,141.49505991220346,0
6961.337644838134,0.9205095750656788,1.5908353339269714,40.643564767134,0
92581.86540811826,-0.5209685512310958,1.9425771788306316,55.630020197267726,0
152232.1353745328,-0.30234956633175064,-1.4571726984209565,55.64569313540328,0
112103.50128105914,1.3869598902732805,0.310186516828704,71.23409891167883,0
20727.868331111586,0.00806675941113609,0.3929073590143916,15.158987559493552,0
64475.58846338788,0.056706648839265496,-0.6693560962502948,51.267509504982165,0
67863.87243730073,0.8995613767383077,0.017219582730560564,5.998378532944322,0
16204.58373721245,0.17118714374566293,0.8557353208608411,30.039200266685647,0
72255.41939453178,-1.1290644218323018,0.5951573238847284,33.084377997704294,0
132083.59603191598,-0.4966510521282467,-0.8038246482427452,4.70598986128401,0
172723.57112167578,0.32868234949648295,0.2000940591283936,21.16079152758719,0
34824.10371949086,-1.375149392040303,0.4918781505788882,63.992920973868856,0
110439.92525451846,-2.161303886302362,-0.6153138820737076,27.488312924293076,0
137848.13510657137,1.3698682233619108,-1.4431152891778112,9.869417646650499,0
142211.60151121742,-0.6760707152936095,0.7400783657052865,82.53983312721303,0
142631.82676061822,0.14268841220163028,0.03796372821063529,78.4024955960803,0
69593.38296425235,-0.3287248129662911,0.27747924133746593,101.29351869601783,0
29178.742470404257,-1.1121863012785584,-0.7815598592245849,19.70445947182959,0
160046.33502501194,-0.18173353761590585,1.4824440287546365,38.50988460237701,0
150146.78131792252,-0.3997705114430575,0.2676962543586619,49.51946195394317,0
59731.30655836356,1.1288474875493895,-0.5693611920908682,316.4527215679526,0
85566.57006722748,-0.38003684628935364,-0.8535662847026064,78.82992844179805,0
121664.98392754584,0.41709532442324604,0.5657385044539512,36.69371578602201,0
92561.46036726158,-0.04233189566021276,0.17823974390505556,78.23256440870306,0
121330.84542022012,0.894458843105129,-1.097643363578611,35.63037663574996,0
63963.42340414079,-0.11359216170196468,3.040686954159441,211.83095024541853,0
5296.752381163288,0.6734727961582307,-0.379907966540577,29.679263435591746,0
8636.376152392486,0.032264810771252796,-1.138782936976213,53.49435959685269,0
61134.766629656144,-0.3827784017095585,-0.10965484911745936,242.0735836894371,0
98145.9585762187,-0.695680744166515,-0.0015718073731942623,56.97545683830519,0
116225.64602930182,0.9752005416847661,1.4503402587590621,112.91785558941758,0
171081.3052980167,0.6322163140318503,1.1794244681404278,154.1208874061247,0
23202.69423591321,-0.5106839381956507,0.7837313967528776,94.78609938380146,0
132159.1335960376,0.40684763513978306,1.4767436707882908,6.645517703315056,0
10764.022716874833,0.6769940973750542,-1.1550084973999026,8.265715831984833,0
10407.2160787714,1.9380948993931397,-0.08244595914915345,1.3265336438393884,0
86117.9511293821,0.9714123576723597,1.9008318150657448,140.05661372058924,0
7460.421545723617,0.18030505133750305,0.01920342096554723,43.90860409567524,0
99753.81625148508,0.01342048538846011,1.3939245305410728,6.6301956639295465,0
5808.430111671239,0.3120621317267384,0.2061353796226038,25.372706379925294,0
84951.22322018864,0.836484137964941,-0.24039847568841113,146.46151809228343,0
124148.84209733666,-0.8002932816073767,0.20092570656524597,138.25950875040547,0
55878.60593356199,0.44176064964947936,0.554967164998613,79.84373166721532,0
72434.80095588656,0.034143893340212214,0.014416562635548644,10.502924503552043,0
76146.89185571793,-0.4834781349943769,-0.7153375690946667,48.989982045443625,0
108760.08466977337,2.052073311421935,-1.5050658569037048,146.9011557986839,0
146541.67308313644,1.0995844643276695,0.14575863932765726,170.9861070453602,0
140726.03545764196,-0.7090289023149722,0.6602587067065492,145.9936054425817,0
36375.599174171264,-0.32573889318261995,0.020271892122288065,77.57483155350295,0
129915.3852213145,-1.1027763738203191,-0.39902793154992044,50.67543309277575,0
73047.5084552715,1.8307438248312617,0.29203572173090797,108.18443934791605,0
14433.105256707244,0.7738771734428223,-0.53972679815177,25.57241471927976,0
127415.30297261178,2.5303696686416894,-1.0707543763385026,324.9287655182823,0
61419.91749650987,-0.5011771369530351,0.47911912778277205,20.40850108996612,0
60009.4723444717,-0.14663177404360228,-1.129485577595404,81.51912457581989,0
35368.722845098666,0.043900533123388444,-0.7596517608333779,43.073530008287534,0
99814.76715071623,-0.11741030034486948,-0.48786908807379537,108.72511287941313,0
153115.67960297564,0.787276293122914,-0.7814760658012543,9.64158415945045,0
166132.79187414615,-0.3468639879246106,-0.04454486424478854,6.2681107866074335,0
67753.77008911016,-1.0777439349303435,-0.4168996361193892,13.665656094077978,0
148629.15023429456,1.4141103906067818,-0.44137750329462916,231.99236951023315,0
18300.52300096932,0.7551849738039433,-0.4624991531999693,77.43526835694007,0
88768.71738120467,0.08504586020018182,1.508336098057729,117.20473311911456,0
32579.816673470596,0.5546387081318072,0.017855301482174405,66.87450393683595,0
146724.13784885922,-1.1419860706926814,-0.17858226951422537,22.417662983524828,0
7828.532888609293,-0.38856822049120293,0.09242114733923629,26.216097619520664,0
126400.84295669841,0.215031942943456,1.3173513046520113,51.48315289920713,0
119287.78794444597,1.1586670233413017,-1.0384993376142264,119.08672102197048,0
8679.054780974666,-0.9857330334274744,0.2661778652041803,10.590518557931045,0
99370.46709368318,0.4857471474554596,0.07166413975085133,62.81303650466798,0
25633.705126248955,-0.33186486182197916,-0.6958299463922752,26.768124526815765,0
49036.47652201959,-1.6191730565158649,-2.968368430235852,99.2302169044253,0
27294.593385948137,-1.7046219581771158,-0.21450256682421923,281.140027878303,0
88417.86199758711,-0.09390356871304721,0.6420450918935612,18.17376973328071,0
133250.022579206,-0.004201915391156093,0.8259522089259458,142.35626008245484,0
66794.19957901922,0.009395354575849457,-0.3539513876737683,74.16350002154138,0
51028.0953244127,-0.37093110360766823,-0.22256507077141327,28.59440839349154,0
44898.30223608375,0.7906723186907282,-0.1486203834314553,6.788994663138274,0
8681.992097411312,-0.3075773895637438,1.4779267361595356,3.1910323758934114,0
11873.723510700456,-0.1439999777016611,-0.12412837481770417,36.26560307889992,0
168826.80172704943,0.7631423007096569,0.8241523634556386,7.628726467732964,0
139178.31143834518,-0.1088486250691617,0.32656301586305486,74.44411224171158,0
142995.26973996917,-0.04020473453637896,0.4209727825314667,68.88686242618387,0
8331.040315104081,1.5142807357204837,1.2014170317870247,5.01170407411204,0
49919.31744350383,-0.9032931107791092,0.893347262608146,184.09635612407374,0
150588.3899844376,-0.18324524320928193,-0.48559011204500924,87.67762615512801,0
20975.573057945432,-1.156996455664364,-2.4187754670694206,64.64863888574097,0
104275.9169363021,0.2921488421187989,0.13631129556366767,297.6182971972347,0
12391.814392874094,0.4981119956445415,-1.501836924629838,103.23894527334946,0
36824.492855534394,1.3978443070314983,1.2455568146836256,71.0739879102784,0
152091.08431283262,0.321652659591586,0.5847253470359405,85.48717891112814,0
109101.65634113777,-1.1275909512087632,-0.2507876072106319,75.59013182647372,0
130989.38475073822,-1.1577129239412693,0.43568311192450304,4.637501717914709,0
117528.32536017991,-1.6837325676140487,0.6689644817181823,5.717646590240537,0
123509.36616951384,1.302928421945811,1.3615382028481113,50.871612275049465,0
33865.83862602829,1.889278795503996,0.7906177188399772,28.51253223944194,0
51137.054686647265,0.43128381688629847,0.08164470901825371,12.804889571313511,0
59699.09152341142,1.2207151954954414,2.484144080745336,45.55750647335363,0
162603.47334086272,-2.829363474779584,2.8486964174494447,215.127910261478,1
153205.20839355266,0.28134834748957704,1.2095314011362686,72.88145300567426,0
79549.90926369287,0.6992124386719866,0.592521009760872,12.364357159944554,0
87351.91379536848,-1.2258922634399458,0.9637378771731072,46.90944049126609,0
150330.67078711995,-0.0785883929143568,0.7533311717782117,60.49980026058173,0
69616.50323891969,-1.008106506760428,-1.0979263630670464,61.050675803531725,0
142515.63141356292,1.323340922489938,-0.8166130298209866,45.289852888433856,0
26991.620570407555,0.01783225452975753,-1.5920084571186501,53.29563873608461,0
35328.678761826384,0.4613307130354217,0.5505735937015979,52.4357037231924,0
139946.3042436809,1.1464871587330383,-0.02473542080240107,9.612167056280601,0
28107.788850227833,0.8329454428250415,1.6361051105963191,47.62846017710492,0
88592.57470365269,0.6658778237063901,-0.13331580651810626,72.99690103334248,0
47345.143588411134,0.6193492954346985,-0.7214407498302056,146.61588621490088,0
76948.7480644606,0.5343472134537843,1.4754541310422942,118.98654700445404,0
33775.142463659504,-2.462550277600848,2.2848063665523624,101.91380819533067,1
954.2218389584946,1.6529130512304218,1.5428881055391184,58.39885094203767,0
107065.03751306047,-0.8281805638735081,1.283739433701408,20.77433484927099,0
27727.93974606793,-0.198669133822903,0.5282699389151054,31.192836272629844,0
25928.40925912048,0.48473464796892385,0.27820459602097986,138.53523692538104,0
86870.0834079804,0.7985666731105902,1.5356309788110316,420.85346617226577,0
70057.06418404597,1.5622651106550693,0.35855445988982093,92.01656228186124,0
113837.76576761196,0.17676210325026384,-1.7906509929567132,288.56125554596406,0
127629.64076526674,0.33607541250534645,0.17952330153746154,180.19687332244987,0
11638.18393380375,1.6129781705930544,0.5436541282806068,105.19942121380019,0
53924.666915869166,-0.007708651482244078,-0.02417142635820863,104.59729765955626,0
9388.575617397782,-0.9465645185278149,-0.5190257189181485,17.108356608750704,0
95188.15364125927,-1.1286345143792071,-0.8447374087911762,135.97439308190204,0
134195.93616241298,-0.9989363762455913,0.5200043808008099,8.769526645029178,0
146210.263579624,0.27008441134776406,-0.32883082658724,147.9359534062842,0
46993.747864008736,-1.3708420448290057,0.7899077468538932,24.686588305114743,0
36570.68327287202,-1.2896760979610558,-1.2516980485201425,93.4017220034427,0
164201.01474023465,-1.1185234842116323,2.1482392019576406,58.445453052881774,0
42058.94686016207,-0.8489046563704645,-1.997047436617975,326.4974463759634,0
58293.31048169921,-0.20331828541750677,-0.7175586392000529,8.6537401954569,0
110932.67527659636,-1.0247507500763902,0.7180620438372025,27.776991248730802,0
18455.161651608436,-0.11358186823078863,1.1609526907425614,25.651645755029314,0
7249.171408986746,-1.0756504835748875,0.030948088267830184,19.33384729475117,0
67289.17345554965,0.6418790614777692,-0.803409459792437,6.472957084050515,0
133012.21642970465,-2.4704411273774984,3.5944284051859667,120.1115811081201,1
44316.81694369716,-0.5773420157083338,0.4931175272160051,12.889585115564554,0
14659.956993921163,0.5686446160127705,-0.34798954959558315,54.278019681335465,0
8858.325745612485,-1.7736982352320536,3.0523933820577795,136.35361874389227,1
9995.214510154892,-0.43651486326554356,-0.342994225602232,38.25198491293353,0
5991.443290264271,0.7917452740087223,-0.43921776482181274,29.72621773129316,0
13060.848473982775,0.9442148402518143,-0.6936964924644041,57.65526385194854,0
86130.8119749411,0.40582408667381425,-0.14468576074234318,76.49859249110021,0
139275.51260114732,-1.8582914882251074,-1.474778541238395,72.07378905394106,0
1712.5681808713493,0.6875507195924941,1.3089894097291122,24.465372169549443,0
52956.88727779935,-2.382762352073065,-0.4760100000208513,16.453254912154943,0
158357.47009514103,-0.2841878821547786,0.5931053993577392,113.56529080232227,0
141248.0760144957,-0.5387262803464412,-0.032185950944282664,47.74790149335665,0
123266.80844085065,-0.3524537316377418,-1.7710568023371822,124.36515194671537,0
13864.391250331773,-1.0685207540824389,1.366746736694397,90.01471140149516,0
106557.17434918354,-0.37753114855982517,-0.8688314878897103,7.926447330091403,0
78544.69599187121,-0.627092824772296,2.0540955829236434,52.02382796772461,0
170689.33789313253,-2.3910785652839595,-0.7906239912729525,97.33704101271266,0
103277.0792510271,-1.178179687334277,0.8793072927089763,157.64207630445898,0
86500.10605204765,0.6055439825855826,1.683972030069338,181.0445274741547,0
11664.440066964431,0.2893389056429845,-0.4472451047873071,37.43218595053726,0
18419.275637220795,1.027151035893151,0.10296524246461053,261.5210551537767,0
20802.97361475458,-2.3254201541396804,0.6673831031405686,344.48687087709004,0
38103.13672167982,-1.4839790594674176,-0.942963372449764,17.463641463488415,0
61830.27373482125,0.02250038824543957,-1.066363075384819,218.64690514358892,0
162140.9579109474,1.3561067142103251,-0.3897621361164312,26.291089155990267,0
31942.84991481107,0.32093006192565754,0.7906862100258404,64.46337118575774,0
138760.4531277482,-0.4333505550845262,1.1924774025075715,22.03411210469734,0
81893.58683606255,1.8701386928213053,-0.06480925356113022,303.0973143200452,0
97604.54782778012,-1.2039136489663802,-0.6873544343582936,1.7754077334928844,0
7273.703169163334,-0.6849871791437476,0.19092373175510596,16.276143099573186,0
126293.89971518973,-1.970308581351401,-0.4738828697857191,13.669098943183538,0
13640.728829164798,-2.9667530687407306,-1.0903921988074388,103.4925243003175,0
121626.50543441244,-0.265924194072433,1.1557327121208922,81.34532476891216,0
41037.11513326955,1.607019008249281,-0.7059851654989105,20.728492717409043,0
103782.70080471467,0.4076897368371771,1.1726975771850674,74.73799708752722,0
95697.02719509862,-1.532598234597762,0.24733330168252382,25.455995511249995,0
155534.37402524787,-1.5249849401440596,-0.8889248090597707,40.33961974662045,0
28942.460195461812,-0.5815807632272181,0.762063873862598,67.84176484252421,0
32820.96437986653,-0.9501525300518722,-0.0897255763277786,117.47164284210561,0
43575.47323122758,-3.9779282310350785,1.7606222453288467,45.60691482546885,1
80220.41621093807,0.18146106348063867,-1.4898030653651742,62.512777421608384,0
72297.71136777604,-0.2002166664916561,1.3676513039359723,339.363184118735,0
60569.94832464876,-0.589160387988942,-0.6787041321116114,19.761741091164726,0
76754.89270858174,0.49353729420376685,0.32667092154216776,9.90779100654832,0
117440.61391788081,1.0825370086829098,2.426085613853053,47.2989467424148,0
8096.00979356982,-0.43479469337221693,0.6061496997584691,18.31598673183738,0
56192.843098027275,-0.9530404633648498,-0.6213317235219793,87.13908835152702,0
52407.80193875609,0.8179920992573367,1.4619928308683203,3.764873987532297,0
122131.10307780503,0.36191427073052657,-0.20296834314788534,171.1214531264951,0
150601.5601031306,-1.4222345015068736,-0.29356683659088617,14.909566786019122,0
101149.23416775877,0.5095135639296859,-0.935082836427547,63.15068313243938,0
36125.45977654299,0.6463201631358254,2.211333028601533,185.51228327508286,0
12313.162557836686,-0.7506268219767557,-0.3411997326932956,9.080732073751967,0
115360.13702538743,-0.3933511248228728,-1.2969126132719826,227.54385470510448,0
37330.23289992288,-3.646157413020576,1.2050058197146096,172.99750848811883,1
139691.06175452447,1.6370824079927424,1.044980495133194,42.02988680006708,0
139799.2850424017,0.11333446390530184,-1.5322217872403114,98.68736997676226,0
115529.35335371955,-0.3904091864216333,0.0347544782918479,27.426651925840318,0
117359.29180562045,0.8583732319721272,-2.6266847559986117,62.308030717598285,0
24561.294991509483,0.3140226024861145,-1.4660382014488722,183.24694883145682,0
48390.45054632457,-0.8554826959255813,-0.6671595500663265,25.641149817164006,0
74968.2298693862,-0.4691307161274624,-0.31213136754128723,11.970401737291684,0
15183.331052227204,1.21317918839159,1.1629895956773382,178.01152384241445,0
108148.59343542004,0.3780462604278832,-1.4472177792579584,103.89375644066948,0
126402.59353081461,1.7816847864668515,-0.48879979835093157,86.60898133671937,0
102838.75342370177,-0.26257565931562216,0.8904080051868413,187.39738829766952,0
124443.20924886648,0.29315722532296834,-0.3518737962865159,157.38266833162774,0
6956.582919995307,-0.2786563338793094,-0.9319911252835396,117.2922925621847,0
168585.4427085933,0.43426364992207156,-0.9334711584250414,23.365147291372033,0
94529.43572237183,1.1600825123986132,-0.5739346330742002,11.134669280995062,0
76680.0378958299,0.36926377764990465,-1.1221505614864147,2.906288054906951,0
120343.07065583933,-0.11298112310661049,-0.5854450209199682,46.69273720188565,0
151713.962572908,-0.03756350936619123,0.8623905759176876,145.08656324669462,0
161145.48299085713,-1.7376861982453433,-0.24673728055347494,61.53864045295562,0
93530.86479523186,-0.34319156868671197,2.277688926030931,33.785378919937315,0
169547.5301925245,0.6389568142127453,0.1568987411985134,23.410246040897228,0
68888.97119905571,1.0270604268730175,1.2985413297690838,99.45936321651274,0
160092.94428682874,-0.33149938829951425,-0.7654812204420857,91.11288101336353,0
16319.743618624427,-0.18722732150688023,-1.0816510962640609,49.74589810345029,0
98713.80920513043,1.5571608896986593,-0.5393129236109787,47.65296565064407,0
153134.63086436488,-0.547191788882491,1.383424078555975,41.97715239359244,0
72873.37616373309,0.7020303236673265,-0.39608396607926877,53.93231522115198,0
91636.20862545456,0.14341763068147614,-0.1471553052168605,146.65742765541697,0
100810.10213558562,-1.1678653072917102,0.7996645153475748,27.649955162114136,0
166444.85481533763,0.8957962182359285,-0.22815134928823433,39.22866600293523,0
166310.89256599682,1.1644117405352703,2.3984492855880695,75.43647210808861,0
79834.60286970613,1.1077210959824486,-0.3159639513526983,645.8320498850293,0
48372.57739225892,0.676507476439975,-1.5690990246932246,591.3216462140919,0
167544.22367771572,-0.9878659101397719,0.7860172908142086,19.368191990532047,0
60284.436458629585,1.6170449245216825,-0.29343140231331255,99.40004539875132,0
119240.1023171529,-0.614423524447842,0.3278187158159839,30.876763312598847,0
67816.77458045415,-3.0185567705677925,-0.015865918453513532,73.92604906813088,0
44813.07025639393,0.3306132610904059,0.17103949263714724,71.73273891978621,0
88435.66289520626,0.9403696886232976,-0.818524805650065,132.17066285933535,0
30599.813732651684,0.8500363951895699,-0.30699635716260354,64.12503256735643,0
128773.10753697621,-0.9499957035196952,-0.8585862256299859,60.60299025250373,0
57723.83406756332,-1.047774946139099,1.0687049801346178,130.1928361664838,0
23604.636150922626,-0.08119318413546972,-0.6651402992844123,90.59293491879572,0
67254.05008526338,0.1501356539562031,0.4888458898129879,299.1881109094161,0
64369.5433724389,1.49116640428018,1.1280026262015077,176.69361634888656,0
139373.76635045852,-0.36634167713775767,0.18324191045871852,15.050658038685881,0
80176.03744323814,0.293008807258655,-0.7961315055429548,115.95376600679215,0
124807.7258246579,-0.26836879913738076,0.08401019092435126,111.61312395896279,0
24287.552797540742,1.6235292108918062,0.3862260641045818,52.08144001884802,0
84262.08551049404,0.09274306577955228,-1.0001389212399567,4.207254116562807,0
26917.619428253405,-0.26904109188808245,-0.055393525482335705,475.84590426754517,0
64722.73887707697,1.2227117928319309,1.5102866512731454,92.35013963334912,0
130858.49864600653,-0.06660102702197371,2.448812305740227,54.61005260793387,0
5942.336448709739,-0.4047953794202932,0.263819085679341,18.76354859084136,0
83097.81733299996,-0.14503369152842244,-0.08213666355404634,19.688242901263898,0
136057.87436819437,2.031158713073231,0.5903622081149456,95.33066821005427,0
110147.88697889009,0.7351321130540912,0.6254760003040509,196.9243089144061,0
108117.83443876173,0.6729702060319175,-1.4126911524926313,105.4276905775361,0
71054.92607890391,2.1050866393345022,-0.2491210034887189,9.647935043922628,0
17588.011268805767,1.4548261741466506,-0.9205832258364774,84.7511347914872,0
18486.254389298414,1.378142680497613,-0.42343658317927757,16.48331767378279,0
63553.41868426322,-0.8557425799515072,2.1427110344641864,121.75323817941025,0
25479.796614845865,1.3908335481766434,0.9845698459571985,22.848316090086488,0
132110.4029163352,-0.5019919601812046,-0.015949726976770034,157.44295715274913,0
69835.4475812985,0.6399029571520845,0.24611770637658364,305.5338916615491,0
159201.93811040217,1.5301856237965608,0.709029775318304,236.73925964534425,0
39634.40627210979,-0.38850706711885274,0.5340629563169517,52.98219994991385,0
96725.78213271251,0.47803781519228344,1.9121780476629535,97.9108465419183,0
148960.97009095337,-0.9384671057410849,1.780638599477708,182.82631762429588,0
104224.68451579189,-0.12839826591760886,-0.66316237580929,258.7510747168563,0
144430.72034293716,-0.33908829452682704,0.6250767970040728,44.97543119224407,0
34608.73268752576,-1.18120117314888,-0.298983997371841,100.67280485237303,0
84252.3022667608,0.12375464252427706,-0.5133966807760615,20.54682235282438,0
143121.47082115134,-0.3103961364755137,-0.7664797729085693,84.64242780459907,0
100865.70795997969,-0.25772456158629525,1.0468790323232877,51.21747376268979,0
20913.120083841357,0.7636681497189952,0.3073093537363383,93.4558399405142,0
108833.00908631748,0.6455980789595456,-0.6500937553086553,32.777787023702786,0
125468.58246727592,0.006381540963314977,-1.6048043108980627,49.90600462523227,0
167600.80156733634,-0.32307574267702455,-0.6132538146500716,27.557414034808485,0
107047.93179046139,0.2921688282073261,-0.2615672232265353,40.916061920283575,0
63903.73063458412,0.3886472460333105,0.10760343622295077,6.693869038568898,0
82310.81471442987,0.5125436283994018,0.4448749166771231,69.0250849555749,0
50883.68324884337,-0.07022362057462567,0.14403090197922622,367.1204964048909,0
117882.72390328106,0.11122333484085803,1.0788495665089635,10.645937073107726,0
144214.00535617245,-0.06487144105336112,-0.5283308891104243,123.29394001705907,0
139443.6368247541,0.5212157911887249,1.1739009315742082,25.192149843627078,0
30292.348439403588,0.36075575466383486,-0.8179372904264822,150.10442514256854,0
20501.64272014508,0.08534395552050993,-0.41093507657386175,77.22972598310638,0
800.413575195374,-0.2724269009308716,0.7002219112822892,51.953964117575026,0
1953.078322583083,-0.35991109356667156,0.3548181181783934,71.61101575827539,0
84096.39307818866,1.143566044928613,-1.5843275778483972,223.11616692012691,0
23013.871315348046,0.8643914974066649,0.1903101253970567,49.11082885375914,0
11590.815292720268,-0.3433351758524492,-0.4121611450482139,15.606556034578864,0
31990.970103313477,-1.3512904026984345,-1.999986560310291,91.94718307518687,0
32438.431703621158,-2.17554877698757,-0.31909603425102373,22.639365603156108,0
74640.09922135761,0.4115657191642819,-1.1858523292388699,72.19523566083959,0
26337.487103496132,1.3906435959499572,-0.2536404538925019,77.89792144972846,0
160806.85309046874,1.1364555743248452,0.06217922981228763,120.05897604615632,0
32507.336400265955,-0.5100639500960824,0.3296335328077915,28.258811771257665,0
64115.49824373935,1.0331898643631479,-2.093178022391159,344.2820658273864,0
15959.899257646208,1.6785739643487574,-1.5179511318432517,21.273660277414486,0
27627.22310972107,2.191638255054987,-0.1754584350417629,138.0269679834817,0
63485.11791885377,-0.6414157900234342,-0.10734682245096279,23.349728644141205,0
98946.52984201348,1.5206400960170445,0.15565829767174108,25.073763587896373,0
48380.3873844971,-0.16681474069839325,-0.7202785765879318,213.6621991993284,0
167283.59871468676,1.0925378336083031,0.40654213826669494,119.67783672639291,0
40385.447754122826,0.8201435941230599,-0.2308641111979353,242.68831675603502,0
37793.760003049974,-0.6115158020383546,-0.42177686438763046,35.15715655093777,0
172608.64335935263,-0.7967812326691753,-0.28086924579765843,77.04115947676351,0
84572.63371753467,-0.0487656518431153,-0.398592038913759,25.69216353042781,0
170732.61495168626,0.200033787312328,-2.0678183764773013,17.005052532983658,0
105016.91815506686,-0.19449148486477605,-0.41631525734402774,36.39658179303185,0
136459.9020342204,-1.314878664404412,0.8479287533552818,46.23793115683162,0
69634.9748906199,-0.37962449667683384,0.5068025945524742,25.69242941077061,0
48761.926506984986,-0.5208929039037633,-0.2841395546889674,85.4971499690843,0
13843.845455271865,0.5363892188475762,0.3492927723542075,39.51674444103165,0
67713.2996868909,-0.466227391717112,0.36614652596568237,83.7022243178065,0
85788.4871269958,0.7958638123412264,-0.14958531531737618,55.98658000077114,0
103146.16732646218,-0.5911468299256105,-1.4882582128230326,111.58324562284538,0
68861.61810386613,-1.4766572235180533,-0.4735233815541974,284.91844852080084,0
95639.92292906206,-0.836338536496288,-2.520438470619065,83.81067126945118,0
118955.93410271278,-0.2230256812664022,1.623843744269257,73.62877812581367,0
69174.05809069338,1.4785138785735428,-0.5198252221735389,35.7869997810746,0
60051.2478302168,-0.19260643876080602,-0.8384482508975749,128.5168383523777,0
103152.13460579622,-0.11036475929185985,0.18091067522502524,98.02883619333876,0
131355.80866773947,-0.611188502250286,-0.5236855326768944,113.5778996265997,0
165469.99940648364,-0.7474292532492047,-0.8189524449737209,51.5473452256602,0
67892.27481674134,-0.3498853491230032,-0.034812314757952455,64.49800813737964,0
117161.19116220619,1.4916738588018077,-0.9896592875112686,10.096952404151011,0
92269.57925625358,0.12147857932905783,-1.2551490672051577,19.31887118345917,0
129539.8365251774,0.6055136511241652,2.143444818543648,20.666301396878907,0
56191.67804622189,0.43102295801089313,-0.9977577826593548,61.865640852254735,0
42073.740848384514,1.4341770365203266,-0.4142107809275326,347.67258895856315,0
65052.86979652697,-0.2365373833685352,0.06243170332744294,145.203316035,0
67578.88953342426,0.372842248655825,-0.28002423292176953,66.45178764447195,0
111708.07055503438,1.0692837063951832,-0.5456553943625845,22.232644205520263,0
121156.92191533945,0.2066776285391162,1.5153967492635925,101.11842481744662,0
121923.38981071097,1.4152045267018234,0.6121568069555516,53.40635235611074,0
1201.3281557897535,-0.5379785288219551,-0.8979419856402304,37.00317826291623,0
126681.93027336056,-0.6723935843265022,-1.3838590189958457,53.48852167731722,0
151039.602427136,-0.947530740972112,1.0110970055869908,166.0231532583135,0
82097.3388715293,-3.0634019976521896,3.4508740472988815,186.52161721894083,1
147864.34968876617,0.0812914250424811,-0.7892465948861971,77.65633080840978,0
44848.82013282841,0.20139455871528109,0.7582823861179211,92.95543179017679,0
121324.16807086336,1.5583499601419777,-0.545726040636194,60.334083122371695,0
102358.136780933,-2.521604801462043,-2.0152219054323766,98.53023654185996,0
55806.8785242473,-0.5789842199399048,1.535121739812652,43.38398381879512,0
89109.40510595482,0.5809995399616921,-0.4760177475989431,51.31580775922076,0
142855.03176332903,-1.9911401489546665,-0.3515133767588989,54.24110618663921,0
53086.99686127561,0.42136025430670854,0.9126023140297436,82.73647675429461,0
126418.66935932134,-1.106732987729451,-0.18224182417853885,75.75255708175595,0
101368.61307941691,-0.7230731049121446,1.1130006991386807,61.91084620289179,0
92169.20945065466,-0.06330322278133675,0.12677060114211314,44.69639615053152,0
146175.22477631213,1.2237936225131651,-0.5891790496976468,78.65747929322458,0
22679.114863516574,0.6312243569717831,1.2150656055916387,16.057040515931124,0
47282.68793347186,-1.5231724641738478,0.16056211829741926,45.2848082953382,0
56229.06784192146,-1.4464982035406873,-0.11387660773574096,51.745671455575845,0
97778.97682212903,0.05202065043961975,-0.2024431741833357,68.01494220079674,0
103514.90465958594,0.6248178230538752,0.2745139874932834,261.28694399043906,0
32058.809113499334,-0.06387783283134668,0.20324773130540036,197.47745972108012,0
33885.6847611943,-0.9650455805761796,1.6692469423765,162.63297191439582,0
63189.633299564965,0.8519290707908426,0.6940326109679394,81.46361829483371,0
86662.01572194809,1.2368324661272665,1.460680332129137,22.712752172425926,0
153837.58185635033,0.2951409793374166,0.9764977027728893,217.03114241106766,0
120318.70047174254,-0.13954204292790354,0.36013095127756267,23.651940000896786,0
70732.91629123944,-0.46285628571437976,-0.34842795029159407,43.53249676093044,0
166862.4149261031,0.11751761915809661,1.8223928325513976,143.49952296233295,0
43142.631930867334,0.6268770635290218,0.20783838336407062,86.74415043454682,0
168614.57984525556,0.48898953066004497,-0.8170954586402323,158.86416911170437,0
68600.24562945153,-0.40231002275272265,-0.08815486887039078,73.11073347128074,0
53534.62805572264,-0.19280608730741247,-0.5904407702032749,6.29070375825053,0
50910.23168862218,-0.4299001052078867,-0.7155444197585275,22.383110963008583,0
16700.227364923594,0.22818728896095541,-2.531430045778005,29.598754566714728,0
82922.50718851545,-0.22535148504419977,0.42698368386209967,165.08035521515058,0
109579.76149750332,-2.4581694305490185,1.1906996175550046,172.85955182869571,0
168749.74483019786,-0.13850102193995345,-0.5234524298344567,4.592949962951844,0
58405.56310394539,-1.5594357791262254,0.028565762777586125,58.43516495463457,0
125281.04998448772,0.18046814183120646,0.8601852107818442,68.72438349986149,0
90962.37980976036,-0.013503244592976752,-1.745969032474982,113.13891644087184,0
163.02215824665183,-5.442381071572761,3.0212523064340413,175.6317152601651,1
97874.72184330384,-1.1231950508753776,0.46426374323579306,242.58171166776532,0
116272.22433374819,0.38714831606090655,-1.5475310822744464,11.945690368945938,0
163599.4790828192,1.032974234914031,-0.2830790735982502,65.89526921588538,0
160204.71666673623,-0.0617760622705607,-0.6713804436449524,4.724211491527307,0
36425.04794784494,0.5930540502830212,-1.7227224815653555,164.7414859855333,0
129299.27449829616,1.9262858548553932,1.1240958947016253,18.814729272817694,0
46818.89826906794,-0.7184839851611164,-1.2015353947392868,146.6844695545197,0
132935.8856212235,-0.9249258157192739,-0.43782212286165223,74.30768846012963,0
40789.520066268975,-0.28478940951539505,0.8247017407860974,8.119871733814005,0
161470.02909659466,0.20348200345228765,1.1230803993406389,150.4669219588176,0
34122.90064779717,-0.21245170271305602,-0.8660067089826261,52.426066211078755,0
94469.3129169913,0.9907108466240852,-0.3220119706174046,74.04890701772796,0
161906.31181976764,-1.4092157980245135,-3.329503797508129,47.628303604007684,0
105852.69532998475,0.13734132456510456,0.17536524065533415,60.34729790243388,0
3111.5328077585373,1.0179570524293595,0.30596002443783654,27.358845305341966,0
166474.55823210152,-2.343039101651841,0.08220292626279649,70.40382083699204,0
90728.52599440246,-4.872995137143941,1.6632044098030496,52.99375521726071,1
111035.2664796811,-1.1992043250956432,0.8889400055930373,68.48112410028774,0
138538.61275446002,-0.13260407824049675,0.3057011907497771,40.28841875569529,0
43121.583333994655,0.5477389787375606,0.08882296227878847,128.10363636219222,0
10301.873819557079,2.3744662832839922,-2.1772360688967356,26.05301093993556,0
164077.16376804057,-0.4516410891769469,0.23654219361486306,12.08831602894642,0
7775.450709481331,-0.5212548068561296,1.151515145933001,83.3499865254722,0
89213.75410135806,2.9452462899351,-0.40849951815620644,113.7313688849211,0
60469.261097019385,0.5207943056927528,0.46254792279774964,113.78863530633036,0
110734.78717846764,-0.2981525261999003,-0.20850643095375032,233.91658327070132,0
130817.91421992247,-0.09759389015441426,0.08547725034829733,49.75156635039352,0
3308.233189853378,0.11835020112343628,-1.5436305218736848,21.87918222309733,0
106817.31089017098,1.0525473107347487,-1.1714831299709862,154.32560764965302,0
78328.31064445917,-0.2990690852300549,-0.5310591703786757,64.2261848489467,0
112283.37448087096,0.8095418882529403,0.04203903699723074,46.58801166128307,0
127441.4445145164,-1.3750852331670849,0.3678195684438652,10.308698557295864,0
16705.69049895315,-0.43042769880071585,-0.5076927701800915,71.42430238758529,0
23389.18541758406,0.09546204135829657,-1.0108814965896014,7.661390446350732,0
121398.99866521465,-1.4413417457153697,0.2860158076346249,2.127315799211506,0
50732.67068890445,0.9982176559717297,-1.4824765153636426,32.00595673062759,0
43621.10398264679,0.18125394834505026,-0.4177551249208164,8.430300224542112,0
152581.3329305848,-0.736901352231799,0.8047874435273991,13.461346023681825,0
19783.463857788403,0.040307699330247825,-0.7268893832047121,38.2220405104509,0
125635.40840713942,-0.029803781851440635,0.6421077589986135,28.28669490570041,0
8930.60141793541,-0.43263751633352826,0.11515231444047566,134.6551071292709,0
20531.73593112283,-1.4582131138187504,0.20415387199602714,272.24611465810807,0
144826.32205119345,0.3310389028172135,1.9933835005824139,58.261426043472014,0
151807.4889928729,-0.5329937194259537,0.2616252635807709,91.76295180382584,0
11693.092936320274,0.8452732970420956,1.293989213291668,115.06548924899909,0
80556.17894684184,0.7002098475187654,1.001326134799592,42.62943124273831,0
85159.22420727208,-0.5717358227493337,-0.44271706953217543,15.804491502423987,0
154481.42188936,1.9856764110148397,0.015784773360650053,18.68233640871457,0
88859.71095787208,-1.389780143192669,-1.2245569402250898,4.776040649470723,0
118172.12287714731,0.7254188271577661,0.19302213271794288,4.435897121612111,0
153905.78110380637,0.31992786184477334,-0.16340723073131225,246.28251506001195,0
62621.6657673542,0.5789098180691342,-0.24770719843449732,46.5723777971199,0
80644.57128882577,-0.9262391125885509,-0.6172845692552189,92.4590464185687,0
11295.27202712577,0.05990977407950356,1.1041751565436755,24.294641516377727,0
35561.26834377207,-0.9415816298301376,1.021054731003729,106.48661978180554,1
140623.77940536072,-0.5330040818263343,-0.026746301172925133,59.600396750691615,0
148394.46747158878,0.36254309109296134,-1.0525230549973785,11.955520221268289,0
143154.2023382576,0.30955564676715147,1.0310427387826613,121.30483688432003,0
20418.8822130222,-1.4241676001875991,-0.48495554487761494,22.360484193969143,0
140995.63105377706,0.16585902679867273,-1.0326426981220578,235.90874618170477,0
44370.990902103775,0.4158027257204452,0.14999508990773913,575.843175708574,0
7558.111694986103,-1.391983286797076,0.8868426594885851,41.10827822448717,0
69470.303078288,-1.5031550695996019,-0.3859331265155641,46.00974237691406,0
46402.633048482545,1.089272246931099,-1.7072259945705526,283.8490210139694,0
11924.512003494658,-0.7131923043661328,-1.7971436676291046,9.728615827626946,0
129803.56666129465,-0.4265996362860371,0.4153114772403338,253.71640555422897,0
12301.39845392757,1.4538402371218848,0.15709865064383013,58.25458349809908,0
35305.87105134207,1.0033658927291456,-0.1889812445126243,7.874827616716584,0
148186.77194786983,0.3861664979983887,0.7947740384603357,16.90597909808442,0
135383.53997651345,-0.5517378518322928,-0.5916458153424456,38.09266104578775,0
99622.04696886301,1.2718995454239435,1.5163474657991973,29.065500327465777,0
76556.22445514063,0.898726774013644,-2.1767797009718484,99.87163980961333,0
67171.91291306727,-1.3106457843043726,0.5273300794806717,151.12807077188486,0
32850.601882628136,-0.7084881015290911,-0.8492809619100916,26.91127903224582,0
61827.54024823634,0.45920418159952925,1.6159816799179296,21.75851900415739,0
142309.82475852233,-0.11607081012048345,0.4576097419403723,38.89485044490969,0
29692.13074980338,-0.29003040146619263,-0.26552286143334874,18.18923064711363,0
7184.844261491403,0.36736034914748666,-0.6567703583517164,67.73744023032182,0
28461.25787310073,1.1942144830139918,-0.3039226476153726,14.804459415338998,0
149424.0266168732,0.7321512260547355,0.15121622133754703,30.468846567693795,0
129820.99813178691,0.00031861146506831443,0.554254476026521,93.31925267478447,0
92036.263643428,0.9280156591516868,-1.8858646178642093,77.9893706854265,0
50399.2936009676,-1.5297489550040915,-0.2253481337130077,89.47234475911479,0
114045.24315470614,-1.9320651585199595,0.32762621732841496,249.55934358456645,0
109116.07935834596,1.027070300644139,-0.7614555567638507,170.71331184059738,0
118391.20874631085,-1.874865655501711,2.221203394271961,8.761679070405796,0
162724.37529450768,0.4788475732177351,-0.9381798512212423,255.21280450567053,0
12456.173260570758,0.023980019015592963,-1.800770701922636,33.01714699553001,0
167660.42856066267,-1.7052076077760168,-0.8072777700103707,108.68467983420321,0
16226.043688411497,1.3355704555367565,-0.33890854567583373,1.8709971453599947,0
107933.30751419105,1.3697811019623787,-2.0435383538962357,374.76008489389426,0
51822.30406945586,1.5947619890438636,1.1687689170111202,80.43565867741786,0
21061.916928624538,-0.04060623167853,0.4944975317803214,25.35812338145707,0
172045.05572140706,1.2537347862197346,0.021605547591684655,47.36388744602919,0
6846.133020196115,-0.45822302925650094,-0.18769393142176521,70.15373286119315,0
6818.607283547402,-0.35928530430641653,-0.3513349354557117,92.58277689059248,0
62945.83198910744,1.3831945153293432,1.2098939600191043,194.90844183991166,0
141173.0911765734,0.01823099713711716,0.7159171404855652,102.50679235375486,0
134915.6020726264,-0.6110850624767177,-0.6651073710188052,108.59978357415272,0
65733.21486208678,-0.12719938398244293,-0.2407025718473096,259.0078257639269,0
66206.33768151316,-0.3712573706703938,-0.8806064597816493,85.73920925564472,0
111942.85466716331,0.7637997723632599,-0.06695889031524577,107.57691184346263,0
143930.2548512266,1.2377381057492252,-0.5490544311588659,76.04414486316098,0
67935.82397656582,-0.3300068686248863,0.40317016663438976,132.12474262583592,0
63650.398543663905,-0.24707943680771946,-0.6695523263758105,63.664210099333175,0
97767.05267652417,2.602479874874313,-0.3524789455866479,77.49705748674107,0
142811.85014341775,-0.12492159532356542,0.43504837164044435,25.038572998716923,0
89749.87652228038,-0.7053167239158482,1.3122079936015318,49.84353583556502,0
149650.96464790672,0.1560907384568524,-0.32542127137283106,27.633093598795632,0
74244.69724128798,-0.041491104577379236,-0.24421504017566917,154.86456361565104,0
41063.76760188666,-1.4587583925306935,-0.12528662276943792,56.56238620325453,0
131378.08143550492,0.6255913025065598,-0.4002422829318855,434.55693373748034,0
52521.266117668725,-0.235164878251097,1.3707918338057774,59.63755420757238,0
40177.03545351323,0.5884361802403073,-0.2402088710025202,68.59036951937568,0
31352.043183516977,0.5163966677865788,0.22964305556779677,12.192433978352142,0
113822.2595437537,-0.8642852619405358,-0.8291434854434051,29.83121551486677,0
154500.34239575441,0.31282223676684645,1.9401566318350625,76.03967281240745,0
62723.434821789015,0.020013805001610485,-0.6050636907219706,53.46474264547095,0
141534.17519529417,-0.27633529504421733,0.6645524143941822,256.48839342594334,0
140451.76522209644,-0.386022797870698,-0.22492023093552171,6.638810774105232,0
139120.8155207081,-4.9098191608700965,-0.5336055068245882,261.21102131976016,1
24066.21415623332,-1.1241218588607733,-1.6950177929753076,212.0911886397208,0
33630.7700426282,0.2270288603889453,-0.8798393061009868,0.3377127466692506,0
28172.506221778924,-0.687784294825431,-0.812584514255267,89.18654401237866,0
6785.000924888488,-5.654265354528708,2.65793844792729,116.4439854584832,1
56210.99915917978,1.270088025254897,-0.623180315308064,91.84219017748768,0
13557.262695943557,-0.9870461789363153,0.9210531280479252,84.01299635240629,0
89909.17071617549,0.4781405755558084,-1.5052791761614406,26.197988734816505,0
142261.61115110922,0.3566676072498469,-0.45731290655670426,3.6643245202253487,0
170535.6193630978,-0.14017792982534394,-0.9244085682299981,13.980954515393591,0
126059.02191113416,0.2899111740376629,-1.2381611443354588,2.7773661883461376,0
89216.70018644656,-2.044629003801268,0.3803366503158828,57.03650139829139,0
66327.35899017245,0.8949300615655605,1.0452075820322506,23.465071202401912,0
19843.803314934372,-0.790017096815208,1.4381955852087482,123.70978969570024,0
155943.93149899345,1.0421905769830173,0.6741440051199892,369.15912941117335,0
83112.11537232218,-0.6418214039443414,-0.5701935976981533,92.17188622325018,0
160596.1709212468,-0.45903167317890037,0.06900350073706138,13.707349978243908,0
107868.32569393783,0.902091311588268,0.8658725885843434,102.12627177602928,0
117451.67906880207,-0.3759282454713564,-0.4269803715067624,60.66838868349886,0
67822.88654707513,0.6180684939300419,-0.32252211910705675,350.7456690946582,0
13080.912879131274,-0.08145598777787942,0.20104766428169443,165.3747703682816,0
75987.15606856659,0.6095098962124401,0.41566337253860625,88.72935494706807,0
125911.80591608494,-1.3555418611641263,-0.06442219957718869,45.19544796355456,0
141230.3579504473,0.2536835542980969,-1.1317241885996594,1.008042385718139,0
101534.83852770465,-0.0785907959688194,0.11046875588613572,9.812495620244029,0
15909.175195051756,-0.17870688456349573,-1.2222257195919537,26.1552492015412,0
64613.55692381419,1.026087440960004,0.018796191985491827,45.84925307444737,0
114682.3773746656,0.53034290167058,1.176225706758529,137.88797480146948,0
36692.19832520612,-0.2846255042536789,1.3226178412607723,88.76948954870686,0
70629.26476575105,1.187713384138455,-2.6055767556885328,155.9009382483181,0
77905.04337863403,-1.5693895953746837,1.0214581040153765,87.41897919272817,0
17723.74393444432,1.0608000718059476,0.8235461198419735,75.75527742013537,0
7813.78619434953,-0.7956551338258075,1.2729102172474238,9.881406758486,0
35996.899393471904,-1.3275074905374307,-1.027994073217439,189.56484123771517,0
15774.337748643879,0.38818579565473343,1.2655229214185404,65.713675909394,0
41730.59265238676,-1.424971171815412,0.6980834649176682,62.72508805146169,0
141780.25459819147,-0.8853264322180604,0.7939351209105097,163.17294453933053,0
114653.10570187205,1.8325612403560125,-0.0015145029480460542,50.16877701256187,0
90674.31818789548,0.903058166736933,2.0872721617936274,94.49217029772565,0
9729.206037821494,0.12342918170364875,-1.5793451620702603,329.90379447227457,0
134628.92692919195,-0.8033604327656939,0.9674294191540579,29.145407190312376,0
104188.52905565096,0.49982163597380935,-0.8238613106230867,29.67241391823583,0
88228.35488901194,0.4643205608266651,0.882924805586752,20.026401898450658,0
50069.051063499115,-1.5530352778398206,1.8627596863802822,308.7957726657676,0
126024.73352246123,-0.05892635452305161,-0.17973251401012086,137.7587657902051,0
71053.71423024806,0.26264198787169046,-0.9656496396073002,53.59551115128788,0
131521.8016010577,-0.20493247424160788,-0.40841985013131704,55.123127440059484,0
79453.51322733852,-0.24072430398905076,-0.5835605478960735,152.75219660881191,0
8747.56320809601,0.04052294231700992,0.17289168478769248,82.68018581971371,0
99654.17452262029,0.9136072175680342,0.7718504858067948,276.561187084987,0
95369.5017402311,2.2143299425565965,0.3496497571474736,252.06737801615918,0
116369.12447854571,-1.5008020152621748,1.196133717091107,66.35470756884291,0
18010.045925282477,0.2725179902295931,0.4645021652142125,34.03050913353037,0
46457.887285243036,-0.6975419424751146,-0.940977261282717,265.29701403821923,0
39515.34751550359,-0.9413814861392652,0.9379896002913398,42.23008448448164,0
32335.0739269347,-1.333217053950996,-1.2289449064718925,43.90086043763357,0
16068.782561437238,-0.15627633670504304,-1.7001208688282619,3.5517829645951475,0
18519.3235595133,-0.4012092065446777,0.050913695535472696,17.920820765687342,0
94112.21452731307,0.5705847001198596,-2.259386257904186,137.20033666065132,0
70667.06879478584,-0.17387382031458634,-1.1668227695340663,28.74891880856095,0
86076.85424510173,1.6028442471779696,1.6761895075020152,212.67993191834324,0
169817.3926693147,0.42903956756754863,-0.0033576200399812245,145.69832275759225,0
113824.7036065514,0.21907156253766866,1.8657273559684568,55.320282783320756,0
153395.2827806342,0.7704635956872266,0.9385710670599392,24.336048977396185,0
88423.0468614203,0.22706305314414962,-1.7871385875844514,6.913383305825447,0
43077.69719692559,1.5019529651885957,-0.5725860481265272,9.92176306429417,0
167732.9070468038,-1.0262423753029,1.1072729720038041,27.486968366407062,0
85924.5418182042,0.03433338856883548,-0.9926590154515813,76.7014922128404,0
56177.97386659758,1.5991232408367342,1.181221634220601,24.354991358845794,0
120465.06725810464,-0.20316852898467888,-0.7360652185406498,276.51839058089445,0
81598.73906798483,1.3448540311806945,-1.3109120070721598,11.170416376238123,0
73030.32524395165,-0.3812372872728735,1.018624510033811,10.627733154845316,0
165864.29230888508,2.3596142591001037,0.7656431064826952,138.47721262425466,0
5991.022090336318,0.11666175116950343,-0.4956487528793405,207.68220027342014,0
12181.008207135395,0.37086779247102475,-0.3227445527233424,89.44031787477675,0
3875.1936472031252,3.377768241289362,-0.22085428012955155,37.94577914246041,0
145402.1371730465,1.5061472407749465,-2.1570367252233504,105.74829409448967,0
166933.00888623542,0.037563351381111706,-0.007171210981326812,34.79945065102881,0
74998.54647484564,-0.020921037383076883,-0.35984046078038784,1.7887690483735208,0
64953.49567318894,-0.23078615210272213,0.5602808936789537,187.5399064317835,0
93360.19274278636,-0.37077059666050965,0.20400038107769147,63.13892664456549,0
84268.8694577545,1.2914688890653634,1.6857441919739613,90.29230377455792,0
164283.43214763352,0.14197991387400533,0.3731223970910093,56.441594040351916,0
147739.51058022276,0.486842068967491,1.6629136549874428,181.97981165013945,0
109683.7875827763,-2.744376873610332,3.0324108722657392,117.1469354284422,1
38121.74542849731,-1.3608349783010791,0.09148000597756854,56.498037752215296,0
47054.706022546954,0.135428834719957,1.5414571948322535,116.07702541527726,0
24791.522172713863,0.943193303477794,-0.24105421459396426,183.4971027882617,0
155271.27248781224,1.963552833543816,-0.9024147207441254,71.06591713321205,0
138094.49740690633,-0.9528610405863005,0.8572915041230154,110.79227144073151,0
26593.212615526954,0.39530725264933086,-0.9111700600248446,253.285165728383,0
99178.536856725,-0.12064303412983486,-1.916300765997707,27.045636890483703,0
110743.15590199549,1.2884336225033886,-0.49819192070143903,65.56974423478769,0
11780.175061813288,-0.5098939528656328,2.2323460331857383,118.84192140724778,0
78583.27839309983,-0.00836078727145676,1.6346055117612015,98.5051536511134,0
134893.1607711363,-0.012365938242364536,-0.4507065591772589,62.731172143351046,0
18670.09986024315,1.959683981955883,-0.4398532631004059,237.66776756534736,0
22477.939746442033,-0.7243636318034608,-0.4166919867957354,347.15743493599416,0
4084.747668806929,0.17557408492582183,0.79668416009162,222.30611123570222,0
39998.91693864352,0.0833453509750919,-0.9653961591817005,36.4592139464636,0
38753.73667478473,0.3463127102248866,-0.14448784144442942,124.2010183833401,0
124422.31351516164,1.7443111147431112,0.5215951603525072,152.38306522803515,0
161845.46362856936,0.07758538948639096,1.1847438987066807,48.66640739148404,0
143588.01675831582,0.5069763458281417,-1.129815030264563,59.57861244892729,0
19832.06105900078,-0.72839031324171,0.645296958431043,14.364940150129456,0
97471.99218243187,1.9941237407344399,1.306280475728203,11.09564149761012,0
106344.71075304036,-0.16186476535773067,-0.8669252393444344,131.06147901477775,0
107590.55620584812,0.3476735422449994,1.4769220222146995,116.31272381321604,0
106094.0689330002,0.13480142329020342,-0.8379792146793185,37.40482378854057,0
16508.50223063066,0.3924560184705202,0.6520802373549079,72.26948824183812,0
144340.27123782033,0.8461184692959337,0.15352845725035097,367.569976156287,0
88624.75547035027,-1.450163167036702,1.0397622896047818,57.666452504036265,0
26167.503923129658,-0.8483778038821382,0.7954327068074329,95.89931811424599,0
80358.27855337324,-4.173269180928951,2.234322090177886,138.01130185387143,1
125654.81525561803,-0.433990462215957,-0.836187114538325,153.13878840690398,0
24061.600129120445,-1.9111593252604877,-0.0742521074930824,18.7088855948835,0
157807.96748175824,0.07964958261392499,0.5888319515419477,133.26247738989258,0
34338.06976910499,-0.8351245039722351,-0.5273633377201086,118.76736479009313,0
109799.60086573802,1.567791509795664,-1.002109104633775,105.39896421250184,0
28863.4658847106,0.14880876167959034,-1.0534690340732769,20.29781040944879,0
58890.85175572148,-2.010216654566063,-0.7442433669555713,111.39906679915738,0
56808.27825768142,0.5935394322931908,1.667797933004515,106.39044556686153,0
157080.81957102276,0.4070903833988318,-0.27879497977155304,15.791619568566261,0
103723.44366520795,1.2638905920156889,2.472786969415191,147.11015034545244,1
146784.3389958071,0.018999082259871004,0.23586506574957086,22.530657940053956,0
70348.00132090846,0.3629957034326874,-0.8790162689504512,155.74801187470283,0
6812.953004477819,-0.15326055339930547,0.24478461960349976,61.3266060330198,0
51490.4662936818,0.6422782566710317,-0.8771339384474245,100.22021556407492,0
107978.2444120894,-0.20891795737087174,-0.6088231624233649,225.14025918223902,0
85182.96470213262,0.15939319777622218,-0.32641762614809505,61.372922696544435,0
24633.772709722376,0.6706871707262329,0.2438269266167647,67.34551633374791,0
56376.67703751016,-0.7418431610084755,0.008537615179168945,71.65777808181458,0
84368.06847736327,0.2932844290048521,-0.5495543958595862,29.544569453365995,0
93698.58910899138,0.5032323845324963,0.7429033054335988,50.1916853703494,0
100564.6582508081,-0.06611239395200703,0.46959648329440085,21.35420548208969,0
46448.22787721824,0.8747396215802571,-1.4216690480590324,7.172686504702041,0
143300.75892193537,1.118338136793128,1.29963128530344,206.17681063910197,0
145782.66194815515,-0.8938332206390901,-0.6538970942319644,2.7552528444445983,0
98103.28053848623,0.8439514005189311,-0.14458676732644785,45.37755023617346,0
71680.81000394854,-0.8857137997996899,-1.1245216796138953,89.65219064455354,0
66921.01829421258,-0.9080669707599653,0.8855273723059548,88.278622153171,0
88794.05141492946,0.6887127445547695,-0.4396161530170061,86.29978004325271,0
4021.3904951507097,0.13885603243088018,0.8258526698277096,36.84171717780612,0
155523.99572317634,1.295207072669644,-0.6840460303790417,273.23936988486105,0
60621.54209309069,0.4189116113727865,1.1907286489798454,7.708895374254576,0
66326.33409403001,-1.1192502422206438,-0.5297782520307184,90.4226627976274,0
125112.24381996079,0.47321706581198303,-0.5669763910042788,55.81190029768559,0
64733.05980745423,-1.1238784051255941,0.1352825085523179,52.60064441094797,0
166084.21187843208,0.0873574252602637,-1.6130168135769691,2.0518806032562247,0
10997.149124731797,0.6400266183843293,-1.1339463359678041,97.17561386282512,0
41523.68853222337,-0.0072556984656611655,0.5270711986781154,169.29402393289047,0
112354.74876640091,-1.406719432559558,-0.05139492719252362,205.5564838264696,0
151148.44903982966,0.30703923725182186,0.8804864602241314,63.40884907197485,0
23989.335433818072,-0.9273730056959336,0.4532740421331758,32.8646636252214,0
25992.03878268967,-0.851180482447485,1.3444339080830043,90.8658109907072,0
116741.39447245342,1.038727059442183,-0.9354354054587067,59.575306723805554,0
143191.2221772404,-0.15650383020921016,1.1140824361354387,15.840444631264013,0
136600.09245070012,0.014336422175760023,1.8476600029424488,1.130589212158772,0
151911.64354674207,1.1480908663974327,1.901913148662501,26.2866349496811,0
21773.150414898213,-0.04003720752109928,0.011332378367734082,63.32917604188632,0
41673.349032381266,0.5106761378588074,1.2199431992328313,44.822115695307666,0
162686.7482410481,-0.24825111386109355,-0.2702923176244952,15.375479594052788,0
138341.38160604952,0.28638674395539016,0.7986482071911434,178.26135961798792,0
17002.768270475055,-0.1435815887121344,-1.6465113866019412,33.48249987623089,0
101300.51497250257,0.1464756116533182,0.8209085211691072,95.67856097603385,0
87417.56371123572,0.5233237827285886,0.005457844281313952,296.14712248267625,0
103837.59457789008,0.3269108642391749,-0.2736065565341689,34.70387266315374,0
43587.248285956885,1.0714759302545598,-0.522781216566171,34.84976057980818,0
134446.4017602968,-1.577229636132122,-1.510924561816994,421.3667371207251,0
32158.32500383672,0.6365532068732643,0.5100665931710657,18.993155637330407,0
9976.117114100254,1.805668878116265,-0.6860615265436788,78.55213833089243,0
99021.69226696591,-1.4439289224922272,0.6273984856213408,71.00079059901594,0
95154.1273560783,-2.7519228464642054,0.4099400561606754,136.75271759560857,1
24248.07674383939,-0.30466783375565604,-0.9474228950184589,175.71817448024143,0
53793.97041415743,0.7813581198065147,0.4708688593753808,71.17691077452551,0
35569.36109435355,1.3914579669559421,-0.14753818810015182,4.308533821701771,0
68482.82168609252,0.5582321068783032,1.3057765782875206,261.3741155088998,0
150861.85580422715,0.759012970582189,0.9483392793291884,78.42509706550604,0
10982.882929424884,1.030919338366907,-0.3427177768781444,24.129597251582936,0
148916.5553111358,-1.1586032636594852,-0.8012203598128833,147.61175729163807,0
109917.3968195689,0.11835006565517724,-1.312840273092726,35.15292533908871,0
105728.18020802717,1.1209670236143776,0.8206074759086712,96.74675447656169,0
144654.2716891367,-1.3412597272367377,-2.567585117933758,12.28953266897984,0
102567.32963345421,-1.9783849165730842,0.5974729338967611,0.06310618799259164,0
41310.67116816513,-0.1846109944370498,0.21566278748606432,5.5861111102375,0
134874.80903413933,-0.48021443413239945,-0.9740601569182217,17.87382504143463,0
145117.71763161293,1.3079641925493437,0.9944102812176302,328.50141628851213,0
112202.89768688515,1.7305179518279585,-0.967254737981066,17.597958765794615,0
37141.69742048277,0.6233423006748285,-1.0680243758911776,167.02446415946707,0
26269.89462063039,-0.0762390173205976,0.6277023945519214,9.129754321358615,0
86941.29125690612,-1.0859631707417063,1.141454578321271,46.04551948613705,0
66822.97945719938,-0.6362568349860365,-0.5703967395967432,18.73633399962684,0
34425.16171264682,-0.014944079421074246,-1.0374416964083255,38.3166368276357,0
134712.19703233498,0.04729874312872792,-1.82816492792714,19.438458331718326,0
14697.743412540864,0.5205124966282796,-1.8415656164845604,89.40087797112395,0
99726.78286742183,1.2374645917335385,-1.2582963852509055,151.2627433994116,0
112794.52743680395,0.08486545836110417,0.2879196212460003,73.42449835765342,0
59120.51329933545,-2.665469545556755,3.1531872457188834,75.70146330511116,1
138489.8301313264,-0.5442744329245381,2.036042832840112,67.1422908061338,0
161489.1825876411,-0.005040870223528701,0.26386602090294525,28.20980838423144,0
99236.89297558846,0.22654275093099605,-1.0043402622995898,221.21253368798762,0
89607.45980143882,-2.4301223757273562,-0.2873588741496345,30.63674602647815,0
4556.213193125146,1.399417926653883,-0.06309755295434644,131.60940373600835,0
148129.50597749988,-0.22878434391938154,0.04364363687958753,51.36350323838746,0
141108.38314068853,1.6639862798080995,-2.1936479262588735,27.22582404776584,0
98601.36421918977,0.15714578370253451,0.8531102644497399,33.97696760000799,0
94037.52888063974,0.27924010122099974,1.2640501705071647,79.86138938000555,0
43195.315542133765,-0.12173725378362549,1.4845207658486996,133.53682165415665,0
147564.62788989695,0.31552294092025324,-0.7689599126747924,47.18028479232266,0
22760.35693846737,1.625330309075195,0.13268461913307683,10.93032639045653,0
109671.19601828109,-0.6710148456624536,-0.959850302216295,6.429822774530684,0
139396.64020325095,-0.20470723352228773,-1.1098394892699073,168.9320689046677,0
9301.914704181729,0.13155164017749568,0.9957835101574903,102.48770365513958,0
141254.24746840258,-0.48667632288159673,0.0233851251561811,52.110943123020796,0
74301.44500011911,0.0217130184848427,-0.6276626960266963,8.409393020785224,0
6394.919278837125,-1.162938986852913,-1.4292668796711452,85.87707200270273,0
75885.08831431171,-0.04785892765275731,0.11268520016037374,34.841305023973646,0
54253.44876280657,0.6943263811492989,0.7200135318362517,95.90713776162585,0
155523.22131135256,-0.3006743604436826,-0.20735676869400466,0.6263029701266392,0
74517.2126999812,0.9363801346166222,-1.3510744584514975,47.15770083807443,0
148857.81454448483,0.47868118065093707,0.49294981046696934,22.050647028075478,0
160622.6361260243,-0.7704247991378789,-0.399424780986017,31.5871137417322,0
2799.4286602599336,-0.28451030433922214,0.24290254071125145,264.6760789291857,0
98774.67274039869,0.21871826614148773,-1.0550207553771844,61.10605718827517,0
23226.85617505475,-0.6844404020861826,-1.7890451542463222,25.588980595971577,0
100017.80717966332,0.808988609229009,1.1055931452894843,71.15095659099558,0
150975.11695098443,1.1896426454852358,0.24048764946776105,69.19217138983015,0
74377.8565034671,0.6188603301446354,-0.9667345298767035,3.9488230420609747,0
23699.25875279402,0.10752500043079882,-0.07912222238450871,8.39961197132002,0
153989.5300470267,-0.0376871207422379,1.1738420203667026,106.40995334568035,0
24104.539120672827,0.8055747028061735,-0.9741674281722221,50.30355011586974,0
44911.580413161515,-0.5297677059230407,-0.7334251668172389,12.071977118423876,0
30852.51760298885,0.33078380653823597,0.05545333515769916,58.54723443690526,0
9961.5022039915,0.14340596107130443,-1.6963162351162222,92.59276397475301,0
163892.73144306068,-0.2871095048623429,0.018118477625871335,96.60943646682078,0
59116.19688522905,0.0779372965582097,-1.3980820399187832,34.92295406055887,0
157105.4856284596,-0.3651329377957845,-0.49309946097629387,19.250572351797977,0
41387.35736036819,0.5010900093087719,-0.7673474859381645,50.09378392250578,0
27858.610709301178,-1.9252622125874854,-0.8859625679998893,1.6919821970125803,0
172136.04598058897,0.690700889348637,-1.2463294777484246,107.16186421600018,0
12518.822210899774,-1.8082953284995145,0.18706893797659985,61.151369929196164,0
108442.03623852617,-0.04091753519506904,0.4594750589690091,114.25491885462293,0
155935.2861119246,-0.5515157301029805,0.7429954109391514,328.26480282796274,0
169089.2009376435,0.6467439354186445,1.671354084093128,55.61416543732704,0
47219.246265290574,-1.7047859057901145,-1.9314522890962216,14.4478095118763,0
112313.76723839782,-0.8014839218310068,0.10666965536704488,35.601256490767476,0
42578.27134371766,-0.1528549918142255,0.09238145899896975,96.4881379552283,0
93087.67068622902,0.9219363780076167,-0.3300527352440008,91.90845661760716,0
108210.87157790858,0.04456961088927163,1.4588853886324693,82.1236939893187,0
158394.56875336063,-0.1546903311345547,-3.0942892490913896,382.84704730104136,0
135415.24060166953,1.2090101989009971,1.2862520864548588,5.940421599782006,0
5179.43632999875,1.4137696482912587,0.21751349593878547,72.67628820494079,0
101991.85923497826,0.8259235830306532,2.0191992527112643,60.815497279055506,0
162177.94658415695,-0.23731223419521827,-0.1923031842816272,44.03625457817674,0
123569.30786982336,-0.25460798601388357,1.1418309277362335,172.18715691286548,0
41497.162924871765,0.5846229524867408,-0.4731074133605223,4.987646564867987,0
106294.31548551933,0.5553988606517399,-1.215543212051057,14.89915169383306,0
108275.18591690673,-0.31830101410433403,0.22032329169091802,82.74153896021117,0
6930.8682760769725,-1.866700586803942,0.5114152550218797,108.85319830743713,0
146741.00859048718,-0.9866590277241104,-0.2954808139007823,6.660911356824208,0
70916.5717038135,-0.38418166570697554,-0.8906960852622773,278.9069364049685,0
83909.90010114394,-0.5277014119206057,-0.36070450044957353,25.803986974861356,0
71982.57516174008,-0.5953056976939823,-0.30825662975338647,143.02000740778223,0
130183.75041274511,-2.440704014775084,0.06614111514900174,85.20179719910296,0
79336.63122393846,0.06820678260283634,-0.6298248042464099,252.97092422756623,0
74296.6766979532,1.182900489387524,2.5974372073752243,20.731629605966422,0
146553.27581070087,1.8068588841465116,0.0688746395137692,23.83309951924289,0
99441.93793695189,0.9443852228353897,0.07737428276083357,60.7040528526169,0
8978.096601377581,1.4336250198209464,1.351088946337002,12.357749909192776,0
126294.39575012052,0.06173467646029673,0.31549680832349175,33.76986936426365,0
119579.54502758193,-0.3399837223515192,-0.308761791193383,19.975047612495437,0
30212.114790599288,1.0153923286752233,-0.622127480356389,137.39207092152674,0
3813.0304922998575,2.3683345424004374,0.6101335450879344,123.79624324356979,0
7501.685677312751,-2.1268334877992654,-0.8571723738917058,13.72755509712756,0
5620.523816088331,-1.1512266575071441,1.9008887896036848,140.50283659819846,0
13927.94157723114,0.9679319487649898,-1.894834367582211,31.791637912316148,0
21956.05658624569,-1.6522426773534897,1.056730430775678,131.0646724480921,0
95079.14648460204,-0.5076941283897106,-0.16451453179616995,61.488206304604205,0
156632.39193791422,-1.2629629368673227,-0.7480718043216674,28.86850494143665,0
22126.32097190308,-0.4323011858095411,0.14888660395377015,232.21746371044316,0
115976.0114000102,0.6205008990991628,-0.254154530874387,54.974388170359646,0
53778.38314695441,1.0654247235975804,0.7834681062089172,45.61802761014219,0
73870.2180726823,0.4335416104725293,-1.2369532584428453,255.43328065613733,0
16935.727930112058,-0.38738174501471484,1.3635459466396125,54.57389129682716,0
118933.78794282496,-0.8216808263050224,-1.5404327171242964,48.57326735743946,0
4077.209890747433,0.22629226724343637,0.04323168964489037,372.7039693145406,0
94958.5908655415,-0.556717897857163,0.4660667482786038,75.61910436819937,0
86932.90669475573,0.49200405410295983,0.38785754341559575,0.11310209752829053,0
172443.01430016072,-0.3072462256617315,1.3150480595242016,165.8986581063556,0
52951.591763142605,-0.9126787606958671,0.34508618601508256,78.87249334720393,0
152021.21511646258,-0.010556434880853316,-1.0280386590928636,103.26333248957502,0
23157.83147627072,1.9126881343567956,1.4401101200691737,10.502825079360996,0
98773.8018306527,-0.13959512711575175,0.8240865805442636,169.53386688925278,0
29537.810338322583,-0.17281335189340633,-0.6119130526418207,43.39230862655863,0
44348.637401757354,0.5463989516672716,-0.6141904181254927,26.230704908657724,0
93834.64810788419,-0.8593992108172007,-0.6485216295046535,35.78787342482778,0
72397.97690910181,1.035916209432034,0.5438066538881178,18.330888112895934,0
111010.05127405134,1.3744849814275593,0.07999585524358216,45.784545977142365,0
107294.20147022004,1.3773350295283417,-0.8701631577799022,243.96130228708486,0
9984.480940172154,0.2644816849513739,-1.9837622094530445,8.235529309640784,0
54048.03653554918,-0.48016228319304444,-0.44639849881551563,131.425940796812,0
23.274951175063308,1.5407523765167723,1.3583571664306051,33.96174663179711,0
192.16987710118403,0.23946698878043493,1.939463549570124,264.67260065242573,0
74079.70922645573,-0.5807410905564503,-0.12148710544041103,72.38529458739127,0
75947.61979576686,2.004423303675171,-0.7001175918154133,54.11786863400976,0
100504.33222853264,-0.4552205808827054,-1.1532601726752587,86.84454790076526,0
145620.61669334388,-0.2673170231678089,-0.7838417390846841,312.23029339656057,0
58856.3999852472,0.13863502853045098,-0.39275895241680914,5.970930729004703,0
148292.99478555794,-0.05247385606304944,0.650489639988436,11.879937984428253,0
96228.59498013816,0.1884535964292827,-2.783716223798099,14.577295213447574,0
74474.2461046976,0.7138774440901375,-0.4472243596775238,72.47663227345477,0
124198.20596509002,1.1851630314393404,1.3427769644230034,30.77464717373055,0
94428.0360106199,-1.0152923742498159,0.8986278667304854,90.77791864728297,0
89460.57197687814,-0.9242684025950716,1.7097632516645733,74.02672613669408,0
91980.03616441133,-0.3591316281088747,-0.36714357104723133,12.962569529582876,0
66840.29142656486,1.431588905214111,-0.26783943256831116,115.09322224250991,0
164034.3927592426,-0.6958096106261655,-0.21191059347748104,63.165361964805854,0
113491.60209635801,-0.46595097807205077,1.1475206166322423,84.82035308034243,0
171384.75959317,0.20548642756002017,0.9607400118240353,62.772110540519606,0
25348.91570182337,-0.3162965363648446,1.9696566849510955,43.44866914504601,0
171289.03571173814,1.1905296437176767,-0.46378437137810796,31.596611089798532,0
59777.56671211519,-1.0010095444828142,-1.3830178087444738,28.13763434284012,0
94509.3097702904,0.04693629841522772,-0.7308348996976709,18.42079113881891,0
60890.39077414828,0.7700501089175859,-0.5551251558036121,87.30869027844693,0
26690.64432019035,1.0370053243691586,2.6478842135570875,15.605226851622245,0
122061.08104876732,-0.6833810365201296,0.7071061601065628,375.8211435392566,0
66443.5574170236,1.0304387856367914,-0.083332200624347,292.32773326006327,0
45128.86833787665,-0.5394297937784186,0.6642752042571255,61.23504858098196,0
41821.41542069558,0.4329729280436354,0.05171788481318731,32.0453898610671,0
85561.31986801476,-0.7880762539036712,-0.7447561567843887,238.12326312370013,0
142468.6782420661,-1.4144630113663208,-0.9612514874510678,13.276999843802807,0
126588.45839793124,-1.0575146702934315,0.02002733980403,143.91231661856702,0
150703.01146554938,0.19200423696867674,-0.6662633863607912,139.50493991658686,0
49379.0384896196,-0.6449284603222979,1.1600484289064086,60.622724505620496,0
10601.215564723458,1.4968802738508562,-0.29102147308529397,23.237972207902914,0
96307.8629022158,-1.308684130989139,0.09782649185226754,35.668840096672994,0
52637.25931315845,-0.7801438813877718,-0.9379534088448924,84.50002341795252,0
156618.03774437038,0.23071174907496259,0.5593554097154361,46.602527735064385,0
70746.33349864635,0.5921139002849184,0.48061121524859435,47.77283069013285,0
40319.911753803644,-0.03540743904535086,0.2472881256277393,55.843628090454395,0
22478.902294573203,0.06440752243194205,-0.2565948357895235,6.625216065289896,0
83031.60048615283,1.6641920547838993,-1.399343047785875,78.64676175838265,0
47585.86691133632,-0.9773641174837107,1.087940253268552,7.213099473763016,0
16877.741300303132,0.7352693099749874,1.5986475935911102,308.0473621745047,0
5388.445738589991,-0.11657134645332866,-0.050942279063403054,30.033899491151764,0
87373.58171131449,0.05461178291007045,-1.2117682074893643,33.51025767820732,0
12983.808683947755,0.6844861335529961,1.3225484628316608,4.013918918493841,0
145879.88980944554,-0.5505339682007013,2.0347491581525903,82.12444980167116,0
146342.11238132304,-1.1811935394294981,0.13886398920054824,12.438370953263568,0
78139.99208737761,0.031063426398931438,-1.2159378179759015,126.29838418084186,0
29355.43784556706,-0.4596052987574804,1.0270044117876564,142.99433238090666,0
61071.21434350969,-0.16206210203682392,0.005085396128234085,24.167997396246538,0
76058.35091820311,-0.4603067625743631,-0.6247725827776154,225.17589959305985,0
68458.64111007933,0.5586952829218191,-0.858475891172642,264.5152015696753,0
38093.069533608395,0.8695725186534211,-1.3904290057898094,33.893282589591635,0
102106.30058292819,2.6366691419455885,0.6371190404112276,128.9729979294497,0
150927.53554051096,0.10649398029009184,1.4242834142738574,304.0579288821973,0
41813.648118785444,2.116012056830995,0.5427746739125621,59.119188973149164,0
79198.31714473304,0.11833021889820218,0.8596950512977658,3.1168822301271213,0
67704.92258984727,-1.5852460107298574,1.688311811452882,3.229842744717852,0
25790.30837132669,-0.4917666126562028,0.34678255459419616,87.50242428648636,0
2539.017559576024,1.1346396998210568,0.02915191232501268,83.97488582583348,0
71737.16900994646,1.9292699966212825,-1.00920315243739,37.383448757783334,0
142447.7572846876,-2.55254015202075,-0.148882796020883,42.34550262660488,0
93304.59211248069,-0.9864404990992466,-0.7225967814014777,124.26016769497917,0
68588.3421276358,1.2065357234543024,0.03395688516516826,13.557918828904509,0
28256.925182691935,0.8301613723463044,-1.1595355504504887,80.75131212418535,0
104282.66878786738,2.054092441435975,-0.015777688899670742,12.1291640822656,0
44624.63029806,-0.3056324424067956,1.350993905727516,50.88752306413572,0
53182.81243465617,1.0733401768635453,0.7324765292380994,8.592876042785356,0
76709.28173870209,0.22084177029035232,0.11352149647794171,289.6113627841135,0
34231.27094088309,0.39188126224558456,-0.05650612465920803,96.68901993235373,0
143461.99259717614,0.48459137883927483,0.4419089221642027,59.66370338479448,0
144278.87714399296,-0.30530915351856486,-0.8843802153622045,152.92713091625865,0
119914.29120391488,0.20479787728191723,-1.4732066298752666,92.95976105728644,0
125835.78504012934,0.23513529936618852,-0.4220058967090802,22.52021603949341,0
126488.5531450108,0.3137231828969071,-1.4786735963102973,169.6556375277673,0
76616.06648472363,2.1168030549638535,-0.0029454113325951153,0.03534297058422676,0
28561.159896703044,-1.325281371952441,-0.8984904867728449,72.81416437940422,0
169952.51048519037,-0.4952150980047351,1.2221941801067953,47.318168027035995,0
102882.53099290357,-1.3772954892720999,-0.6337886457778004,62.06730079934729,0
94086.54710788543,-1.715093347182539,0.11656565681533587,20.593526693870114,0
68279.80203607425,1.0896295229091613,0.8438287744856245,159.4276455786618,0
132960.76889737774,-0.5373625893133998,-1.422633469214404,19.302168248866206,0
47374.963181534455,0.9537602558113537,0.31912084186854134,10.99987463549433,0
118909.67721175449,0.5870575345945356,0.05434029414187518,117.4641990847011,0
63643.886871583396,-1.2223646149872391,0.8058977770010688,21.34258289985,0
108154.02984831517,1.4929526227538277,-1.0105906031585947,15.433270236093756,0
129965.35669003725,-0.35854252756260974,-1.6529345623729599,22.592997224157724,0
166393.7640410538,0.4123559690859481,0.959496076599441,60.09099877344079,0
171301.4613902973,0.9496414986165338,0.21630541124831631,216.532964786503,0
127710.77344232358,2.426178003841775,1.1092079825867307,119.92384993808685,0
151284.43878841092,-0.2665473042807473,-0.0846708974996642,245.7654852889487,0
154626.1661538977,-1.7157083186381294,-0.8784987909695048,7.813904800626876,0
123780.68145723149,0.10307822153084817,0.44570914013536694,286.879633846798,0
151485.25164391307,1.1685803642733814,-0.43629019099415695,335.28744004019836,0
15049.630102309315,-0.8938164305816126,-0.20313204632342813,157.4959204452737,0
163760.49088666055,0.39329513816648076,-1.6854923928685774,55.019107544410446,0
136960.43609463263,-0.4350526002358597,1.370962760129293,3.3927412245483946,0
22632.26278939328,-0.6465284794765146,-0.016664133297943518,44.81203360593346,0
163455.77848874455,-0.660147867336476,-0.5277718759454261,80.87209371946697,0
92861.96018767307,0.8810621873806654,-0.20292395653422776,16.818257882108185,0
160498.01560686657,0.6163942905303591,0.954164514190924,134.42480656125278,0
140680.91847015277,0.6785496546210517,1.1189122717071738,3.6221542103127984,0
16401.819482784525,0.6756644532569765,-0.19048569780510585,235.96613314208923,0
78414.83275109286,-1.5365306903820384,-0.14842940106418565,73.24242691941984,0
79216.95008991248,-0.8138136419289294,1.3965978462231778,58.443757565322684,0
103843.37972811784,-0.22788428838190591,-0.348308395044006,5.273673510990443,0
138225.49955248713,0.14425352228204003,1.9435840873775632,57.57659104213472,0
167568.24374749043,2.445769569113684,-0.21556946135976882,162.0165749523487,0
138301.60455170408,-0.5969720279011155,0.9151721507186228,67.73571657110536,0
125165.74759984647,1.029604361419693,0.5040938319439419,121.64226141203208,0
146266.95601172475,-1.4000712344017388,0.911750123972265,112.35307015255187,0
660.082635403161,-1.1719339292231947,-1.537503218234725,17.339397279434746,0
104425.28333112727,0.27051347546640014,0.2109261619639301,25.905084770453097,0
112704.35204945764,0.3070030600053617,1.2327283420682844,2.086644817342801,0
22762.732052948297,-0.5908183480914292,0.6673552844546782,75.9370336906112,0
80766.9811439775,-1.2983259396689026,1.9192813001444593,53.860846856694366,0
3557.000614314663,-2.2185699659510996,0.965264384380448,15.921159395214154,0
24710.593996637523,0.18700772147472028,0.9365066060570079,212.89798895833235,0
58215.59281804726,1.6772005099660963,0.1447654911176404,18.906981537080647,0
55819.12534630742,0.9067842666754293,0.3995468410157058,81.96693540359783,0
113675.66863540463,0.8083595496657083,-0.6265002160433267,27.459452304302786,0
161458.62015208576,0.29282884358668343,1.5112831241107423,36.86259713238513,0
19897.259626690757,0.40921257860654675,0.0467201202649723,53.21231663875933,0
160772.84700525945,-1.314748860310423,-0.8450385117162756,104.93096570438313,0
155936.97215183868,-1.2325890641689152,-0.015547153643574597,26.88412895761236,0
47849.09541888538,-1.9768215689475905,-0.9960449401698921,187.6795940491981,0
54565.60053591291,0.7051486589381767,1.9686541003845839,40.26523449549201,0
61686.563812185115,-4.5400657376778994,2.9531420877041117,184.27911171808398,1
115396.64926152305,-1.4931898122089313,-0.8397974073487009,36.37277361455982,0
116405.92813966404,-1.1819955218978246,-0.18013560440985132,125.86509372223415,0
67270.28210645355,-0.263423635119504,-0.461975597971284,130.03678729888463,0
97836.02344369225,-0.5154692730838591,1.3919915761813313,4.3248344898635045,0
119414.44444134443,-0.957927839495268,0.005143140541849398,16.776553576676623,0
129750.52051437074,0.06578864864896251,0.56524712397473,44.14666783722643,0
753.9729955734103,-0.1026485734506316,-3.3078999524973884,34.66354284746975,0
65943.33104605852,1.268807656316957,-0.17091005347474328,317.5052794197327,0
27176.810373454813,1.6923130191048756,1.382137994846674,20.69002687921534,0
10951.194897694266,-1.327798673479431,-0.748009486600535,217.2298406711263,0
131589.0371607792,-0.8904357529426616,-0.7471027536670662,8.161967827270168,0
142145.37688198895,-0.22072875695836655,-0.12050105822332462,3.5338606001600104,0
25661.971868028042,-0.3422451301467918,-0.3549213536992336,19.36055700563373,0
6374.064502863267,0.6746949778086199,0.45649803525064586,186.46428670998156,0
7877.115293529968,-0.24530748618780235,-1.9921855663492136,114.24245845594464,0
167962.5209603296,0.4259109671014114,0.28235266397965253,77.76963721006881,0
10120.08475316745,-1.087478168112368,-0.0724290696422832,8.118359117974116,0
141344.70176777395,-0.347524942518858,-0.27110969264679446,59.073489993972586,0
49510.57805460684,-3.321114555589139,-0.43175117503112775,48.62031651989713,0
79194.35085615184,1.6742707660711302,-0.9599725191440409,185.31090917448526,0
65200.559724839724,-0.6893290680800719,-1.757423370402755,63.393769591897794,0
25112.45245026311,-0.8386576375205848,1.1121490628065982,183.92078670215054,0
16905.742960493055,-0.19543484652276386,1.1262381884363837,0.5458659062506903,0
39982.57396591934,-0.5621623419347272,-1.158001806522232,21.223869114741838,0
138654.0340796677,-1.1216462365331947,0.5194366231917376,9.833247891218376,0
126911.9114626622,-0.3743900332069141,-1.0439209802489835,207.93163994853842,0
128004.81714792653,-0.4100294115389108,-0.76825532039177,63.24572448929634,0
49981.4965968747,0.14111449670559295,-0.39126771490754075,55.732827146896874,0
53630.546501993544,-0.08920329769166797,-1.9550861139181497,14.988963625579807,0
135650.85877504342,0.6149612320467747,-0.772973434166621,179.5563071878858,0
11580.457723409083,1.2762639878735544,-1.4481247752768684,92.80771214948393,0
139987.59460056244,2.0773434395699533,0.6184623923882185,12.161169194021339,0
49875.3595999162,-0.28370672836473176,0.5985950914443922,52.28571804628012,0
93925.93440049722,1.193611755172588,-0.03134115266972247,344.06221087355124,0
2670.9033361882916,-0.5434204297765169,-0.9680129645892809,111.1646066222168,0
29945.25850824215,1.3385921382956067,-2.0150084395070906,280.8135476029613,0
12752.046386276923,0.625318334021503,-0.05158125721557804,35.16053479589306,0
80167.5336997445,0.6506676287920862,-0.6380301656523745,77.55914065380846,0
8115.719058729512,-0.3869294465999474,1.972524773046905,40.481226851745966,0
62071.27147860889,-0.10861665493834241,0.03627929263833515,77.6450286483629,0
159121.47731628193,-1.4823967869957688,-1.8689740758268767,29.089102572235642,0
42656.89436854265,-1.7931535024541505,0.22631595289847858,39.70505378838308,0
77519.91702894495,-1.1068702915340567,-0.030593064230755616,30.370876784840895,0
157118.8655987123,0.7520463836188297,0.36384043429261276,16.497241435454896,0
8983.760021747854,0.24854510511898723,-1.7592870200405772,63.473625927071154,0
18069.322809784364,-1.5297740801093362,0.5512559223347099,7.649736647804972,0
115995.5985995941,1.384871093794044,1.9581316153017756,37.66967789370456,0
60428.718100082806,-1.2774366038453426,-2.3831121810859233,49.96979984525446,0
154464.63835120547,0.8715559662881419,0.6961897158262457,50.67352090461162,0
50880.76854962441,1.6000978468204783,-0.20025382681277568,42.9302114000148,0
152118.3908993346,-0.41192323438595313,0.7950214592691726,40.27968205381591,0
61890.517676074836,1.5375513190343435,-2.0239316109829444,6.887135391258688,0
74121.58081672894,0.9632265338939392,-0.7415712588935076,99.54224396210441,0
75882.51220093374,-0.3248579264985461,0.4612282614987982,3.501304520475798,0
75854.26149793391,0.9140771642240336,-2.1626790105145295,36.00930154504079,0
69036.84597662234,-0.7586652015427723,1.0511217477579984,13.588286099933324,0
103948.5103430096,-0.7946591841458039,0.08922828687474911,90.15157917883201,0
85687.32702161159,-0.1149509314918426,-0.7259180859937786,124.24357010710285,0
118065.25928845079,-1.0257233949746074,0.7833847241542399,70.59938939495238,0
58548.69776266111,-2.9450945151553816,3.5521119869851168,193.26052517406904,1
31692.299302673364,0.28802836830548917,0.3920445038685057,20.938256330965125,0
42396.87988792127,0.6555543582884528,0.1518475496415706,140.29758445680142,0
117438.39349662662,-1.0769545408779464,-0.20675440342927123,111.7144005519257,0
144697.03138428205,-0.8343381865826627,0.42458509604714495,30.752462508186316,0
150071.26623515933,-0.34375651951011005,-0.029507598619071266,10.203808926760711,0
109258.35614858416,-0.1513974919414092,0.6292381802952409,144.3548431723218,0
147637.74413426328,0.12999822580159529,1.6860069497704442,241.24734135894963,0
131750.83445901726,-1.3945284378654765,0.07985683576930377,126.61859046597071,0
15310.894573960542,0.5239989555843281,0.5512833327755875,16.06151552503816,0
64311.53850666383,-0.8197150228673898,-0.8994479762596744,64.68477035703918,0
118235.4669813007,-0.5591638350592083,-1.456857628248038,114.45262575793461,0
94282.58119379355,-1.9062366200893806,0.3990047592438523,104.48641130198511,0
73681.63605532037,2.448586988174057,-0.1326817797198955,138.18043614019558,0
159787.05723853564,1.1067745186243287,-0.5468384551947827,12.629671456323354,0
17517.2366971859,0.13349941906137147,-0.6687782387811225,10.183758804474648,0
141199.7429402931,-0.6969414601380967,-0.14968094791531705,21.833325701348926,0
7904.22344280222,-2.191978656279881,-2.679984485964469,103.61293274313492,0
33107.261022977895,0.3899455993834367,-0.9750213849385142,137.44598142778315,0
36978.280479068584,1.5262159587962787,-1.4552889759012155,37.63431409461578,0
165136.57889410137,-0.06084952000292773,-0.0461619439699719,10.616223490479006,0
102508.68731455601,-0.16878473741594932,-0.5111052123287851,56.4414727471373,0
112603.3506104734,0.8353334353648353,1.2939335231057139,103.86289579655435,0
45877.779203743696,-1.8249777469611168,-1.4353688270468892,74.96828101359588,0
3305.4854003631954,0.9109070350337493,-1.1111237664157756,200.70886604632616,0
109317.06313354624,1.5323803825876219,1.1389106114800476,10.883271846398685,0
23018.674890809438,0.4917396407562205,-0.4990082644297892,106.56694234314736,0
156905.60464886326,0.1271739191942854,-1.1275042470864962,73.26694301252878,0
150954.3862456511,-0.3207838618519991,-3.0825621751432375,48.13358826106238,0
128142.62354306816,-2.255427530206732,2.9404561515159613,130.88591005435833,1
168855.69903344364,-0.21800563112112403,-0.5448700708235121,67.9758066857967,0
155961.14227422912,-0.24341030256790794,1.278873764700375,299.4839112766129,0
19578.845616905815,0.6102350056939962,-0.5142094443630262,3.6820516079744334,0
29666.180594586844,0.29593324034609525,1.2803520208371357,43.410088536386525,0
67044.11211881904,-0.6734142395598725,0.7370228555563136,110.19185158211923,0
108074.90018878735,0.1980569258851502,0.2852819511674943,166.3819549113337,0
152837.92412871998,-4.522374856198626,3.034051239873024,155.17460741125123,1
18207.058564947998,0.6564065654899721,1.4653794274985183,35.5960741576461,0
154775.22236927133,0.4595754883110654,0.1432130832061304,147.51122113581476,0
24152.666681022823,0.5628544804571306,1.3429563316312263,19.327304826625713,0
59848.5878264381,0.6190831693880101,-0.42098586801317606,89.24829570808197,0
161470.54543199288,-0.552692953783497,-0.8727610707885383,20.944093891919362,0
25232.432134515126,0.3997799176168511,-1.387753081001437,7.1968163645945555,0
102062.2177142734,0.32005819149324455,-0.5668034520958176,151.7874118495064,0
89647.01943725366,-1.5030468593574806,0.46446746972355973,81.34331239854946,0
164409.66587458228,-0.3098449013640731,-0.2154767161643399,165.40837879927187,0
6338.857459495317,0.9429386198972337,-1.5060829104020683,69.5822938934034,0
7949.2565413588745,-0.518637997484576,0.6126263773371126,299.02011238990076,0
171159.28853771635,-0.1877270235798839,2.3330355621114673,13.21617736980705,0
8414.469803507864,-1.3099875117317676,0.2563246529688533,27.210560672517975,0
160023.09193659626,-1.5911957225069293,0.8387462269435717,110.3195244482246,1
142322.15993742264,0.4137542029473876,0.5177207640270725,112.15184129529678,0
132921.7599464295,0.18794177643275645,0.6320232236170215,237.22038975573685,0
17819.804534849154,-0.16007448660830478,-2.358464142207465,24.614276632213716,0
131367.37418893783,1.2746838496794863,-0.53716426238832,16.264513003301104,0
54482.17037712946,-1.5450564074064352,-0.17381485046937092,177.26463274509766,0
150454.9651030455,0.2595956466989539,-0.46532251834107735,77.96717505797567,0
113963.46082112509,-0.7294370488476493,-1.1376002049642353,15.189876713191529,0
53863.673948250216,-0.6547697756239492,-0.22836079265763917,59.217380173018796,0
40931.2325907905,1.1951774115114164,1.5271323841551305,34.39561100585389,0
109711.87070166653,0.995302900529223,1.698458702375565,234.45747420385612,0
80882.33257168533,0.5698763759795229,0.6400560810329173,28.35359331702745,0
10680.502007097672,0.2669757831275602,0.19305080295811483,45.5133850067259,0
114620.09060229153,-2.0271798785505033,3.345206321377115,158.64239192718617,1
38675.683841349266,0.7740227740710525,0.8454065567820555,225.95507720333134,0
88202.73409993133,-0.6593241347771676,1.6546683158667064,10.538033652644495,0
160206.98950617685,0.9713442845414815,-1.1758109803391978,89.96666593359946,0
163056.83100496107,0.41687306259004037,0.18861234197501178,40.20241547479782,0
50814.85746414721,0.0773637302840967,0.18587788362226634,225.05675292902714,0
57448.42395529744,2.2331159171321766,1.8588026355805152,46.50700892166042,0
4035.2422455105257,1.3984839930693214,0.924098128840789,103.0854958390028,0
105046.00003470723,1.542547211374117,0.19192200503611323,169.63630523242227,0
92501.59071500784,-1.0263536223898961,-0.4055873567476789,29.817795180098503,0
71455.65643410494,0.07673285939295683,1.4926099474640355,24.72588389090534,0
2364.321270645695,0.5465897256886387,0.4802292619057029,30.007495666340837,0
2092.3445205885514,-0.29954941119919215,2.30408978354919,65.84806131713421,0
81937.23766628979,-2.215822425020668,1.1568039489134727,211.50448260458845,0
40996.642319447055,-0.7341618661210141,1.0893798361546077,82.45888737429684,0
6032.716298995474,-0.9677523395470999,1.815677455080316,60.64149998749633,0
79941.24692455385,-1.9259778184451013,0.8600850677428203,91.19502787526383,0
167600.42245359262,2.4187777793134635,0.7209891534309195,107.90845879356762,0
10414.205042036116,-0.8002227353999037,-0.05171311130804584,22.506012674971387,0
41151.741753432325,0.1847686502490239,-0.7726733906604571,154.47328646971246,0
27686.983848740285,1.6371217900017057,-1.0399681516170514,197.11428653426069,0
16755.667942825396,-0.19735515533466427,-0.2167150113864274,163.61344327693521,0
98797.70588723978,-0.4070158918067711,-1.1757344466669615,73.95725472190715,0
75446.93199204278,-0.25876441187237875,1.192606204977316,33.470479084954334,0
151626.82406189447,-1.133042347377462,1.0325388983011217,28.964992405559716,0
165136.22794364937,0.014381996244265737,0.3689151288291944,172.3831010667714,0
105046.0209948736,0.7990680731422993,-0.17436283641253425,57.94517824716191,0
156575.9811684955,0.087204992037267,0.3671654050430446,68.77563246915399,0
167070.90236531652,-0.5944977224267224,-0.6448089363934834,4.448960429768569,0
109971.71906638125,0.059905256796438384,-0.03644732025803771,75.84134927485972,0
97356.96538281,1.4238989372468513,-0.16508266237098573,8.851320311545129,0
37268.66633432553,-0.723168438829393,1.4513754610703817,3.691608279104268,0
2866.376838733543,1.1625736681878402,-0.6792219372181003,73.33619820274242,0
130559.2367402388,0.785345603010283,1.236204978259596,9.222329089437968,0
4439.170633433731,0.2850347420993615,-0.11885248202077078,118.12985968832803,0
148988.67384813502,-0.05750296879491637,-0.632439038076175,28.228093420686893,0
99111.73478861549,-3.389530295161603,2.723394346698081,97.13907303404021,1
51205.09856828545,-0.17262635300847812,1.008991476931648,204.62616280567627,0
43722.951711019756,1.7123046874375993,-1.3007350703873357,43.89353742205267,0
105724.40027383667,1.1116314741410516,1.2175480219507155,149.4968099484693,0
120585.50533529338,1.0175314239306263,0.16395148089481063,94.27625557701566,0
88226.56662828542,-1.4951975873031556,0.5870424240678338,42.84704497553796,0
67163.4356583425,0.22063080430716323,-0.82830253957689,237.69590527453823,0
150098.08342272954,-1.2540226524285165,0.43800525851872685,222.03624495313457,0
114447.81405266841,-0.08341073474656137,2.423106130613554,1.645450889703995,0
93224.09532245828,-0.36331200838854505,0.995954928226406,79.23137154618149,0
99963.50542202823,0.502574774371437,-0.4725008930849044,0.004648892836573227,0
25453.966051406074,-1.6382456590945336,-0.6202642966676787,83.73366169884275,0
138862.6909242973,0.4508123363317998,-0.5012379575000783,209.45307857142373,0
83958.63998739707,-0.1735444175613875,-0.1681396460491672,6.0707280765529745,0
81061.72606902159,0.8255570748695653,-0.08259032541651207,48.60444380485934,0
84577.43697596289,1.3342291941726905,0.534703949636198,125.7330530344634,0
103503.48621302198,-0.6611371121909724,2.2033098152577577,15.647712287761593,0
120225.37345654184,-1.7059590948907353,-1.007962234913638,30.625948801482114,0
157479.41204558738,0.17048468069691408,-0.048495861548826256,53.26756422554062,0
13856.271577133177,0.543339596999048,1.318607828178045,13.16605030254767,0
128155.6428772681,1.862869121400177,0.5321161341863817,37.168205052340454,0
116875.19252840673,1.110499865647384,-1.203885634372985,287.226544280603,0
9845.92402514524,-0.6270508454473506,1.184984447600316,93.94337897262905,0
114339.0450354952,1.1378577759693718,-0.10482036594046269,31.220624406218363,0
16948.669959517465,-0.01813424350808177,1.2032127822922853,15.769840355163753,0
116466.19916758222,3.287761187388739,-0.8097605415999324,55.99596501304349,0
32854.250819872344,0.40787905089749094,-0.15237749727117703,99.12588936414096,0
20199.981434405312,0.20748879785218177,-0.35379073114231385,24.569995837736624,0
30261.27861452504,1.2962567097480018,1.6729897028449527,15.458414123011973,0
154676.34559408948,0.6779699708965284,-0.5635531812487009,182.81297530607247,0
112106.65872834189,-0.6584735952612559,1.161211402411614,32.62367810147239,0
44854.8104347285,-1.1309873884855863,-1.363404247337514,168.44870130631344,0
142721.1029174428,0.193798713767092,-0.12799697521339518,92.68600242960547,0
154746.41388414343,1.1433981071495527,-0.7551243984485184,198.80095447346744,0
92182.07669350835,0.8312111031997558,0.865271157294546,49.488503389430186,0
89503.57918873364,-1.1907458007366716,-0.38005365060030677,40.20660768119155,0
111427.07397505583,0.49955890824920274,0.4044081540714172,129.24441128414043,0
39066.46347062523,-0.05321243627298323,2.979854516737147,70.9415491351457,0
73879.08797235737,-0.9506906934152551,2.344053778832626,26.784116763006317,0
172166.500694605,-0.25155190018413637,0.12555852247357793,62.542701782237984,0
99940.56706653812,-1.8256151785646464,-1.3507974226106847,86.60557859660419,0
169541.6368536268,0.7489361138059267,-0.8725112766056362,21.78796031674215,0
17591.676413679976,-1.2465619661594265,-0.446454478255048,60.23534718458938,0
141215.9961947701,-1.756868699401502,0.8720901955337838,99.34483872883649,0
26593.90353108409,-0.8323894449694428,0.7316723266209116,50.40522659516155,0
79141.66715581715,-1.527461356118704,0.23578706419803366,121.37613702225079,0
148572.51980745237,1.0615091571758442,0.1364269180672801,22.037062565680046,0
112488.21512368487,-1.1929733710191368,-1.6539595596163144,202.28713785288326,0
10428.840113569424,-0.7634653033091117,0.3397830221392301,2.61687752109947,0
8895.52821599816,-2.072355181695998,0.006984916255938689,85.96291780914905,0
102369.23749936094,1.352039365974326,1.0248864327659304,113.95444698019661,0
59223.90391394236,0.3467240162419504,0.12037312895556077,45.67587135634448,0
9794.378678256358,0.26118454127962865,-1.1000166420746627,76.24296183321746,0
45629.91095507461,1.9489631114476191,1.7037271546972377,53.15061225228885,0
87715.07343667383,0.6937061125361853,-1.8437529587926298,101.21839599359947,0
89285.48096709907,0.05469486537462616,-2.3164448569274905,18.94820791186348,0
141865.51978929155,-1.6612044051839225,0.9051191831693894,320.13408498552513,0
133656.1561186446,1.0781253957947718,-0.37051335659386964,71.69836459111146,0
41591.70060465686,0.2837880278380801,0.8583512330053901,18.938031916053585,0
20798.825969085592,1.3446851732306149,0.28326995014659845,13.106655976731105,0
88257.13388540335,0.4664445968402613,-0.01968075432826937,168.15657694470391,0
154516.18314195963,-0.8193868304987907,1.3349467283836431,76.67358057989689,0
108402.43998366916,0.5085353176271308,0.3646018037048318,102.14793128744354,0
1117.0410260619833,-0.2731321437192525,0.85093692777578,232.79252570122623,0
8955.10716291537,0.9609321786082614,1.406232359262553,38.526818524432144,0
38762.24696988933,-0.689655504900944,0.38827425492643364,89.28305202427751,0
116031.59688969336,-0.6705431614166831,0.5172754273613065,65.40639935712439,0
85753.51249807207,0.2688049344392308,-0.604675181631919,198.41782757853665,0
38100.26409086867,0.6561162018602708,0.5906880448441909,158.81892858434767,0
107064.79860634495,-0.0682025303326691,0.5962997854612124,95.3155592444719,0
79784.54965090698,-0.885668184006416,0.8998294961329573,5.177017812482413,0
19214.924942502952,0.1017883337073275,0.8269460609427997,107.14018383723915,0
48815.32020010887,0.8530151882434975,-0.3038634294811303,38.976923871456314,0
146986.4547949486,-0.48663118818926915,0.017972579368308247,134.84649710890417,0
154152.2342488725,1.20357805453346,1.0970753064126277,88.95846595045705,0
22721.319918371224,-0.6462423241465945,0.9901247868928167,399.70917870507697,0
119300.22638715433,0.7099327481472374,0.9038914006360014,54.11098033434544,0
32230.398597094812,-0.4895706470306716,-1.1366931189208151,12.290788077329115,0
28385.12988247558,-0.3559349170869707,2.0548098186386485,151.62449648337554,0
101009.04997123437,-1.9323720874958086,-0.8030424010642451,19.568548950952607,0
142012.38756995008,-0.6448958586443377,-0.04145796232978563,4.670095795748296,0
151991.74453562425,-0.6784947304872218,-0.14342321645892908,61.64911246196505,0
99845.05828338744,0.046461273154189575,-0.7701191072317533,20.93500952435464,0
105660.9120197942,-0.7387387253049276,-1.4437183695950546,231.41447741982563,0
97164.88978370282,-0.6275400027440727,0.5660574588320672,58.40823643524383,0
22270.415946160185,0.47962531955157295,0.33847310531211144,55.70753991412235,0
28964.60057462129,1.0745297902299311,-2.617113117431211,188.39185828639785,0
121747.00516314254,-0.18204043108565582,-1.0680471383662404,9.345367592174384,0
28641.28497959014,-0.07398478153626888,-0.05255416192019341,37.89474514017151,0
166894.06944727642,0.18496258734208662,-0.43968200891844966,74.51794196287531,0
100729.62261577667,0.9416190135514908,1.2562213444413588,4.703523529271342,0
32015.839737635717,1.8266470793119378,-0.5056205859191885,262.0760663801362,0
40603.404383300636,0.3366014275621669,-0.203298244576805,20.85577466929846,0
21088.20698117778,1.030249693969567,0.47900262409198874,126.40108833513493,0
102461.90712795546,0.9373674142536799,-0.6961170513463018,194.10940486910098,0
65736.57729730677,0.04154184056389461,0.9462436716153141,7.89357022315612,0
144640.70644198003,0.20073854075838948,-1.4203017800706945,56.88071934408091,0
344.2409658553423,1.3461034238624805,-0.2707864969790631,33.08415858795964,0
162567.56514293703,0.2263042077451344,1.7470591445535142,152.20642009522464,0
122144.94901686824,-0.03302526371956056,0.011736369721935848,316.11063088081454,0
56196.49471652931,0.019290880373942807,0.2167912776044933,378.2870774012308,0
83393.49352231078,-1.5269835208176148,-0.14537846105638863,128.33189476559193,1
146940.13459351793,-2.2176090801520147,-1.477772107753317,97.39857635502818,0
19082.625997438543,0.5220206351107666,0.06627473734423478,0.5993960258339427,0
41263.985326729984,-0.5973810610451429,0.06429487858758168,75.08667406568132,0
170491.3191650031,0.38292171005726305,-2.252533514783649,21.59288966406274,0
119074.34656769408,-1.4108022850909592,-0.0790650194873722,69.70875690939401,0
83755.51841607211,-0.9009211185541528,0.36539620823619295,65.92955292929345,0
132384.8331870773,1.1584719964733277,-0.6070771913756997,5.559009213476168,0
64373.74970565038,0.19261914758693635,0.9993809463927898,17.316660557682834,0
161777.4761509096,-0.6270486146977409,-0.2338796033133684,51.442210068135566,0
155824.47224100117,0.9926281029794295,1.359718213000896,57.86768483806757,0
132959.677724045,-1.5492024451478383,2.022212562972086,277.1163009697431,0
100388.22564467738,0.053384272479021756,-0.8281401376128967,19.535744780282165,0
122525.65776111836,-0.05275510800076566,0.5508128351835049,42.40323197026851,0
48517.46422977988,0.7907593122325293,0.1853966564677613,103.55375257066498,0
23125.541126346976,-0.08616210409949455,1.0974226874227069,29.03970853866162,0
102665.78761284894,0.665334534508875,0.701131200712918,158.19988871892528,0
82328.31124020719,0.13549137231676192,-0.15575530858321,120.70583873539813,0
77983.62273145525,0.45005467118514625,1.4120963746775894,35.97497084250373,0
61669.89650956784,0.032863373980213176,1.2046759357569254,24.26587428513637,0
86504.29709553346,0.6847148540498922,-0.287584147592097,9.560265384784362,0
151580.2534525051,-1.3993421658487708,0.5795778471138472,101.00786686063489,0
102879.30876310759,-1.4335639229654407,-0.3678632936964837,141.65447904964262,0
158839.1477660837,-5.71745977067758,4.656419819797545,77.24522627953976,1
148120.5756093845,0.5043650657184098,0.5570296224878031,2.5164784666220665,0
89140.9367886903,-1.8537322412191233,-0.12735766812111177,4.832539058500373,0
38424.03346048383,1.1127981956129065,-0.7740256503626058,65.53686030870416,0
1355.026885387226,-0.25959672180927,0.2937473516739988,8.078904543407209,0
31428.878584172227,-0.6342747168173137,2.6903150072886937,6.01374915594808,0
93536.00674002498,0.019545844798181757,0.612411652915375,132.4109514324632,0
22614.96857213085,-0.08621709800745275,-0.2308489679037105,119.43921560111494,0
152049.2474984281,-0.028489124510392892,0.25223147991929806,70.66422972838194,0
129575.79612661284,0.5491266755583651,1.2330391334509456,194.90197976669796,0
104103.26357182636,-0.8612881023859011,1.3534350629077507,235.03614591946734,0
17137.97560867091,0.11430875305924776,-1.8615133606592003,54.319365700818864,0
87228.67938702246,0.5501284812178794,-0.5655527624024238,53.133093330509475,0
8571.90096279062,-1.2163053278198006,1.5207723136645563,220.12137338223985,1
12805.417020937031,-1.661580989177992,0.5912895892934729,90.9932261835929,0
72822.16234238364,-0.38281748098675,0.49891440096441453,9.188273715638196,0
65089.688906211115,-1.5333920889187305,-0.0053305733261247,117.60912369342802,0
86207.87291639432,-1.7047757442280442,-0.2810231972760544,19.082088048641875,0
90839.2635019041,-1.814883829481406,0.04668173416196121,389.31312745986247,0
157390.77853779527,0.48161384568809446,0.6881080244042689,3.7387532481112618,0
19671.274392756724,-1.4902475232990466,0.8566651198694065,137.04025328079967,0
36641.348336141564,-0.4352481970051683,-1.082158135827995,109.85241184633034,0
52948.58964785909,-0.04831967873434432,0.4963464110704922,163.8960909296975,0
53187.11971443285,0.44049449616333775,0.8468537431799008,181.86566626600498,0
143531.61300261354,0.5837114198239499,0.809779272561425,9.711099077698734,0
55702.74441163213,1.515413815348209,1.1632821327942087,199.0202839439468,0
63786.73429023053,1.6759187876093766,0.18867044750999853,300.7601952317154,0
122105.64151504102,0.32525167585434406,1.1903614197520662,50.33361074985788,0
155446.48626184542,1.569628586939493,0.0744066719261473,103.57017489737483,0
84607.1070422823,1.3163448375195195,0.08071372672644667,118.64849375270256,0
13315.670634412425,-0.029766488336401747,-0.12979082920469348,32.657943363723845,0
21303.437062858015,-1.196515048150933,-0.5685393048890007,102.19617936314793,0
164239.3446754111,-1.742082457705964,-1.2055823510237553,0.8134268848249598,0
57784.523729255765,0.13394188295201317,0.8810133471652023,15.907520281868594,0
149655.84010567056,0.5106006904103135,-0.43240118727796156,108.21386015037905,0
107705.91631580201,1.4980117703044276,-0.34986266307643743,9.876141992718155,0
21332.136812029363,-0.779725384677203,1.261808139125878,139.44094551318565,1
58656.99327139689,1.1770006367903372,0.5514365381755453,65.68630258775784,0
42947.681056259215,-0.8591042740501407,0.8967077783687035,356.960491010084,0
95393.75285122219,-0.7066691040731404,1.5208512320637795,64.09060086973427,0
117077.46287910071,0.5849534930864443,-1.2673369659665712,104.44331956361601,0
5201.949118115913,1.3255002197212566,0.2068825297567905,81.90988280848075,0
141912.0267079169,-1.7577874239420725,-1.5449093695931155,72.22292479932966,0
161789.29138983053,0.5399509007551029,0.3904842938743351,109.54437492041501,0
94460.81244844984,-0.2796127199046768,-0.058607075782472,237.14223063137283,0
61969.80936158059,-0.6594954368384278,-0.13579564025701485,231.45546209144135,0
137772.63920670687,1.5920248985760834,-0.6855545714835052,2.5101550139094746,0
42807.91498580001,1.4273286515947694,-0.23390798544489444,62.857464790494,0
146875.7441918584,-0.44579531382681703,-1.1941586560913167,59.331846027423595,0
42677.93647964157,-0.23457902961918758,0.6040248469495526,18.193508563601117,0
143379.38368060443,-1.366114080933685,0.6737688343362598,186.13922133546265,0
57628.656868229715,-1.9545930044832756,2.220321858004882,108.50416901972469,0
157773.56547856712,-0.5299929317034754,-0.8140712224921829,8.731932615423764,0
65610.84813130372,-0.019122179853707483,1.6348628511603471,15.822751878545343,0
3303.2611174632243,-0.08701522331813741,1.5393565226006936,29.551678832339306,0
19608.224470373792,0.8187659708488161,0.8185487164399984,155.70774251135467,0
15602.072265401755,-1.0504376287559674,-0.4513752310813436,14.090546775457398,0
17525.519156024613,0.7401256641052443,1.1320968808346892,18.208093149684654,0
96492.25435434711,-0.9282658386559959,-0.48658566970065326,24.006029212925935,0
130192.34496600425,-0.26789873415849874,0.13822523650184043,45.63786443855993,0
55906.05527749294,0.21920418763358843,-1.0421748070984445,34.31453385010613,0
142996.09431521958,0.5055388769032081,0.10643541643128884,55.01828910567868,0
154624.31816725916,-1.6711471647953489,-0.27111514836190936,65.37279717429877,0
78510.8891060908,0.1949677059907586,0.7824660218746737,25.58075267636688,0
38783.33081337496,1.3469412443889957,-0.3834780189238867,41.537811820614834,0
112212.66013688836,0.15524605205827927,-0.7419394537564759,2.992864024620075,0
10358.20238883407,0.7875433243268652,-0.1346440918247952,13.091697236728267,0
73152.31290967253,-0.6422324784439893,-0.7985203921840281,17.594496664221655,0
60588.333712946434,0.5328917202270399,-0.15308050448140273,49.793790064478884,0
140395.47627643286,1.1122924498917277,2.1963322345225227,140.73016142253744,0
128213.75166001676,0.26713629646173076,-0.5290246506387777,98.167840163708,0
129732.99538367042,-0.8043615017626171,-1.041005218283787,0.8170410001126892,0
81501.03200170289,-0.21271991693091935,-1.5693563427251942,66.87561397941012,0
54417.907224961185,0.6617366120969479,0.14782209030324492,27.810734946240906,0
74904.00182017362,2.7148169394863215,1.8200348127674395,136.61718394616406,0
124889.08358686544,-1.3135277983539944,0.04871667939380729,56.99789253776462,0
114571.10080335986,-0.9203586163069253,0.1538476602166413,9.95094888437898,0
104843.24203117301,-1.6724045258123525,-0.15592609748290798,0.021380827411894454,0
105705.34494929606,-1.025219085737433,-0.4222006848047443,14.77095375761658,0
25949.2033411848,0.2588875157127058,-0.21268973430511875,153.8290872048408,0
49383.39839487037,1.2724283828165954,-0.8337472407191158,10.191312879643307,0
77715.04477545331,0.6568987063196474,-0.08541883283306648,67.11002764446438,0
134215.5842418553,-0.7223474046150294,1.9417461220517027,0.021210968365895772,0
145497.34993940263,-1.5475697941363111,0.5452584830261195,211.496018254845,0
67931.44673018328,1.6688080813007051,-0.8124698322923339,52.702904304365475,0
4380.608462191058,1.6158724901223136,0.7055133860602464,230.21067228768237,0
24340.093121629416,0.16333468067753845,0.7183315431942462,148.995266775112,0
163250.42551771615,-0.21188953119824255,1.818464378381593,58.57666927382689,0
172062.91331446863,1.048794439671241,1.4222585085763269,27.9191386883504,0
109890.48847565564,0.6051330157589494,0.5177578157088407,27.740755905939597,0
4248.619164080901,-0.8144028209931906,-1.3631030805815938,45.323969306550964,0
93531.47517072197,0.41744703441079983,0.08015976048755348,579.3683306209397,0
83728.16554982588,-0.16164379447861094,1.1644758470500058,41.170486004275354,0
103235.77311668698,-5.359819409342561,2.8138929808784883,87.46716893319025,1
124304.3059453906,0.13982135851821087,1.5861141314213119,58.64258923546967,0
116603.07301452853,0.9758368916238178,-0.19681112309762697,10.75183930026086,0
157381.08393206855,-0.47553444673535483,1.7804527512924062,139.31299563337612,0
903.6772202153209,-0.6007479306385678,1.5576792718222423,19.589522876216268,0
20772.12476804114,-0.42657125283057357,-1.2806121453611083,57.96844630052433,0
124805.24381832185,0.6381869988485734,-0.7509003659558182,13.898470607235792,0
159407.8930674367,-0.3774234011303297,0.7422099624265004,15.734620473434802,0
171090.8086038104,0.367199798775388,0.07978843143232382,193.53848210562708,0
14537.260038421355,0.336903263976616,0.45583767838814,175.2955555205644,0
103317.11633855551,-0.9289264824607304,-1.2814149797780263,50.43608588477201,0
135856.3367107108,-0.6770111767903435,-0.8274767512618296,15.514833454180822,0
129596.16357251783,-0.5737031442926516,0.8573221919061772,54.625664003989854,0
120202.81571464823,0.26841327369456214,0.6710260113888488,239.74228502071128,0
53892.76649997172,-0.031471370203683895,0.3268524062609343,164.18920635526518,0
117110.57607958817,0.3188374033804253,-0.18573676341849862,134.2068202148644,0
23653.836875889898,-1.7681569117532319,1.4591609941886914,36.36650117912846,0
74735.6333754468,2.4015836610303523,1.1350368571017395,120.38863873143116,0
93616.29462543494,-0.38309492115979377,0.5036366361778611,18.474042418792763,0
107296.45646027291,-1.381769188567704,0.7322180730909948,46.57093657413166,0
147088.55474762723,0.4006416383398367,-0.8709232698700103,46.50609717459082,0
75138.16411072735,0.28203621046222055,-1.950900466789381,236.91184523122448,0
11406.501067433745,-1.173630392546798,-0.1855485345928537,107.1120058644771,0
109399.9318168207,0.0105457117410256,0.4828487457481086,233.2681544165108,0
13302.051908826174,0.537179814541736,-0.35654242864278574,23.514055100103814,0
86419.48355884114,-1.1858149110149452,-0.6604473680075832,21.429716319105243,0
58234.14888732627,-0.44890838731300636,-1.1193908797459098,411.1010168482437,0
131507.3301553353,-0.15201890563269788,-2.4825439859108385,85.91831435807114,0
59111.72617810881,-0.034564239843803336,-0.8519712450499742,27.453450751169083,0
114591.67182291608,0.21975808394014318,0.7037958837508185,110.6598759928321,0
77803.93373349145,-0.17444393428528215,-1.1488401196158635,174.71573559652614,0
36500.86047852248,0.6099513873319773,1.1185414093359494,335.84442753861674,0
20312.86466595801,1.4706619906522893,-0.05323366756343213,62.15736931173329,0
6210.824912077032,0.641541644936012,0.03807801939645913,108.83326955063663,0
131703.7686649882,-3.285787784430056,1.0480419655993887,97.05615774875015,1
60638.1141689992,2.1934495502883857,0.7569527361278201,100.62350553281752,0
57748.501009113395,-0.8446772632932499,-2.016294310423165,34.35262177597808,0
104335.8542696542,-0.4357108323847371,-1.1467830986265493,250.84530966304192,0
168340.7998914665,-0.20820525798996595,0.7786827457257895,224.84000855269676,0
133403.75590636634,-0.7710421571412046,-0.8463469915126599,117.96745966463246,0
115231.22921761771,-0.8664477699523984,1.2614989908023837,8.318266683234016,0
11490.555000979151,0.24690606341661173,-1.3180920357955057,139.70621587513358,0
114918.33736159294,-1.2244022070472718,0.020590177234679142,15.308151132974976,0
97807.98382061545,1.8968887478720813,-0.11317064829006354,41.49254191476944,0
13842.269558139267,1.12643371674603,0.45170020097593927,66.69151053449167,0
154228.0245041974,0.2335950812615763,0.2632654875753966,97.54990939425768,0
141540.8804941017,0.4335624601918793,-0.3996964908359908,152.2111544960602,0
30974.962591747713,-0.5379439663331403,0.49271541946140096,1.4049053410339267,0
94687.39969465414,0.9919263098869546,0.5960086729861199,29.749174263702706,0
111560.12531569353,1.1701923340705616,1.2931480750212714,21.99141804975452,0
95792.38027397003,-1.8802884105687847,-0.9081539486076704,7.58395866854331,0
122165.53703234775,-1.622974962003564,-0.3516742428437714,36.09334082675137,0
44605.45717075484,1.0323893981263967,0.012654464148654489,24.924584021980166,0
119605.47984474599,1.1234272870957618,1.2463298110749446,79.77188197806062,0
105997.48805561029,-2.5208470065727346,-1.2433622606798904,125.41046948273917,0
61986.042792059925,-0.22572263161213502,1.094934055641929,114.77112942547527,0
81815.92199088175,-1.0677225770385452,0.7678436946681114,260.80064720887185,0
117244.79452096781,-0.6270278518303946,-0.48280068868494963,155.0966334195238,0
86862.93521394726,-0.7948936470016904,0.460197681230041,201.96900606338573,0
132968.3788555667,-0.011997344627723866,2.485313924533686,13.95186902672381,0
130762.97286944855,-0.6807755663251802,0.27158220015359236,5.824394702829128,0
131023.60860166697,-1.1797767493745086,-1.716497577143866,7.523193105010768,0
86779.29778523871,1.4338328386598447,-0.16291219337623528,33.9403835592347,0
124251.13241583762,-0.9358312297905655,-0.09803107127978798,209.73698995713397,0
145822.36226070454,0.3821171705925179,-1.3383306268204636,20.131200405263513,0
39272.19159107257,0.10776005545254295,0.9706336726114432,46.55353310163279,0
23407.40795812257,-0.6235968803326393,0.201066990031392,73.2154382764196,0
7261.8638696188345,-1.1497414553678929,-1.5618785717244308,10.51334596664183,0
64236.55015981387,-0.027969414486982293,-1.1669178013714432,52.174409111525584,0
170469.83499142688,-2.141430880319705,0.4276767710099296,9.825945166394504,0
150845.04043944334,-1.0043378262939064,1.321880992159802,181.1754825796881,0
143205.8415814534,0.32475823953354177,-0.46262927659289066,61.41538543991986,0
99926.80836413887,0.6229440304133081,0.9149553330102238,54.282311992783434,0
2143.4174687199957,0.034204684538075444,0.5902703110753222,198.40536559389668,0
135659.04555682332,-0.14584443297218957,0.7287415864657592,0.23193506968271552,0
97635.80036603799,-1.3115439660370012,-0.6614878852815197,27.16424066242073,0
145170.67595429375,-0.2410632224657809,0.5362900625654685,29.751670510506045,0
162097.4833173731,-0.6807664465790269,1.138698946694648,72.35422523344758,0
55919.84586904073,0.9944145282075845,-1.9793197948526953,92.44850249687906,0
132280.62894566378,1.3160074197184983,0.9963884256430094,258.33570012811407,0
78808.8932727038,-1.4155240669137066,0.6538926102710242,234.22281230588027,0
133960.5283217569,-2.7829604323432204,-0.3311642658558212,5.046711073395497,0
94719.49103140221,-1.4036162110718102,-0.32206139647833193,34.49831531839843,0
16409.99955946346,-0.31170759246721447,-0.6375798578775357,16.629956166552354,0
42938.92335993968,2.037210639718358,-0.6690967601377134,248.6883520809155,0
26983.168824877695,-1.153706323630364,-1.7357339369476272,26.295368775525475,0
6149.991883359119,0.5022347203519739,0.12477857967741192,168.06120463470774,0
20347.38712341639,0.47139126276499077,0.6742483084247656,24.034460804890983,0
71477.45422594018,-0.68015236575182,0.42783786053604395,32.87110774080634,0
24403.42829488023,0.29003780305390187,-0.9914422843961568,47.687974685982745,0
153808.7676797621,0.25200376120192847,0.6362358284303241,28.69072786424797,0
38128.50310263813,-1.4345808609043489,-0.9906975095362324,195.04011676133806,0
168874.6446449734,-3.096465675178869,3.089903809108568,124.27973519722627,1
136890.63846172963,1.075390554416414,-0.5868127156030817,43.924793367086544,0
39930.771376712946,0.7005953972771274,-1.8225343436866017,41.94812783310374,0
138841.50477050184,2.6983288359370876,0.9079797578051338,62.971451124317284,0
151948.26126924032,-0.44352159983711503,-0.6666451929579779,35.63794757498209,0
34956.394414537586,-0.34463483700815617,1.7578268995019506,133.55799605091926,0
148454.51172138716,-0.5426968739026136,0.4930864020479377,153.24219991651205,0
146819.0691090567,0.4583890099570684,0.697182620792853,13.838606822466616,0
48502.05964116036,-2.7404264220349313,-0.4872209416682221,7.14589946077031,0
122582.38841125394,1.406807528732965,-0.032018804487070805,120.11460915131153,0
7242.949448569301,-0.0004787180685054915,2.140970296330354,227.5350901376701,0
3177.9089074022513,-0.42581799836655126,-0.8560848720009113,101.57932619504513,0
129803.40926565859,-0.6284426891553463,1.0388397119820936,7.335906044016695,0
128268.09760094446,0.16068549812565303,1.5327838847681055,18.12779585339927,0
2022.9023343002225,-0.0936090233663665,-0.0001316862269378586,107.27771184961777,0
80353.64462856669,-0.056836852206949735,0.6291352982577835,79.79775366275688,0
14539.385951144439,-0.9464907959884281,-0.4944979738149775,358.2851425717202,0
75895.59189595116,0.18033869066388744,-1.0836658334280935,32.0705943720311,0
39476.97930204842,2.768373605625943,1.0170655439701535,67.97078724396044,0
126610.39594200045,0.6879020828923982,-0.3723183535704842,56.404422049992625,0
172322.70910334255,-0.08187417719083905,-1.2174993262158662,28.98607418551728,0
3033.0483897534755,0.310539637914204,0.017183850385528075,67.83458407333401,0
41563.857919129696,-1.4509129285940126,-0.3443459049337084,180.59200981721847,0
158790.505012915,-0.45767699298843306,1.0560303715657138,1.7240889623843871,0
151995.13863179248,-0.15932857750935098,-0.7098426594447239,39.29280789526434,0
154234.06170966278,0.04371039699198385,-0.7527192419030679,247.84429674251322,0
34385.84161219068,-2.153588112944552,-0.5075313435257685,38.38095713071483,0
133126.40179718667,2.0135542946486997,0.7244281762354122,259.9306191279598,0
130510.7286618484,-0.5610891309809973,-1.356545052286539,46.521023855897305,0
113070.29854914197,0.030140661315177376,0.9655735587931837,74.40928994222459,0
166047.0013893009,-0.6389850540666776,0.8937617973878307,7.836429820637579,0
48812.32695923021,-0.08081557316355767,0.5510601242159328,19.43125396387375,0
88511.94791643014,0.5948543733972447,-0.24977261204038337,44.72982236594224,0
17844.193533608366,-1.3004502289219138,1.1229693715857356,62.196619306324244,0
32992.11390038,-1.771422551443844,-1.4468829667607033,84.76526471586774,0
46571.64980410471,1.8341345643623908,1.0317389805140589,137.28028989261435,0
51733.44697628418,-0.381771196674043,1.6095416570383692,136.23299728468092,0
9218.533879681521,-1.681376891715264,-0.21997008667302992,135.53958364696595,0
15327.79783321921,-0.4457574597968489,0.566607832835089,93.78073186236914,0
104308.50825666002,-0.40602915441271537,1.2074257491566482,36.07509097345159,0
34325.78288787172,-0.30814762945313745,-1.97072128184557,238.4140640807099,0
141352.95155140682,-0.42369071691067595,0.238566126142076,69.56885077084515,0
29065.591716454343,-0.5129742439678118,0.04884839320948488,8.772933045775975,0
28913.121331383234,-1.3369779581405543,1.4881346272402018,11.438460982651636,0
137945.06447774745,0.8290984400183357,-1.4670339514387187,1.60129795956428,0
129158.39345990872,1.434001003730461,-1.4043164166961695,65.9670348498944,0
59953.513287668145,-0.3755089806394995,0.09004158386695832,6.4521612816946865,0
160185.76725731822,0.10338199621209512,-0.24735092714891319,52.57830016618768,0
125831.01707198266,-0.8796436755512407,-0.8594381867953109,13.586289483632385,0
31698.811538513484,-0.5895789959361277,-0.4690706179438185,328.2876694591208,0
155166.6613567713,-3.2792223284484736,3.6934217392341724,113.97064057632653,1
136243.70091417,-0.2812035954027669,-0.9329484701730206,61.33827519261258,0
84010.80742932379,-1.1201988014411794,0.46078884826140104,205.67860098910643,0
144054.7134228148,1.764825883791736,-1.2158439828253684,91.0758153352017,0
79186.09947693408,-0.6335895154938127,-0.6619351799174277,69.06201522528896,0
1750.6685999940557,0.5709409939421983,-2.936200943778115,248.5238506442553,0
106418.89694342301,1.0578010075419184,-0.1816451389062335,67.86520601141143,0
150318.09136433576,-0.7513454696033703,-0.07229265971448583,6.392721449836501,0
144790.56717439165,0.3947573891079933,-1.1587930664246047,25.914956718845524,0
88898.91743345371,0.7903910765354696,-0.058422310519861353,210.9083517684217,0
55365.34224502913,-0.2128598827563673,1.607404549823429,74.91623512915837,0
129901.88028600122,-0.1035878946470647,-2.2832804575272303,153.53651801797741,0
166804.3106433331,-0.12430093887849918,-0.017517362895748446,13.755757843090768,0
76087.8866940507,-0.2592218130040925,-1.694039281225405,143.57663961246743,0
140273.81938197577,-1.4194331965450098,-0.6944984102480511,206.32407420070749,0
105659.29188310714,-0.8005903423481054,-1.527580941355759,217.7763084922006,0
107690.7524661516,-2.6524909737074087,3.7978968740377383,263.2606011542981,1
153829.15245553094,1.1888062411931566,0.23053366721133914,64.15582525528352,0
133223.12869614814,-2.3851136986930364,-0.1592017115866396,4.065815409052722,0
31904.4886296254,1.9519290895174237,-1.0296552556924194,23.0566702635165,0
119857.20033147182,0.20207450616131267,-1.6600681494056964,61.62753891554491,0
146120.4339246559,1.5745863577623422,0.09643037952850442,88.27512709884354,0
134753.04875693977,0.4548758006638433,0.7132981766206321,69.13786339662921,0
82095.53003137752,-0.5561645694219997,0.7104245340914495,106.28497689393487,0
18203.699718374373,-1.038540857035756,1.2084399891360882,78.3172994768251,0
158671.71417751553,0.07488758437155775,0.7577547802081833,30.855078958329784,0
126030.78041840577,-0.5491264809895774,0.7379349262621552,67.8563790563535,0
161980.65789070216,0.33531725639730775,-0.14717164784843637,31.811353015995703,0
79581.22512897139,0.32324718753356224,0.5068113976630492,28.322449726296963,0
62216.72050768905,-0.5217666572990717,1.801045196539334,102.82126166364637,0
172011.60279785836,-0.5131272463642831,-1.8920849255849255,66.80465290055317,0
78837.66874751766,0.5910905313252215,1.2148840301830344,4.493526069269934,0
103769.31348293531,-0.2758957214401739,-2.313859495606875,13.95122383600483,0
43354.31829542251,-1.3124886903363124,-0.2913320061249465,52.46951394444921,0
153575.66820135925,1.2782809474594865,-0.3139521869158607,4.701473487833156,0
85828.96906294116,-0.06213606646930852,-1.1118507066640289,1.042783171687034,0
127855.43206852557,0.32434571119492384,-0.4679237223332475,239.1760735343166,0
130010.3186868311,0.33237683351960967,0.3624508686256106,34.03328373718983,0
154578.624807299,-0.49945119288521345,0.14701083361286355,16.905794915302327,0
118465.68163316626,-0.09514812307732015,0.19199378862226754,45.001048895915474,0
95706.02034454823,-0.1692744383326247,-0.7718903751859546,104.02814887004949,0
60394.701096602286,-0.7843209703002557,-0.1271627962941314,159.15788929560796,0
3822.9497042107255,0.5704860860796908,0.28722034517527945,222.30818953222217,0
15429.229838019002,-1.2977283756812326,-2.8562754133411574,193.99047705869532,0
153479.46522147334,0.3066969420298376,1.2530637269289127,39.88172027610423,0
4180.3368004261865,-0.4434294182350357,0.721921252408372,19.518986967222958,0
110192.52906361765,-0.11382477230747688,0.474603923034761,60.92981801528089,0
51371.22889981322,2.017775813175065,1.0755949081983303,3.4891515951708407,0
30026.003293856527,-1.0783150666292278,1.0416667330833504,9.659718433333019,0
66929.33110613427,-0.9172616421772875,0.15983535190809744,8.00388177543606,0
11915.94522638958,1.0469545344282092,0.8209671393129958,213.45472607465342,0
171518.1342602855,1.065963719731826,0.8326657578803607,157.64367186514582,0
113487.44776840346,-2.342478337665347,-2.0029484138651927,142.23609062763654,0
159122.5081025507,1.1049972018044145,-1.5882270987078202,112.05597696310993,0
115902.54349732812,-0.75311733062058,-0.6581752741371039,61.869436315474296,0
60150.91849948018,-0.46039233265665513,-0.8562881236602804,23.81187668216777,0
47026.67971333755,-1.7151799707034205,0.7749361071084743,54.15319059176587,0
44977.56898740532,0.44459199507312896,-0.35067339365859646,72.2243976743225,0
91835.40917191196,-0.30445802114822945,0.3608606095656809,65.17019467634321,0
95500.0398718221,-0.9156322963584598,-0.21367717058821567,37.60751879913662,0
14105.66089488588,-0.2996934959328892,0.6884365198746686,91.81296251828965,0
94180.65158539094,-0.6008871758538126,0.02567231520761203,7.119041021093039,0
61304.479229258075,0.5052613431742017,-0.9101987062279108,59.13753895079384,0
59175.010742638464,0.5753567245201257,0.35874138810830297,10.877491448544362,0
13721.457826315502,0.8855770816950449,0.5648641321559589,177.43599447419953,0
127454.22171456045,0.8918405795948128,-1.170662530200189,139.01017667658883,0
94296.26341089087,-2.44662419563763,2.5668877279916416,178.53308146588301,1
154115.50662329496,0.9035206838035016,-0.009082794095686441,73.42678604187789,0
12794.915819650814,0.7147317275176998,-0.9198981704461536,23.758763899900423,0
73479.43044363351,-1.115246536376814,1.7497665058808303,26.223642919935507,0
78160.59956476226,0.7819425354519183,-0.4649230143647206,28.60610925677503,0
8838.75553120471,-0.7785870468117115,-1.1175860426233242,4.519787355647402,0
111283.12107170193,1.2561974394136823,1.4832588848565909,87.0270123418625,0
72172.85687717669,-1.431114142771255,0.5012490868072027,222.38940449369497,0
156435.6670290171,0.8671568891001863,-1.031997891365239,20.87265656316164,0
121162.15208279688,0.4733366755549671,-0.016801315977740417,2.7685090863105026,0
155160.43550628464,0.405850266692899,-0.14981071874579097,8.263738260592106,0
137292.28608800136,-0.24237545810511135,-1.5446211686074136,117.03932358989226,0
25429.809789206553,0.1936700183481687,-1.3364024233582634,111.3199504115767,0
115151.39946631408,0.6116015615496833,-0.11820844557094608,3.945672071222974,0
48102.07363130706,1.917287968605754,1.0158565189929774,211.46559146515682,0
55118.988914761954,-0.47996464271220896,0.06868070965053837,139.0355348426102,0
56493.783303220065,2.1655214522065567,-1.383467312455986,167.82457758245275,0
76007.05454255067,-1.2722376272319633,0.6518415719803556,51.21297491775201,0
87384.39732542142,-0.6809088291356947,0.8569052705051,31.13379216975768,0
27011.572538491157,-2.9937066026606227,1.7776448188194294,10.704314792962753,0
11996.440026524933,0.8092586281232986,-0.31841685371830375,65.19383829927806,0
45895.68735932841,-0.30152629576934714,0.12486761019547897,27.099522423622766,0
65621.06316045806,0.1016557615660292,-0.21329657563207796,108.91263692023408,0
14612.8973352027,-0.034572225485819015,-1.907221999688803,146.284933824419,0
54207.89995803659,0.4489427181929976,-0.5886925246919921,103.91177796178353,0
47359.5706383306,0.8656746511673697,-0.49244411241221675,14.333830236266264,0
129837.6148658191,-1.0296109710894006,-0.13879640094553602,232.15863034795404,0
129420.83246867688,-6.199678826577166,2.6018658898320006,108.06236989682829,1
104559.46880380504,-0.4708498301222839,0.558558153281572,136.5522575320629,0
52930.97258887515,1.8876251206260046,0.5218912341350844,65.93993043023647,0
150037.48893456816,1.7872399646046684,0.3796100564144805,92.62901127018431,0
94906.36766121762,0.01999548620641927,2.6253055802689116,29.220610589460613,0
126256.40816934172,-0.12574629749577262,-1.5444549090835542,113.75654952863754,0
107600.752676125,0.6084916486780788,0.5496698134880496,48.94186890622242,0
10760.792696389834,-0.37146202108768545,1.1433042743300137,252.57402931947834,0
19453.891463182717,1.117933822727152,-0.9803137459505973,214.1317548786092,0
139263.90914032495,-0.32417686104064125,0.4497126074965085,5.7501382738632065,0
106273.24877361653,0.5574085568511856,-0.8386236735995307,20.077139612247713,0
4148.071749196794,0.7681941281058479,0.44108266186040374,27.022567354003947,0
43367.03907960349,0.5011292760645764,-0.20044498267722502,95.87844990347229,0
4584.7648293960465,0.3358472647200691,-0.3066882155205,68.89885887935962,0
1188.5118715554015,-1.6133682362049397,-1.6865702430814355,63.95841442642575,0
126285.86274867012,-0.8898447709411417,0.7004970631581634,3.598668660925115,0
102478.0609474763,-1.251356182239287,0.4731965832252261,212.71870608378765,0
138017.8123179105,-0.45768456167907784,1.0168308890128515,99.20230732776018,0
149091.3349994699,1.6651423825437814,0.6761036382971497,187.51064441404142,0
163463.76976531956,0.6227691252275501,-0.28803073943922103,41.78813115590338,0
14866.356735292586,-0.3829992144834577,0.01690619559011259,138.1395809809719,0
45826.969135402156,0.4672522151827898,0.7921373991454693,44.95016427637614,0
128065.64819732221,-1.1251978277377233,0.6098125198747528,13.414101288687274,0
128264.49658119516,-0.7201539770215667,-1.2209505709988706,86.02092030054952,0
60101.43112549896,0.5734474933553989,-0.9439850153478883,39.50265017434163,0
109023.28535159944,1.2114275036324305,0.3265959599163561,43.720101687321886,0
14748.42264398966,-0.788047623233008,-0.13721170304420047,20.911566039127777,0
19180.471471139204,1.1529132562048097,0.8839831604696676,46.27182107747452,0
130334.09927306355,-0.8136645751375527,-0.943940643332437,130.30198279761433,0
32239.306175506994,0.9459295852703784,-0.9750988557869399,57.88758903450858,0
153883.11411185385,0.41135763115143903,-1.0878375477136197,28.203871772342584,0
103448.18606924792,-1.4846047919196528,-2.229676640729981,36.5659438785554,0
30567.793102384425,1.3451171736117884,0.7069754644705992,27.804218853895886,0
150093.92935113874,-0.34590728066682785,-1.0188424693746518,171.9700425341926,0
26955.85311409582,1.3459350078383152,-0.6251074206936527,8.119117790020889,0
24211.556772443,-0.741498249912725,-0.36888310293702387,77.56554047597199,0
133979.81478966182,0.14561699682689125,-0.9234292057213925,407.2353992625127,0
72190.09995851527,-0.44494639089525284,-1.3294051033250818,74.83860063153742,0
142134.0124695892,-1.1283415702657829,-0.4769758599540591,18.76277332577098,0
158088.5666300935,-0.7532037815909708,-0.5842290931920854,61.34001101508788,0
142701.134497591,2.035531456719595,1.3727496662488734,14.798561402076961,0
154499.49547774572,-1.9037594056445934,-0.3145003933502,160.8326176741709,0
81381.93162072195,-0.5912156192423738,-0.22083449203708258,353.9088608562876,0
4397.372911713752,-0.2754823151790223,0.4539358884037746,198.36233525667208,0
66631.26398630401,0.42737604547079716,0.7167276477173428,225.97055004008493,0
107782.80506450078,1.3442845752345964,0.3520248287892806,25.7444472269816,0
12597.437151573728,-0.7737805788906578,0.11169413010667499,112.21488429730893,0
89693.53186894913,1.232328605214664,0.016036663013478343,10.924726410196884,0
53621.305707665815,-1.7407006063803354,-0.9032036088954514,129.76722429344562,0
142350.97839343973,-0.5581332596574506,0.35747018584872403,6.1981429704947715,0
50683.72794288158,-1.1152172279709192,0.7240750507443041,161.70002118522967,0
29356.486252253097,0.9497003842778697,1.4147438193598127,58.96747955459711,0
94623.96259936562,-0.8383618800008077,0.9940020395062782,97.75647846214004,0
102497.7402500201,-1.1096093679030308,-0.7391365592307034,10.997287883351655,0
39142.93697903906,-1.2255347222149022,1.576849825589217,164.48497234620916,0
29078.540094132775,-0.3912998898983776,0.42825439751686323,72.78568951188872,0
50983.0342826382,-0.5866945887618727,1.6997427421986424,68.45149704227953,0
162549.37355593083,0.3699256130043903,0.26621526015290703,50.4050200189324,0
147320.1943913037,-0.019530389467102203,-2.933770647229477,33.849938924486466,0
145904.90389740563,-1.5235978106681667,-0.6056556335106323,15.316854959091597,0
13064.551018574533,-0.007674063684503472,0.900791174028302,7.213185583503971,0
30947.60551590977,1.2979401935351325,1.856672337917714,10.79052069399534,0
157153.75676995542,-0.2717300398697084,-0.9220243251771819,180.08071857117866,0
70581.12446738579,0.906870534610285,1.431749484241079,75.96992746100632,0
12648.25562718706,-0.24989373581204613,-1.2732554518068595,21.60547163930832,0
101185.41233548256,-1.0429282618087377,0.01290129556830568,61.19424022098553,0
77820.6491548553,0.599089759263809,-2.4153632620785297,33.220937980433156,0
49600.18941262493,0.15551160376356082,-0.6280978350797833,13.49590846841346,0
90093.94931066249,-0.6291996069703238,-0.10875102283361787,55.77550375805172,0
99688.99126343486,0.43594762971547235,-1.5445997269056233,106.27215614482995,0
24351.706075638984,1.6389605275998331,1.3001765268131393,56.6647069708528,0
61343.361647758764,-0.15195112347198586,-0.6237160349163927,144.814538290575,0
152506.3467062616,1.6772395929744568,-0.8706427909666666,35.160377032388546,0
39714.05821782846,-1.222750278738175,0.35201159109086433,66.37545593279366,0
73804.22587461708,-1.1774165052492886,1.5798069574015499,82.9434991078408,0
28940.990214367255,0.9389571782348514,0.9230334372357293,37.934152765010424,0
44806.479932005706,-1.1173270089312346,-0.5016466787964576,121.52774632475328,0
154928.10098344495,-1.4397052966180355,-1.950095160018759,112.12252607439918,0
81516.64392318628,-0.8328632751545352,0.08479772902614344,30.290900543536317,0
150435.95184795,-0.3054994630536529,-0.03265590374030994,17.745855816135617,0
70528.61218176543,-0.13362772972677125,-1.2412992727409569,264.69817813616885,0
61016.1792085537,0.16994471105148284,0.30274379250504235,567.6978297292519,0
123793.4209463595,-0.49920199827593026,0.2051848907361836,123.05137198548911,0
116718.80463413434,1.2285720820619974,-0.9653820207044944,147.63066440951062,0
107540.91612586012,0.07128726054946169,-0.44672686572282877,15.818466340388756,0
131951.08123080668,0.43521152828960236,1.7820241127014727,29.57134635424244,0
22068.889972168578,-0.4894142344944204,0.20431988398831977,201.40135140642445,0
162685.11895658355,-0.08837328752639602,1.7075488893217605,63.70767354916121,0
138851.30755513787,0.5775169546072118,1.9017657087015443,1.5946535390266585,0
115416.57579326676,0.6368701583954032,0.9280720066606888,57.88377983909605,0
155565.63841571775,-0.46291637948632713,0.41046022190207787,198.3898916866297,0
80990.17801257086,0.4539052294413472,0.14046697573485675,3.0783846195977276,0
159299.8678119946,-0.5041286736516637,-0.07170634628496836,94.49826250813408,0
46525.23030805303,-2.354482922696602,-0.68135160643521,1.5534743325932272,0
93421.7490142264,-0.24657105425957435,-0.586285049552152,126.28194335893636,0
91525.20029780312,1.0685495584552998,-0.24439983553751055,29.21945715126927,0
41825.37874104475,-0.49061223402665266,-1.3283517915128675,25.983383377330753,0
115607.05989046991,-0.5037223368294537,-0.3190080304728533,11.224019185182543,0
131427.4710162728,0.9937402628679574,0.3663274835410772,67.60909827284534,0
143686.36796179222,1.482832866385907,-1.4635031033044061,63.038743810501344,0
102147.31640307164,0.9305333193245915,-1.0237344452778183,91.68870641944845,0
21695.003694456842,1.172967699164266,-0.14931342187167515,80.47830607021506,0
167880.84898770155,0.6694383715424684,0.7906415838876719,69.27341195532392,0
104012.36887941473,-1.08318844666605,0.6952927266643856,18.58838525096297,0
37855.09021280102,-2.061405424022905,-0.6616898709663194,15.188211353074815,0
41679.61187320077,-0.007062904550829715,-1.0510419502866937,7.957434116142111,0
57803.550694605874,-0.13642215027761603,-0.7502588076917368,95.05690919946221,0
103431.68522802892,0.26816694982197375,-1.313272287252248,37.60316605519358,0
2375.2317331604595,1.0750212145109097,-0.26281684252611515,24.4036263051891,0
24640.26809735383,2.060422698444699,-0.05248268231071405,67.68234906247507,0
145518.14991785047,0.3323723332239848,-0.8131240938463865,53.95809133093778,0
74528.93485572732,1.68076571338819,-1.198361546999097,39.97506107967228,0
10804.543904363743,-0.18657325305536468,0.6739651517100497,11.043445227880326,0
93363.73748838714,-0.8072156774844398,-0.5134883637740536,237.40541352378298,0
4526.791234340796,-0.7783085530065034,0.5882367945150587,56.00494891122486,0
154961.06537544625,1.0481167592691547,0.7333480071781809,29.661409327134532,0
119823.34372813019,-0.32888949667080924,0.07969406738271223,270.81064624565465,0
42501.49546484301,1.9358610256806046,-1.5702366540818447,106.91621624657797,0
66219.6152356851,-1.5069222991380136,1.5291010066732473,32.730282987154645,0
42626.107789336456,1.1206857064225952,-0.9029100070479273,39.028723293660775,0
81951.26762481758,-0.2805717065985525,-1.3578232070654421,94.19267980469945,0
153792.92306607545,0.6122698101053926,3.096588896142549,390.12530636132374,0
41330.32200851195,-0.2927579187724547,1.8453996812503788,30.287565289359396,0
87936.28800613446,0.6097377233367051,0.199982199863687,114.85396977639272,0
14775.874131652085,-1.3661983376689175,1.3066170692950476,67.01590918259402,0
169561.30937321263,-1.0851736783357446,0.5248649917251288,91.37228825631803,0
26209.419217819403,-1.1211340127579221,0.9075323007926969,126.37058521233534,0
165555.0973646289,-0.4553424231453126,0.504154550950278,23.112091679914762,0
80815.31351738675,0.38505516793783434,-0.7139529121595534,328.47292427709976,0
56709.41462742735,-1.6556393601700825,0.04168120721690878,6.6087146661985345,0
114921.67490034585,0.6734288127536935,-1.3212337376636916,57.76138550168717,0
141816.29658049947,0.8730660663320997,-1.370256589207886,75.72481058817542,0
13930.342013307183,-1.358256986122487,-1.4631012512496988,27.108619690259914,0
89885.3573912978,2.1173241443709534,0.19144204734460896,198.13470193094702,0
104912.9765366821,0.5881379513426596,-1.9841280667576089,283.28721427297774,0
72288.09171687401,0.22442003838225033,0.8341005719100684,90.4471077240851,0
85115.93542616982,0.12466339340755687,1.2158735621989807,5.5896084792202,0
20477.25335776059,0.4080960585699445,-0.4414758053129096,20.321590082819917,0
105355.71506637204,-0.03813456882464037,0.9084142390861619,51.591520826708134,0
121481.67609708673,0.995693754370362,1.150136803679616,7.310331937026312,0
52757.68493319517,0.5629106602850852,-0.21297865655021128,23.41533607578241,0
152397.11663504248,-1.1044518278549962,-0.20108793560036814,34.52345291644806,0
152356.1377265582,0.23671712102639317,-0.3862370887113674,115.38923131799605,0
76348.86418977776,1.601992654613413,-0.22339841634209087,144.12101109136168,0
152629.67832645148,-0.425924599317566,-0.6995692785784219,62.2251839093676,0
101606.48008063978,-2.0210023208762435,-1.2093244677784134,5.285769035881343,0
124278.06728544719,-1.0958708107987174,1.2287280552289201,111.13957734962098,0
155491.20213476068,1.8311771355658875,-1.276618200244661,7.197681291711755,0
163130.47381302874,1.1549975605416176,-0.148283137927403,50.9400550588751,0
47835.84336221691,0.19767556695424515,-0.3779897459852177,255.26449929881767,0
86088.21980310242,-0.47539224221454224,-0.3225487102266215,4.765180695846043,0
57923.950585686805,-0.6568354686944304,-1.6970961432894554,129.321392040484,0
167119.47911678464,0.4575419340047812,1.0400267198626876,67.2009486725988,0
139216.1135667855,-1.8075896491814576,0.09473847583290661,92.0568535069715,0
20270.855052701765,-1.026625482884179,-1.6064589010404138,36.229606489257925,0
57650.986800610386,1.3655603704321775,0.07857322096112584,44.67255394851253,0
140821.58509180517,0.21930891313205408,-0.17117119524153482,76.49463399103726,0
97646.74199183629,0.9719303434406339,-1.3945595133260753,22.990770693902782,0
153260.62275616179,-0.30209704102460566,0.9979543221425496,80.41628264864185,0
169407.7184348096,0.2916589331890461,0.15201577783777934,169.99632811977938,0
129706.22908354033,0.8639235499624459,0.6824892092606365,74.51512342170975,0
124839.72551718813,0.8778260312391258,-0.366602569838744,0.6494586068385372,0
117443.05044936248,-1.94249769096177,0.8093109039313008,69.12406232493737,0
23065.339233475086,0.2183387504421607,-0.3583944830280237,162.67230719245987,0
90443.75689532302,-0.6125509023540618,-1.298741686610492,18.978435345890663,0
4951.1394854187,-0.18080744508722618,-0.31556769253452216,52.695544217085185,0
19117.16414585981,2.3456241618964406,0.7159104161288095,88.25347538091026,0
169189.33328901872,-1.139061507616351,-0.5700753391846538,4.696121399335648,0
90635.56811774001,0.3454141816438536,0.31314302313353215,33.18602529675194,0
147400.03390475982,1.1211881425699046,1.1289567351829475,56.72158334390559,0
37452.63745568603,-0.26776551872484483,1.1728942786314784,7.134935787210552,0
2485.113881256292,-0.45669914469351297,0.7587561926560389,14.287462591496023,0
11267.353369813027,-0.7816720723468876,-0.4626447418812982,127.47886352561572,0
133856.71729420975,1.1523486389619257,-1.0449250346222516,296.9705898915073,0
143531.0336657196,1.1433615302058282,-1.5132794691577722,18.35922667681756,0
115951.04303608682,1.4673759883276782,-2.272141655570607,107.79706395324064,0
93923.40395680924,1.5153180943238018,1.0550545489425514,20.209076088869026,0
56495.409005377485,0.4637230575571145,1.2008008194284512,72.87383966671868,0
68775.31462253809,-0.21941232097207036,0.026341288747435226,205.3538637747701,0
99725.83183663024,-1.1933788124438198,-0.13513000707570208,82.95046888810917,0
68059.76929703858,-0.7957176635206115,-0.8483665364230907,27.1212253913045,0
20108.113554610267,0.10311792571720485,-1.8794669639461663,14.506912089058885,0
81213.97273769144,-0.17963037272551532,0.6816606513974395,26.73958206371834,0
45222.742149564554,-0.8343736122951215,0.527568116112033,3.4823542897742663,0
55304.571058089714,-0.21519632356018042,-0.8284032217482512,37.645555776005395,0
127020.27636931147,-0.9026543599878197,-0.5883400573076859,91.9573343757656,0
101604.9535713503,2.184230601754902,-0.5786510541204551,51.158505134396215,0
123036.02271315892,0.3589175837406595,-1.7962765667775356,288.6249712762026,0
137453.7532244652,-0.33577861774042206,-0.32551341299493647,65.45007322866515,0
68006.36207917133,-0.3542186159166406,1.0865305578988218,17.533992864107283,0
4452.986666479877,0.15226937580750002,0.23419415149820536,79.39531881670688,0
165478.74847590318,-0.8047518137191378,-0.6544457335513071,94.8033641233202,0
63541.290768670115,-0.5587995720623407,-0.4578169695901857,38.56078441242331,0
96844.14103342002,-1.1229146774475707,2.0988412303524395,17.07945935132384,0
128369.92210581986,-1.7890123905014412,1.685064345333184,44.40397979758597,0
111266.65501190738,-0.48462856460008136,1.1629025725441393,21.33246310196426,0
34323.54287533098,-1.071194857868986,-0.04518552842516206,1.7036003279882226,0
97655.0141242153,0.320187854921873,2.312044056359531,333.65168039987645,0
163547.68547239006,-0.4828777192911349,0.2316699390187268,2.8615372482871866,0
122354.94144315665,0.8495845310466172,-1.3248330557026347,49.51998080138417,0
136272.66589539184,0.058608917371792725,0.32683220948352026,73.52003870440049,0
160372.8530483414,0.1485479035926389,1.7967534654264914,15.279727867215724,0
96215.25815280291,0.2971600238082216,-1.1219681199494154,57.640339405690284,0
101058.24579364066,-0.7768620986213922,-0.9694324432883201,29.91781059420238,0
67548.55609247294,0.7271712595339491,-0.5883615643067782,250.42034916983357,0
125967.92745412508,-0.48171705093552597,-0.7099191329520645,97.388709176879,0
73476.89357228354,1.8690665036782608,-0.9112800569029585,24.784289033474067,0
137810.42702723274,0.5672179054338725,-1.563929264900654,155.24494352126834,0
146356.21800698005,0.25100354315014656,-1.1955753282234454,82.11767988161012,0
160972.6891926783,0.6280786969002486,-1.7562302344795768,11.888667683318026,0
125932.84780907189,-0.604029885474771,-0.5144258182617432,95.18765954378608,0
36147.24842248992,-0.7064755007657966,1.3910424750559454,64.26324999973865,0
22318.746938178334,-0.38113769667341885,1.3175408190173998,55.41568105089148,0
135012.4166731343,-0.06015449940512768,0.2366469126728498,80.50839274410961,0
45158.345490594314,-0.3206244763068115,0.7645995976355802,274.91320657101284,0
116621.54548775795,0.7458565180985776,0.8228420732163579,9.50616262906642,0
151827.2616421713,-0.520630606562299,-0.21015560419087462,16.197701736831892,0
27765.741299251218,0.1358559015662905,1.2322838295108312,158.27080432862192,0
135433.70078125372,1.2101660953653188,-0.394090478980577,197.5757107028328,0
101222.02044405446,-2.9431415654717332,-0.9557543578226444,333.7233948996701,0
114468.59722194457,-0.12168868568726955,0.9867616174828228,46.95013345540031,0
137055.08862663657,-0.5545932404325518,-1.357698726867552,1.1524117045239344,0
125324.52371973559,-0.30704834092510147,0.27524868756836424,74.11196903986753,0
2100.293226400264,0.9252818927168314,0.28244976405560046,102.28249416096865,0
2928.5564929195957,1.8105224784209932,0.4319965633696103,38.62796276226136,0
107217.87005698052,-2.729404384923734,-1.1554960421287641,120.0335107759542,0
6922.215771960006,1.6049345017539018,-0.6099027069492022,53.740726236832316,0
74457.36408876006,0.09675491843880031,1.7632988002995693,60.67884419473557,0
70295.86960445782,1.0084159699429913,-1.1259508961353941,54.80445432490431,0
4354.403585080833,0.24104327786211174,-1.335322538755505,0.49695609641638383,0
131475.10998483907,-0.7228347951782497,-0.9008117410113639,16.47764818803522,0
34650.67277381819,-0.21600142157311336,-0.18526591493035816,85.05078464755024,0
168539.29346518338,0.37120676347005876,-0.20388346897985454,109.72589777629197,0
137641.64388068326,1.257613112576651,1.4919430591616407,54.8474410992339,0
165101.44748049806,2.0403465989064893,1.312549194340226,86.36262821623491,0
74782.9124942663,-0.6069634458726355,1.2409391873848064,252.7573850480851,0
80578.3258610214,0.9955266916741141,1.4300303889213692,77.988720765799,0
94089.07453314788,-0.5338446438149185,-0.006461594079039767,36.193085631747984,0
172034.30600479085,-0.9186164585230326,-0.028901523497860945,19.622660836283327,0
148844.73537160174,0.8369911546336737,-0.12331159906616056,210.35822321800327,0
140725.54149161727,0.02447966985191076,-1.8454238848045357,16.884362769644238,0
54736.41779726861,0.9456334275676297,-1.663689978196383,6.101966908632212,0
58339.90161854691,-0.9915270411046322,0.41732930166043963,1.421903702818875,0
109465.03638595824,-0.15046814149498222,-0.1512990397697074,83.88271635598808,0
68803.55025251501,-0.31039680375596906,0.6062371934962887,115.83383242734675,0
48951.544923517366,0.7675090818172975,0.8701781747467708,55.713407135340915,0
105465.6777561267,0.05237276872756848,0.9878344213079936,204.07480703510618,0
119868.28861504124,-0.0016217169633801235,-0.15249967830991942,130.4248907483938,0
118321.54661731033,-0.766352609265016,-0.6578984885747409,32.683616281871714,0
102855.6978139126,-0.006334140465255962,-0.06251376817721002,115.97442622356593,0
165303.00652322153,-1.718930412953847,-0.0378867010218419,96.77566599232611,0
54070.39772011841,0.7911400043558836,0.6546884930081445,116.11347082938576,0
109931.44862158262,0.5444598695274623,0.5996436407250353,106.72434959367992,0
113484.09563273529,1.9235134876034545,0.027177167672463982,54.161621454338444,0
115445.11159940765,0.38082641834525377,0.2876820436757222,54.868194789406864,0
85125.61802146047,0.30634753393202263,1.2261045853340684,21.577706291301126,0
142386.79424486024,-1.7551020312711616,-1.0174910628880784,71.21372192051265,0
166468.66337307534,0.17969538110620695,-0.8308826638551301,113.15360010059104,0
52266.17965734196,-0.6507936550684602,-1.5396256942059605,112.75036103797743,0
140611.39379520091,0.7076782440272429,-1.0056950873181933,13.89026154250315,0
46407.542535989436,0.9610934572320833,0.03211545543232061,15.004630041282637,0
102550.12693137628,-0.577004439727203,0.8816964269577422,131.89633684747352,0
32014.717410238336,0.596081494132487,0.3948200204121767,173.79590296126173,0
71166.109964648,-0.6160712153363237,0.1072858660965787,256.388821121349,0
22174.70898621851,-0.4561683474800591,-0.28509551582833836,114.72437951186392,0
125568.74742975186,-0.17868088760798354,0.576228719595626,14.038465362267036,0
31382.89362834094,-0.630863510683409,1.8816212893577708,7.298195802619166,0
114100.30996439123,0.4185145591570548,0.4300891561717522,130.87347172319042,0
61330.98139954733,0.4021978249123513,2.1009871898131114,8.442863690928053,0
159108.46994246816,0.45322190228289727,-0.5504882602676295,106.99072098109217,0
167354.86076830953,0.33658304545903495,-1.5050718742538034,21.138498400160024,0
130069.4353155604,1.6056779580824545,1.8321196075773012,2.9048487069174604,0
168629.5162055459,-0.8065198324565613,2.342857008287408,7.478676158384386,0
21486.961399254396,1.0049302940678833,-0.5472184402659728,108.42584280585886,0
105998.14585770448,0.15763455844094396,-2.820168822240691,12.587891355954138,0
59806.03274572934,-2.8019115694878916,-0.5754902130961214,93.76183227181464,0
170417.21664607537,-0.0325038930576894,0.9089374968885997,87.90481278721114,0
73699.1563233936,-0.9656679138472309,-0.7601923217408988,88.50919873371518,0
130471.24528735688,-1.1097501278882742,-0.04244852901175601,87.01004438397214,0
167585.07658957253,-0.1296730520286007,0.809846061119427,28.879876278223843,0
45109.18533338175,0.7177387066589793,0.8935422058891094,60.246355888066525,0
64138.59477002204,-0.5668133178023392,1.4571018262274051,8.758805873970932,0
37938.91793410978,-1.9425705714374064,-1.5648544249554606,106.75652952699708,0
122523.19402563637,1.4336336088178778,1.7750370211274655,18.380622535400803,0
117590.27939851042,-0.39115637225284255,-0.044919538154433135,40.17869533918593,0
144370.98300825118,-0.10919309450055267,0.8634140715616104,66.41870336010413,0
68524.47624786565,-0.28568654809226357,-0.6484148089588124,33.27320283654112,0
100599.05551846002,0.729236949310753,1.6018987915899814,90.59405363703085,0
98031.55155187454,-0.684812109738896,-1.8355704768708747,301.069141580146,0
172313.11075442983,1.5018791337963189,-0.021362372441476974,26.38258328204666,0
135122.68405289535,1.2833545772882056,0.011208153195899085,5.914444227067968,0
132869.85674820037,-0.7087782027214982,1.5329782475310847,44.03084312320281,0
158010.38425583305,-0.6484692000191374,-0.512493390880902,84.29257499123342,0
48441.84524088408,0.8160810441139388,-0.8860393883859076,104.69076824323005,0
114946.07973630338,0.06832212993981754,0.16968509085775127,93.86016042340766,0
27406.962194643136,-0.14166263187224326,0.3447749725922945,119.68468795480423,0
167281.77232237114,-0.9230723963155776,0.033015876934859634,129.83919323985748,0
121801.71053549636,-0.5430219463857897,1.1875918180180127,102.58086343333366,0
24532.759830699746,0.2736601192125019,0.03580260003584014,64.2825418710653,0
132757.64591578874,1.524517181115903,-0.9370069812461074,59.587629770035626,0
62248.42116871394,0.06908519272427115,0.09882404501643172,34.0077119733204,0
87690.4243938725,1.2812386535229803,-0.3998226835954676,379.2999190209721,0
14438.18952184719,-1.277371133550618,-0.5793053085790432,9.039200548802166,0
159103.8115792074,-1.184951941226075,-0.8139717958905116,141.7909252884619,0
164543.92456854435,-0.05008059885646664,-0.21796838496072934,39.18242313114859,0
120087.89902247864,0.17306764857055348,0.22238781413469702,3.9042958516089965,0
64128.31576072609,-0.297949364813223,0.9239826791201501,11.276437178235787,0
51991.7719363378,-0.36249900288206854,-0.5488050227771684,127.94487923862974,0
84567.03046385854,1.2592837114361684,-0.9409359526428854,16.69650537958087,0
169550.06903955922,-0.1825848784124418,-1.2242250083555806,186.001631313508,0
166756.65016317338,0.18485865406036467,-1.3045488995841095,31.858200913191077,0
65999.16973202041,0.6509656787794414,0.10132717686046831,108.86774135027852,0
99105.80281152306,1.1064617708120716,-0.15506204469847845,11.759704794543078,0
10296.650422623234,0.24581922181638913,-0.6352613845586089,64.60444730249897,0
170611.68820254554,-0.6018971609326136,0.24972548705359698,170.17795669057554,0
160834.86586429598,-1.3239510842195628,-0.8257690954681581,40.9450351567554,0
65208.35695046125,-0.5867447607300117,0.7259236116484019,194.25531457895937,0
98045.15515016948,1.284080276542287,-1.9010744288179857,37.70307882965707,0
22734.895989990495,0.33649978882090087,-0.5967724763676152,76.79058857281842,0
161004.74169309263,-1.0622403173432842,1.2194310829547725,105.10045084503263,0
81900.57143742434,0.20199901075732124,-0.8747762242543677,57.18535803358445,0
168426.53499718968,0.29919976608889587,1.376522659738668,0.46978048336704376,0
38757.913911655785,-1.279647848349243,0.05107630446507834,0.20682054833978158,0
141903.06322467915,0.5280360045479643,0.48114589076518677,21.253526403749657,0
103002.96186517927,1.4838901537677616,0.06134366424086365,138.16262120278014,0
59081.23205662872,-0.45325952594704233,1.0166432073158822,27.70159379655324,0
20106.746236424886,-0.07002977680804456,0.5364877271213292,55.91848586927847,0
114365.01630769888,-0.012276533502175885,-0.06711638753511132,64.73893870859945,0
35738.13193345087,2.1069401822631857,0.696631501217747,12.037832396208625,0
54319.69955815172,-0.35254624273661994,-0.4803596724913551,27.071871960959417,0
29032.8550983124,0.7271679888921005,2.317516231196855,0.5176153787266569,0
39099.87590455057,0.1804960560780812,-1.6196898655166265,20.133509903246672,0
148975.65226346988,-0.19334094967962276,-0.7828665102974913,0.34549432677257397,0
165996.3413686809,-1.431188333235752,0.140293425700544,36.823670292127204,0
97126.17887276429,0.5245846830476146,-1.2873785931353454,2.9347867731508415,0
34641.996283308,-0.422495895432434,-0.6543418710551034,71.61225025045513,0
121848.04435459335,0.41207113706602394,0.4014668584815456,25.629037332967727,0
169755.0250018072,-0.7621334485140979,0.05563012376578855,2.9915518009068336,0
82408.33839766521,-0.9844130461752121,1.5731360220429027,26.135563209455867,0
54229.27246117901,0.7082662196573998,0.4473862964734275,55.51459377603106,0
34841.200904250254,0.780201721186075,0.472953564713271,16.063508953379138,0
164264.9149908097,0.1487806348073052,-0.7808049515789934,117.35680986305896,0
154715.80420566763,-1.1151262626634877,-1.3184013824734664,31.856786054833815,0
111883.6306059154,-0.972162217943325,1.124414149970889,164.2485949940468,0
158951.05051612502,0.5405895418122408,-0.05474639567621555,39.440632197396646,0
96885.20936545054,-0.6160275437179559,-0.36971668475929287,39.9764813276803,0
46913.818039380516,0.6325827996421973,0.3776395717866411,49.40515532356982,0
10554.271462920457,-0.6838489004995763,-0.6438720111083527,184.4964717583205,0
109452.16912500118,-0.20233890687008754,-0.8963333329719959,29.54693400010006,0
56793.23343992148,-1.330226255641338,-0.17535817439484103,33.37499178101163,0
116817.3425754802,0.24140911637004694,0.47039274200915654,74.40547825703383,0
119232.84513381105,0.0722883471248695,0.14050890428560542,16.57511211607427,0
68265.21678165434,-6.321402278826827,2.136296707465583,90.37672723097428,1
109278.07311723988,0.76339307958197,-1.7606364433375037,112.30215418139423,0
93155.5387127823,-1.5736290221169846,0.9342740176365468,107.74484160170319,0
151939.50730393076,0.7536442816334635,-0.5615986763768689,105.38655123136121,0
80167.3419131711,-0.8476272124968842,-1.2630353535770662,49.894703669153465,0
57871.690212744485,-1.6047050097978122,0.01921885221727033,133.52340765379782,0
13417.805031253354,-0.4970306906659087,1.0833921435833522,133.05611230204823,0
68719.86681403185,-0.24717161224439949,0.7985049046156689,6.07925421542961,0
114388.23366038049,-0.4469775528060408,0.7065207734206274,119.75033139919702,0
8712.018478461749,-0.07875288624464047,-1.604121012470325,146.71614269929918,0
76108.26533398687,-0.7742699224040547,-1.348427512780981,36.52012009635318,0
10720.756850092583,0.6819932992541455,-0.5747932272153171,1.0509288935134293,0
41260.690788762644,-0.15464970656083346,0.5953232878926642,58.64950852860597,0
169059.70720342483,0.10451403607582113,-0.8168615002149581,21.374045250287168,0
33981.73947987126,-1.1534825308886436,0.09808045027979402,16.412138080636254,0
166366.370923754,0.6776371019248881,0.7462775936104097,96.31067736565225,0
98840.88776740483,2.4398744669855015,-0.7722530708831956,215.4691561349507,0
107802.89130411182,-0.9261632634832083,0.83922514466879,42.989231723014655,0
165182.77364347916,-0.8604384680668331,-0.21952658244713985,32.606658921566044,0
114656.87702824455,-1.325157155197762,0.24477484111169842,14.255019376298684,0
140304.30934542624,-0.4348206128661142,0.40043199385628025,1.924056935709855,0
84164.29957191212,-1.873240111819152,0.0432040486855039,38.14068465465952,0
129593.16928497792,1.1422073928855578,-0.540763354977222,282.7034303883154,0
14296.925194823214,-1.1627104393277614,0.6252284708731023,142.98087466737994,0
35421.28624785387,1.3427218613511855,1.675129939690226,24.82676584503168,0
87169.98672046461,0.8884469303585544,0.6373330412721927,118.20199272276989,0
7037.9370407180395,1.7183639957638757,-0.08288698387486536,254.7701959875885,0
64233.91867432491,0.9328953551938086,0.4341269815409725,178.93167526865054,0
2660.237284258105,-0.7766940529721439,-0.5724750238115909,115.1165811987756,0
170665.8446135908,-0.6514425498636812,1.5080828501440207,79.81429664007938,0
159882.90924942706,1.8418156093866072,-0.8988738108773296,123.2259007487214,0
86209.17083181077,-0.8263652852658686,0.6160257087476715,25.726913871703594,0
60060.3593884961,0.7339504783642384,1.3160994518504814,13.108598918160059,0
64857.0080885072,-0.19466369502467995,1.216528232549537,144.9839170412674,0
26001.608429836364,1.465835978602963,-0.6084370413911421,17.044994040721264,0
19940.194168516922,0.9334229544758642,1.725998002094337,337.9182324426134,0
23725.445653250536,-0.08755354645343943,1.6563225078035575,29.66705888773833,0
130766.66018299613,-1.998344967144626,1.2371509754787164,39.97005681438249,0
143875.31443075545,0.45514638094951854,0.8620575905465448,13.92697035501599,0
138402.21108235916,-0.38841124098877516,0.01069331179648031,40.0260548532595,0
40546.15174462237,-0.8034342741712571,-1.6139014554789917,36.29893358961164,0
137239.60248853726,1.045056145231206,0.4664559729694125,52.08952031524689,0
109089.94517429564,-0.2658283656469923,-2.1811752376656774,7.265834037980106,0
139461.8521881663,1.0813169577685364,0.4600453908835562,3.4633233107075765,0
11682.10070882781,0.6513309519952039,1.0066246315965148,121.34922424389215,0
164405.9325621138,0.195162047141818,0.8792639051665606,70.6270248995034,0
93449.16086150207,0.43374968596096225,0.7747733900743572,12.515814319374758,0
42919.41779190148,-0.004262937643876164,0.04482313193228475,16.57848993320055,0
39.23220411455688,-1.366211590902226,1.0478490568897503,298.0247190735402,0
73869.6592667983,-1.4500163561675328,-0.18949957639212914,2.682245188223469,0
120295.78187983348,-0.30821592816082993,0.850004267969593,29.144508572031153,0
107553.07726260422,0.7796961821794943,-0.4821242843214694,54.77873150370327,0
168200.5165916811,-2.1797886613902455,-0.5649515266552204,0.036112879520631136,0
120087.54816234538,1.5246385964827562,2.099752547995989,65.98997321996524,0
167498.8091627061,-0.3297982570458398,1.6545132808650334,32.35504965994101,0
115164.81461263722,0.07321945031246505,0.6009137824153344,223.4484900541704,0
951.4020949207179,1.316176081530022,0.17942952129493323,15.417861638798453,0
79338.65867797156,1.048203967675276,0.883624548970972,3.587566531566329,0
97980.40989849619,0.6369080790029854,1.4507994663087393,94.40623228761312,0
56044.11640634231,-0.07282243259034207,1.0533102796418705,191.55330896722586,0
27039.17652542218,1.2364895121841768,-0.9971435467856863,55.497854701147354,0
132340.37366328342,0.5521245847298429,1.1123268243902629,12.654619713265047,0
125210.58396727029,-0.5902146122004895,-0.09887262565948246,60.58424277423799,0
107189.49047387869,0.7571768211020226,0.7992464575172452,89.68749771697453,0
61962.35815149808,0.21655473837820582,-1.2269156762952407,1.2085676379619252,0
161175.4819235735,-0.024129110454973405,0.9343117376707711,177.99751774422043,0
15450.221199558444,0.980004236133894,-1.3321257652766474,296.32376039088655,0
171444.90496146842,0.8766058798421794,-1.3356066666463606,197.09394551636356,0
163133.45389784678,0.4764301667171248,1.2083232859472328,339.7441620440747,0
97024.5367994057,-0.38479202360407067,-0.09636128558822336,8.640407446803517,0
122405.122376358,-0.3357859389797497,-0.43351182120353343,76.29217459077014,0
131502.16918000375,1.5564160355717669,1.5095468626126316,42.503884902389046,0
138874.534888167,-1.4419103561118092,1.7379047618352501,53.51825854780246,0
79951.066963708,-0.9820194972109048,1.7563779876279924,195.02276952017633,0
13453.606588395387,-1.4572992875838315,0.19627233844086328,118.13896300023978,0
48565.39682883845,0.4862873047408947,-0.21679203168792927,34.653392609843,0
38811.71340402888,-0.49731714635766955,1.6828883889478314,490.9714138988272,0
93198.33940302444,0.7890752013999099,1.5279815736395113,29.143136486742602,0
59199.73910976358,-0.08714839233542518,-0.2122343016155467,75.08385300147296,0
64769.746927679604,-0.36663387866893304,-0.9454683399946582,32.88061088217991,0
77312.85698709296,0.7095994793835665,0.1704009940620107,5.164854483388117,0
68428.96699143431,2.2022432733729134,1.1301646922661168,272.19041144913155,0
39186.30965523478,-0.4617450413461271,1.7222673909870256,29.50347055166654,0
16315.585515731109,0.4962485662454281,-0.8229486258623573,286.94625195536366,0
120043.55016364495,-0.5077167691497139,-1.4446412530684143,68.72091584335996,0
123720.0011448303,0.49663461497989536,2.4417885853297707,177.53942136243685,0
26960.021068453032,0.6082671663441893,-0.7194723843379374,179.30261541225633,0
83469.25973817619,-0.5881085989243096,0.04108086409475417,17.000467571379257,0
126616.34444304934,1.4443434119799452,1.2849797147621682,29.312192057715688,0
81610.29575936325,0.8261456160405156,-0.3069940458834018,3.4422727273998333,0
35116.95013967588,0.21740585272700344,-0.32497944426132624,44.55627192289039,0
114355.19217109913,-0.07984915348779596,1.0445264298181407,57.85699953284742,0
171912.89960693577,0.3740620881310435,0.22517093222693582,47.196745801392105,0
146980.522787485,2.05451488940476,2.262568808335318,86.33446125183251,0
87748.71505207704,0.5484632735405707,0.1606928674649046,17.835557316916656,0
149016.44887143758,2.505448905356894,0.4308460051697467,91.71860818847715,0
20145.555283224392,-1.0136058423544687,1.0553655467507066,16.413188008578604,0
114378.6757196756,1.5480082208186925,0.2444544496055498,43.655787205218225,0
17873.415047891525,0.29401639930663104,0.9072346600576203,38.60641561626424,0
155183.78121535532,-0.17149560038823927,0.17382352524484837,175.43281346665782,0
79174.69402830784,1.0618166459897318,1.2904253246168622,240.2957841517848,0
94448.53014318056,-0.5582302623977843,0.3181593274098852,35.797431115010504,0
143792.78595109782,-1.1565552170673363,-1.4912278313904628,46.04590703247914,0
161884.17895531817,0.3044922016801448,-1.2843719755091987,19.736937024085847,0
168655.1886626481,-0.7140417437774549,0.586851538784868,122.27250570603235,0
105426.64892786134,-1.5407578083153624,-0.3285665162529581,54.92338709340491,0
97146.22655194993,0.4670909439935746,-1.4703801346757173,94.21291184169922,0
59299.31862823534,0.10311758244563701,-2.143966831621994,18.4433022490278,0
58917.64114406447,-0.10140782972186395,0.17124404768499576,56.813281653999134,0
37651.63039950136,1.5949202080860148,-0.30044280882755153,120.64243904416148,0
142993.09207409262,0.6672189393045282,-0.2812936526695694,263.9969497131872,0
144863.20017408463,-1.7555055887046276,0.8221108472828129,66.20028592633635,0
24053.189992536183,0.9498890682492921,0.6675849604766076,599.8719552606499,0
74662.88537275707,0.06354190456093739,1.9852265356713568,16.074240997893437,0
42741.75198122455,-1.1047746736415167,-1.1071832698817605,184.50155243202465,0
130863.20379283103,-0.5181340566668573,0.6252895125420684,111.85141848746667,0
8357.076469229334,0.6295583660658357,0.19267992984947224,68.62316461846528,0
32079.750606934795,-0.9913343922342502,0.7068962909185121,29.910413653677644,0
31380.085463286356,-0.11184710408631295,-0.6227305810037479,1.5010560094579986,0
6935.994849951335,-0.30093529297013316,-1.0691042911659632,22.812369818713893,0
150037.2772726911,-0.18733030982130086,1.085671909183638,248.59828560652036,0
24684.52964558491,-0.8456893114465224,0.585070202458372,38.04108031217739,0
170320.3984703118,-0.6973642279161708,1.0295669238227512,99.28530069562261,0
8957.226087889174,-1.0703205486518375,1.100799805422717,3.5658668595951477,0
159452.44252071454,-0.4992476144946552,0.9980841726036552,41.03106000742136,0
132286.47848914075,0.2808911266011715,-0.2617876736240963,21.994168920198863,0
146022.8513293398,-4.976699628163461,1.4989670873514607,102.28968057456058,1
44122.125386288586,0.6793813730119062,-0.7984727967996325,84.13988623195873,0
165506.07761076163,-1.1785727847701737,-0.7358535759123606,146.2092542669854,0
126674.71995392781,0.39488149000257766,1.158565492822322,199.3761959466848,0
60178.5447016263,0.7413198169079143,0.26528834478380814,322.6695717969508,0
51052.85754809822,-1.4603024352092226,0.48292994517758675,23.63851623885994,0
135868.87285356093,0.19145071595735258,0.9133910908021826,80.8444196681801,0
148734.24478669616,-0.48915617518421617,2.1669592672469657,25.28601119003325,0
155686.04277531285,0.3805203053163029,0.928851246050224,136.5692245384997,0
89511.79387471917,0.679373170574121,0.7614306240608931,205.39640293665184,0
125818.52037168955,-0.38792451706994147,2.2223488510119536,109.39551650397871,1
4353.4219321548335,-0.5335436258230818,0.14262139266888282,14.690688485358727,0
57757.34433317083,0.7341063358072487,-0.13118015426484045,91.17331069094993,0
138686.80543139167,-0.6626914834880354,0.54286372035822,12.157649174361307,0
16088.158276859383,-1.0141642181269683,1.7444955493598882,35.527835671813975,0
102368.06518916464,-0.367074646018183,0.5799721710336103,142.43762201519107,0
83141.00960051247,0.2112093992244567,1.3879655839733676,30.41833352261244,0
11782.647895471953,-0.6215940451706842,0.3326127589499748,39.997313270488256,0
35654.466540520945,0.4800636179041039,1.7097080286755186,179.33381076550648,0
69372.59542658667,-1.3097319743676321,-1.0259433396994282,30.174314218408693,0
91818.08033497597,2.1857306167225743,-1.3117366922451246,0.930061343344797,0
132080.26517621466,-0.2731522465199018,0.0016558556219512324,74.64442445466825,0
49107.04629898673,1.9725799044469323,1.853834157502221,89.02307503679731,0
150971.40533139935,-0.6783346293354934,0.11033543315937581,45.47044077408477,0
51026.197371484595,0.08497296263582721,0.26070616197127533,197.58249683874635,0
11826.554557125795,-4.703395898288287,0.26099229375587685,185.53029564067316,1
49634.897757825325,0.10163005353342468,0.618289303310708,24.01682564407822,0
139006.74948701847,0.45564691008859476,1.8379420299922753,38.56739060308365,0
158643.62822001323,-1.036329196838163,-1.1465501637074578,17.84867868200869,0
145978.5418185982,0.34222557942434556,2.0862641008080813,118.71510355572298,0
52573.05958340812,-1.4439255470737569,-0.8648961124284227,3.729697506772723,0
46795.33348478886,1.4554013377261916,-0.9084643375227769,30.137584599336712,0
148349.9153465086,-1.671972471792552,-1.3815490588794384,34.153705090263244,0
89655.21627138526,1.5200917409911012,-0.9911942176245544,5.129695930549026,0
166754.65584173275,-0.4225684190212185,-0.35975501660563197,35.68548426277624,0
72125.81838647676,-0.2670037617670316,1.4574379493704361,68.78697204261914,0
127532.20891847681,0.42896794854851705,-1.3443460048305518,146.57855755714593,0
42161.410375905645,-0.5442961463142919,0.2522130033628634,5.201205815202048,0
32472.64180488782,2.1353211239759577,-1.2373536900391682,19.34166418588982,0
169514.618946512,0.1779083914116544,0.7670502184927098,99.90251201509491,0
23564.990981393814,0.5711412420380737,0.26629535644062347,26.92060298454028,0
39549.67991714863,-0.8614434294642864,-0.7312609733270449,52.6249003613452,0
25293.425845636648,-0.6478722896465213,0.6140362639572081,143.055343033814,0
106421.15891790223,1.4794817618608729,0.7368371241051792,125.17219748329897,0
139002.7495122674,0.23787515634886738,0.28930463587376126,73.26663780491556,0
155068.25197772993,0.12345755616914253,-1.0879334586290748,36.60203100652146,0
72363.54670135023,-2.1564453770050327,-1.1546369488847281,4.039018386039179,0
26463.36961450763,-4.06011477246353,1.474828419502765,148.2394552953824,1
135680.75305604498,0.24523584789423636,-0.6586320809550305,88.41462946090675,0
53166.94666178951,-4.650213624406554,2.307202181950334,62.514626355129714,1
20587.508120917122,-0.05510144973232095,-1.4749506797103382,81.65427796162469,0
67965.81184256061,-0.4281453309928047,0.48689481116196437,19.461917201787127,0
113099.53782778016,-0.4290372480926655,-1.3191950527677994,41.12874939986716,0
53099.70593926232,0.22992434541793752,0.8027275724376978,158.6895246275237,0
77770.13289285172,-0.7176391376105407,-0.23259923843548608,251.4934537714709,0
5458.085825870944,-0.49154441380690456,1.804410826698425,134.42052618300667,0
9632.019499909933,0.5475398201690533,-1.0280678124641107,7.747020883630994,0
63552.92533388696,-1.98468794144591,1.2082747406521392,84.36857214618246,0
169197.38872138638,-0.9469827656173482,0.3327052943741829,61.88636756764176,0
89668.97947287433,0.981149715570353,0.7641876161355642,32.51568254986107,0
11618.066319648966,-0.734975101257266,0.6437340011921098,5.238216346125333,0
67570.47978521448,1.3250046549456387,-0.3521804481195873,8.97082349858335,0
61007.107668532255,-0.27811986436633407,-0.21765512113811641,0.7468922967754795,0
97909.388738864,1.5498186063283395,0.6015800454021792,23.07311698163499,0
159396.6442157783,0.14876073333569612,-1.0558446374338408,30.21887526365157,0
59675.08934791662,-0.8447029987029827,-0.07481842035058532,33.28502912314419,0
168791.09676664195,0.4728150699278325,0.4515474912395065,40.52202166440762,0
4392.425101379648,-3.1385146662340397,0.13376057405422923,48.19622124778739,0
51764.94915042941,0.612171618618584,-0.4851100193040616,62.397991054573694,0
43192.56033750895,-1.3395179235650372,0.019259309031212417,481.64465094126365,0
54764.12249100478,-0.2526248688026368,0.23422041359956,7.646416167692325,0
45952.43626923013,-0.2134326970879245,0.7349648157519848,154.92509958806835,0
106635.90719727181,-0.6078099800296577,0.394111930370858,74.38433336160287,0
30611.483616508285,-0.04991023304116202,-0.7687668285606931,68.18043778352299,0
135134.4535494427,0.4050353858557128,-0.4880128031720859,101.85542067674741,0
162787.6603276293,-2.051052407853855,-1.56410176347928,33.040294658606896,0
72350.52076702383,1.385575233941481,0.3108383975387898,117.17741008749924,0
36482.56287402887,0.8410412769616195,0.14240486662813231,20.04649878673098,0
4460.297520871351,0.18217062771210168,-0.1752433629643115,95.41806484358126,0
157902.6431012992,-0.07502700039680087,-0.5160265317217283,44.22094506222526,0
72420.38892007234,-0.6075209099207104,-1.5748799874627346,21.27260941395246,0
106896.04615558384,-0.10737861841004537,-0.7185427067790403,18.25567198694131,0
98802.26243395008,0.22399496890104872,-1.959181608735977,70.72708065821725,0
110759.97496527337,-1.4266492108103472,-0.2552061344396246,175.82997811946194,0
113214.01786980561,-1.3070983443991324,0.030848667053507126,148.98414217983523,0
79884.67294090493,0.5259372802546505,-1.4317296965247415,142.80711432810375,0
126861.33756239647,0.6184072157441348,-1.1424818981184228,49.926663180860544,0
101857.64938295567,-0.8781217036054526,-0.563066199795102,119.32790493491693,0
115581.86456383043,0.3510912916767348,0.7560878806950055,55.910655259886035,0
32094.674842496075,0.9859483833147212,0.1973684622346911,43.28643107379287,0
14122.139745043283,-0.5417732360116019,-0.33420699806644877,58.75235096475107,0
80576.53855600068,-0.6760543665488049,1.6881570529027907,27.09804139433951,0
39221.891620678834,-3.6908490446393363,1.535034774207174,147.0660647004139,1
83725.57184100848,-0.31167588576523414,0.7641582999318943,125.59903755477393,0
24206.517832871352,0.6823387820596591,0.8564598131487865,71.78523670871729,0
120033.95769683617,-1.2298831152865406,1.4536341508749477,10.562001893888173,0
36343.04652618514,0.8892634247589758,0.636180488684036,168.52476958624527,0
61041.84338915669,-0.4625329663133788,0.3594859397738579,21.7957371446947,0
88541.47942250801,-0.9023171545945426,-0.9977562791069342,102.03868506047105,0
59035.584272935994,-4.248105701599195,2.6012092386378534,85.54441011391049,1
100603.94341146287,-0.5224147283775092,-0.19629361774576656,34.64229606401631,0
135760.59960426408,-1.0944943608348963,1.2716967915225579,274.8339034525455,0
144978.73822967225,-1.5144140623981206,1.0867589770265649,224.18425392251316,0
164231.10444842934,-0.578212098219754,-0.12715602945673044,82.78980621910509,0
105915.95985505401,-1.7737751322025186,-0.8153111147881075,7.8564413562354085,0
22586.753100706468,-0.05195477090077795,0.6209333956139913,15.446289486438646,0
254.67645651461268,-0.6849961501263927,1.9306582590562598,46.86696741578028,0
126558.9012772879,0.8983025496890353,-0.2705053040961747,116.33712710414692,0
105332.71691172618,-0.61836502004413,0.6984251343843719,92.05382528567208,0
125787.91224506662,-0.7178532143540355,3.140422910102237,49.38126910895947,0
41047.486546846056,-0.9948563524675411,0.4300135238113549,156.03728729365255,0
110698.30371724773,-1.0002705227767883,0.3132382490007116,5.11944793597918,0
98630.49104678797,0.5568747223681456,0.5209768734917716,87.1019575378277,0
7201.077224092001,-0.32461967439794126,0.8762125793216632,55.436552789562555,0
152662.7110439913,-0.3492618853479615,1.8146491673230778,475.20373464605257,0
145993.76889210357,1.6037018554669304,0.14405223152649677,52.59570214655144,0
36085.98565346515,1.2983344897754168,-0.9231191842365297,112.49739758156089,0
113780.47702897593,1.4901375220998412,0.26960369406324414,58.80250821047314,0
125011.06485492879,0.4838411250264615,-0.55404438408808,6.352718059467067,0
86990.50440371927,1.2663302679562887,0.4396697222730237,52.45583224591978,0
62450.573022809804,1.1850069835830157,0.31015382610150705,190.3401646459337,0
100221.19846758108,-0.8577331766050195,-0.16683966769392072,34.01121637205948,0
155020.65291980532,-0.013973228476073308,-0.02469764308499223,5.800989515829795,0
114223.26313393695,-1.315438265887262,2.0725985407625185,129.04520896821722,0
270.45017708651784,-0.7684355169034929,0.28729657274908715,117.91879800679989,0
7614.580879361904,0.753213446416157,0.30193063500302136,70.10144369665628,0
131752.86089599133,0.5303691889987993,1.799738291727098,25.64957540440201,0
84357.10229370867,-1.2212973846052253,-0.06088597690670255,60.176692526913754,0
119112.83921134488,-0.3525930970644072,-0.7906736399225947,164.94796268476165,0
24683.091519916547,-0.4496501938428139,0.505864358116156,172.92651564134178,0
27929.44179554926,-0.1821605838579241,-1.3317474843981763,90.58686558590247,0
57936.2198535295,-0.18716554786386091,0.6685626163371267,18.058721339603206,0
73627.20873625619,0.1351762413426691,0.18933403618016584,37.180382671479165,0
28641.561952922944,1.2721985542500975,0.0731042543807433,143.0966948481833,0
37331.39793765881,-0.6920651986646917,-0.5317757009616373,69.31242575875675,0
144833.17967803744,-0.15914947153772793,-0.18194543834241864,181.77042482917778,0
35448.12987529084,-0.7346710936768595,2.307688227735451,45.95178858802994,0
60278.15360885129,-0.3330397757389188,0.5670218329032266,1.630312731470651,0
14100.258816836069,1.1575196058099577,0.7158646295711472,7.937367768076965,0
112518.30266755329,-0.9684836469618956,-2.2295755741118772,115.18520016219658,0
26673.87719938216,1.0219627766781416,-0.5913493797982777,364.38808961208133,0
128153.1952716864,-2.8914821740212275,4.40733632332565,74.90036752784013,1
150580.3451081796,-1.0867108113847272,-0.49491019549030185,9.710894824283832,0
166145.8736864066,-0.1664855842815459,1.330803915639862,289.8142117671535,0
69001.79025184845,0.5712242102362395,1.4922645094750588,208.88755022954572,0
119384.75114798218,-1.4208939852234432,0.2710342528612446,42.34863891727145,0
144846.21676293513,-0.35166018383421516,0.02080402377254423,128.7294375898681,0
22933.28229864083,0.2690526930157071,-0.36143419635031226,43.41655973732678,0
124482.35495573783,0.05996285769570662,1.9961523197549256,149.57244729965961,0
146277.67772568006,0.36849758683903877,-0.4901673153765603,133.76101971955475,0
49756.9552144115,1.3071354231507137,0.5208656925615726,201.437822945182,0
38035.23711634134,0.30297187358728317,-1.1442548162646202,3.6226054863261385,0
92371.83307021014,-2.408033874965001,3.37581164213798,106.20242741519309,1
9608.634146383596,-1.6833821330428256,-0.1890579208523746,4.878847333678189,0
112235.1430534469,-1.7959827345840234,0.15485044831038394,102.81155919396616,0
9859.055814936746,0.046637366565965746,-0.035757644373514225,37.31792368620591,0
40992.789611979846,-0.20937561331191326,0.20485730021769077,76.07988709922614,0
40360.43999265598,0.9389088320395578,0.7203574983935084,84.08869991736715,0
69535.80160692107,-2.0615231121122495,-0.1558090821819066,11.607312874179664,0
110906.41250328803,0.4718699478766758,1.3747979700547797,10.293964931626208,0
40215.45869260735,-0.11335479410729969,-1.1937118542442775,27.138139124312797,0
117763.67040029498,-1.167757415899921,0.37574688171965837,209.00000723654847,0
96707.29250653875,0.2472714521087559,-0.8319711080785314,126.39200446375139,0
49664.37826925218,-0.6650459180031121,-0.7746840576638448,75.89636834141359,0
62289.994488460514,-0.49094894973186637,0.5740812821065351,48.78301556509581,0
123394.22187248353,0.0689061331209721,-1.2500256555876041,41.528097214585664,0
32025.055022561857,-0.10205639062884797,2.0920985716179086,178.73158642037603,0
96605.44443877286,-0.2610087241723136,-0.5210889621309163,108.53230964231729,0
38934.765495573425,1.5891473016364572,0.09852602490538785,67.89413149264057,0
93167.06860948398,-0.7322995497370884,-2.196446261643099,162.16018753845748,0
85875.28984612747,0.7985013379072202,0.16502526243871166,120.75383170212906,0
84507.56359763614,-0.5400649772570092,1.7102638082899666,222.7096920628035,1
116425.07650669072,-1.7346745631668194,1.3214891118397414,139.9522070323263,1
150451.60909688944,1.134768614866765,0.1331664893627056,174.49796973994435,0
80195.64355356547,-1.8897034836215454,-0.3588263709435495,79.10360651067413,0
51371.84856510725,1.6652522339446956,-0.8511147868343866,87.91734072084319,0
13723.666961296885,2.171802667396602,1.187051150666382,25.550793270578264,0
83648.51764592284,1.4545384608877576,0.048668043162752445,68.7922812838486,0
166592.75036949068,-1.410467416412775,0.31103906536807824,92.5369765166094,0
11060.296693969696,-0.42999140861483903,1.0751207489817565,42.7737988273552,0
37612.92664751663,-0.21583075543615446,2.008909419096128,44.330765874674114,0
52405.945499680514,0.3149718715553322,2.418355753572451,154.68895018360604,0
108432.94404413435,1.6666632592275232,-0.6545649415957304,156.9430186687008,0
56820.548364239694,-0.4172653653223936,0.047104697759313356,242.3868603699471,0
93468.38466322036,-0.10798368601261019,1.6888221923026767,2.1762548112560425,0
29985.0361896687,0.8571583884232884,-2.133184427628144,71.31044746283352,0
84301.17879047543,-0.7756063614376031,1.2204763910810745,74.7444517345347,0
150830.10804654684,0.4819678270528922,0.6196566917631479,1.3874909707995635,0
2513.3182274099972,-0.7234866224198,-0.5969870310455316,28.80214622121059,0
122985.70083291722,0.04621160367091715,0.7936392943301029,70.06017370764467,0
76163.80267092583,-0.7101366068373821,-0.29409430838863376,48.34456349647304,0
56088.43140676671,-0.03494150045863278,0.3094161851420503,19.070908927851434,0
17534.28260725035,0.2811920179102754,0.4379522629797555,142.44395826198598,0
134820.7456669575,1.512067949141453,-0.548853859632253,9.244958270417664,0
64507.849853141306,-0.5140888043678978,-0.4020493002747899,20.82860991160926,0
137590.8957140637,-0.17017253140078376,0.08329463754680776,17.37569169501864,0
53486.37209427743,-1.7794389254234309,-0.4111733955533163,23.327399371225148,0
55140.56177643457,-0.2822405919232288,-0.5753373680430791,112.01997458875466,0
91855.66798426714,-0.18770160587403686,-1.0308251267194486,74.98849061991211,0
91746.03082960981,0.3736534056211483,-0.3869848388781598,6.609556477267659,0
101365.94243672192,1.2428268933268276,-0.6525979093314883,72.66948104497759,0
79430.08960557987,-2.0843316213428005,-1.018037671922815,34.514539872283144,0
81874.33834716518,-0.8866391692045981,-0.5837206456894258,13.38772051610912,0
73289.7800010523,-0.45121882694387655,0.27194059094054035,41.82839953912956,0
26696.25285205118,-0.25308684101411083,0.5206777670800737,52.4734739306055,0
100304.80145171066,2.3491085580250326,0.31312341719299164,180.44683458514407,0
70040.22231979354,-0.7721489637119425,-2.0471668851634712,24.37138796406337,0
44705.3717644602,-0.6032968487781549,0.6330665474972272,142.14751332737896,0
111074.98818349022,-1.015507438813321,0.05523043648111129,8.19588195415411,0
110943.06845546092,0.8790141545570074,1.0531214525238028,31.953723974531535,0
74923.10656691575,1.598110895751759,-0.9748843046390414,77.34240152128541,0
109573.17662183005,-0.0006084823222894505,0.3763259576465752,124.99597294000908,0
142107.47329282924,-1.1013266287697099,-0.09779499708420289,200.38506723500595,0
115641.04837101696,0.757056001819417,0.6287305482596371,220.29870733053508,0
95131.87440702778,0.29457680054031987,0.12476386287738533,86.02531899564924,0
71300.3345702945,0.8406067127833832,0.40394041606830444,74.10711760620454,0
115467.17159030681,0.2802359460024943,-0.9022382027147666,12.319252661248075,0
89688.77800638601,0.4479307327729469,-0.7453933320377297,99.75541359326562,0
169568.13723792424,-0.9607795582448903,-0.7546043823932729,365.6836015270971,0
138841.81804170166,-0.7057555622271979,-1.0702554400144162,151.21647369522483,0
48545.48327397939,1.209230647223938,-0.2422880981783883,117.57722668655296,0
153132.21022395082,-0.8097354673898115,0.20541327045775085,146.34508231426503,0
139346.54505783465,-0.9809467270133695,0.8513421221731372,99.47461508935116,0
47931.468419139725,-0.5499248324643456,0.16387140173645573,73.91574793260668,0
48704.505080843504,0.7980910486615617,-0.5347722560578038,23.952626777353736,0
153354.63286878608,0.9459409606394378,0.16704310416914414,14.814778959796914,0
8863.577103954052,-0.49736953314026283,0.31017582718283815,56.966627894702896,0
118172.75758428073,0.726870523744936,0.49941460793906933,143.35662633134683,0
66411.64462919299,0.4986899121355445,2.2354274347569607,34.34627066022287,0
4682.187504601947,0.40016960520049744,0.7463732418253723,52.303865940903535,0
121592.0781008681,-0.08633785824672688,0.16681605951827747,74.4442989952513,0
31203.419638003234,-0.1453494223138852,-2.9538234854006244,12.50532291278563,0
18131.93483066062,-0.47606255777786693,0.18147788187905595,93.07296247482543,0
29812.125936331366,1.43388446819627,0.6559605521413735,11.90631410349172,0
3479.820298437282,-0.4055033665540877,-0.20110779528942632,257.28395313277105,0
109277.22084394534,1.0945624546137955,-0.2966687366744715,17.44198721834897,0
95730.03455094103,-3.8989541829355883,2.8347077166009322,116.10892819317634,1
15825.382270842381,0.3927683630511244,0.3236324725129776,101.49847314056127,0
138696.76393269876,2.322609225262766,0.7929053718372018,67.68791672083434,0
26169.786190429746,0.4459477771253033,0.2739357369313382,142.2561516663298,0
109262.44752657054,-0.2671374859417547,-0.4753234176821889,3.622943953017602,0
21167.630547722936,0.6877638485617686,0.0100670085225806,47.140888440172844,0
89697.33247153848,-0.9779388355526387,-0.44032568467619043,19.766003116027054,0
70458.87254447213,-1.0828405288683434,0.8452803046068483,183.90540488276758,0
128028.22090307795,1.868527188073091,0.36309843266103875,44.54102909078682,0
26992.495069048276,0.7573042237747472,0.1484636815468889,203.94484857759207,0
51381.90847397677,0.184827033621654,0.6951660176182558,168.89505394251802,0
46845.432650430565,-0.28479555664743317,0.5652002170845991,101.9012141220152,0
67928.3552262645,0.4522743776485788,-0.5560525574794034,233.0906935248424,0
23576.789241803486,-1.0198013336945937,-0.28231204192492954,46.47699385679383,0
161241.98365616676,-0.24258303628979377,0.9964626154129835,39.24919216176002,0
121903.63147298642,-1.177031631453071,-0.07047357387745573,9.57994781293138,0
166861.21531528386,-0.6304584541854775,1.0904721690569938,16.00087059962772,0
110851.9743610803,0.9845928948957969,-0.1921046806296761,25.722596699051838,0
25905.73144586811,-0.5877379693198984,-1.4889222560705766,41.405576494009786,0
90301.23636538956,-1.3376741860876842,-1.4006698548865477,18.394980622500128,0
137862.19852277203,0.6235257988258587,-0.6755685285912163,66.10145456110317,0
109133.60603198755,0.8917005810695752,1.2784852074516722,55.83680394701089,0
42651.16459808871,-1.8190510153025476,-0.0555905231992714,204.3300269152002,0
55584.57421317,0.32548511232461763,1.0759341227007992,52.87228686297013,0
96979.2978152203,-0.01020560039093268,2.6980404568174263,44.19433312602129,0
164838.8581060471,0.7226748248882985,-1.7073429536495999,48.04781678014435,0
88560.45770751331,-1.7759822469618927,1.0363859085870253,64.63155389131569,0
83980.8853282258,-0.7511672196238788,0.5634043604480524,166.71230672045567,0
29191.978898870035,-0.32390885321592183,-1.3803529354131852,27.470999867099394,0
67302.47143913824,-0.7308131256087531,0.06947811622107863,199.81003968307036,0
140119.8187981683,-0.4597413950630392,0.2557842523263653,33.49970818671562,0
102572.77597413961,0.410383276786892,0.07920292868964361,2.373252315837199,0
130014.35406209454,0.8898569517854946,-0.6034378344886075,27.992463232406728,0
47285.06420634134,-0.3746228193260549,0.14674747220522566,6.11164812537204,0
33499.53813949505,-0.7012495444040763,1.4350654120021116,243.2157537315996,0
138762.87514548423,0.7777976308777149,-0.66778239428829,40.01431722231909,0
82933.43063911895,0.3465270183130004,1.1181685483739747,9.01560086736738,0
135439.22035907663,-1.5341246934488515,0.45228999257091806,48.20559934806742,0
32693.032925053325,-0.6992440642290753,-0.38913509597656376,90.31588412589137,0
143913.08910901324,1.8507811424357334,-0.04151796926807157,39.78702096163686,0
162902.76233946258,1.4043162819949524,0.8601507958725464,8.065104055870327,0
41792.075867598054,-0.15974849799158664,-0.6045138605597951,28.368180745339462,0
114284.84159296761,1.2696132625998429,-0.03789283179468944,118.36485096235299,0
45319.22685500977,0.21416894113174983,-0.22617528768076092,267.6948823570861,0
25395.15621684263,-0.9201522314576858,-1.9483785067321513,119.09857297045325,0
122313.90480130403,0.6037814695529586,-0.2911637704263413,1.8084713359121805,0
13281.766607721054,0.5692893232700639,0.42776894435061114,66.17730019191612,0
72157.95805563562,0.30515083587497266,-0.8095668020895723,41.69160777680017,0
91186.75165011261,0.23386510100924698,-1.051547558340161,0.8691022295343085,0
90289.75929158968,1.435856464085898,-0.03193389005081067,3.9731682426890425,0
7447.698826270397,0.11523986697201831,0.3982327846922724,109.00681601440874,0
70258.8448557168,0.809861984870875,-0.0060618257735948035,375.5924605557352,0
151923.3015054956,-1.0730913283626153,-1.7720278284240423,59.51598751606775,0
97561.2624077025,-0.13419768928545298,-0.8667326706603131,154.25437593702296,0
17713.680996789375,1.8481091041055524,-0.7875514406287065,1.9559773073281457,0
49836.45965507926,0.12249092537445466,-0.9340055020627144,20.785022169967625,0
28833.442853544486,-1.66871386234613,-0.2462901426088,2.2006505185769907,0
141913.26224732382,0.9057176004973654,0.2962004433548381,214.08530842540264,0
148956.10253670916,0.6357265264405499,0.12540867947584441,1.4305335524566725,0
72128.62134410901,0.07904780215027922,-0.37305866766391554,72.090053707359,0
52346.46049466617,-0.20716168909404023,0.8610979890066731,46.57507519905922,0
44968.88413184763,0.18606843247054689,2.476929133723412,142.76454082290132,0
169537.1744795793,-0.7648492283081031,0.8292736865664673,17.427126097701517,0
40940.466145353814,-2.3690243115812515,0.4220143594106939,29.571496819639815,0
49371.048509505534,1.5741467860324088,0.4543314331522287,132.33906551855532,0
68953.30288861271,-1.331913110391086,0.7034935227111718,77.5771536347652,0
59435.88823716806,0.4288111804330056,1.0681610348759842,71.4967684034727,0
134011.17216489784,0.629360633428892,-2.370885373306438,53.47710225010905,0
